{
 "features": [
  {
   "geometry": {
    "coordinates": [
     121.08011,
     24.74986
    ],
    "type": "Point"
   },
   "properties": {
    "bearing": 180.0,
    "city": "新竹縣",
    "description": "台68線竹東匝道口與北興路三段",
    "id": "000c81c4642e",
    "last_seen": "2026-08-11",
    "section_id": null,
    "section_role": null,
    "source": "gov.tw:7320",
    "speed_limit": 50,
    "type": "fixed"
   },
   "type": "Feature"
  },
  {
   "geometry": {
    "coordinates": [
     120.53958,
     22.726006
    ],
    "type": "Point"
   },
   "properties": {
    "bearing": null,
    "city": "屏東縣",
    "description": "大仁西街與新埔路口",
    "id": "0044182c9b25",
    "last_seen": "2026-08-11",
    "section_id": null,
    "section_role": null,
    "source": "gov.tw:7320",
    "speed_limit": 60,
    "type": "fixed"
   },
   "type": "Feature"
  },
  {
   "geometry": {
    "coordinates": [
     121.285835,
     25.014463
    ],
    "type": "Point"
   },
   "properties": {
    "bearing": null,
    "city": "桃園市",
    "description": "富國路379號對面",
    "id": "00d8f899d968",
    "last_seen": "2026-08-11",
    "section_id": null,
    "section_role": null,
    "source": "gov.tw:7320",
    "speed_limit": 50,
    "type": "fixed"
   },
   "type": "Feature"
  },
  {
   "geometry": {
    "coordinates": [
     121.459366,
     25.154762
    ],
    "type": "Point"
   },
   "properties": {
    "bearing": 180.0,
    "city": "新北市",
    "description": "台2線與紅樹林捷運站前（往臺北）",
    "id": "010ebb183631",
    "last_seen": "2026-08-11",
    "section_id": null,
    "section_role": null,
    "source": "gov.tw:7320",
    "speed_limit": 50,
    "type": "fixed"
   },
   "type": "Feature"
  },
  {
   "geometry": {
    "coordinates": [
     121.44304,
     25.085932
    ],
    "type": "Point"
   },
   "properties": {
    "bearing": 45.0,
    "city": "新北市",
    "description": "新五路2段572號（往成泰路）",
    "id": "011763e30553",
    "last_seen": "2026-08-11",
    "section_id": null,
    "section_role": null,
    "source": "gov.tw:7320",
    "speed_limit": 50,
    "type": "fixed"
   },
   "type": "Feature"
  },
  {
   "geometry": {
    "coordinates": [
     120.68622,
     24.183264
    ],
    "type": "Point"
   },
   "properties": {
    "bearing": 0.0,
    "city": "臺中市",
    "description": "北屯區崇德路與崇德八路口",
    "id": "012adf4e478a",
    "last_seen": "2026-08-11",
    "section_id": null,
    "section_role": null,
    "source": "gov.tw:7320",
    "speed_limit": 50,
    "type": "fixed"
   },
   "type": "Feature"
  },
  {
   "geometry": {
    "coordinates": [
     120.55435,
     23.55886
    ],
    "type": "Point"
   },
   "properties": {
    "bearing": 180.0,
    "city": "嘉義縣",
    "description": "台3線272.2K(大南國小)",
    "id": "013f0ca359e7",
    "last_seen": "2026-08-11",
    "section_id": null,
    "section_role": null,
    "source": "gov.tw:7320",
    "speed_limit": 60,
    "type": "fixed"
   },
   "type": "Feature"
  },
  {
   "geometry": {
    "coordinates": [
     121.83417,
     24.60313
    ],
    "type": "Point"
   },
   "properties": {
    "bearing": null,
    "city": "宜蘭縣",
    "description": "台9線102k+200m聖湖段南下",
    "id": "015ddbdfc022",
    "last_seen": "2026-08-11",
    "section_id": null,
    "section_role": null,
    "source": "gov.tw:7320",
    "speed_limit": 60,
    "type": "fixed"
   },
   "type": "Feature"
  },
  {
   "geometry": {
    "coordinates": [
     120.92676,
     24.78748
    ],
    "type": "Point"
   },
   "properties": {
    "bearing": 180.0,
    "city": "新竹市",
    "description": "中華路五段74號前",
    "id": "018cd00e6673",
    "last_seen": "2026-08-11",
    "section_id": null,
    "section_role": null,
    "source": "gov.tw:7320",
    "speed_limit": 60,
    "type": "fixed"
   },
   "type": "Feature"
  },
  {
   "geometry": {
    "coordinates": [
     118.32067,
     24.439543
    ],
    "type": "Point"
   },
   "properties": {
    "bearing": null,
    "city": "金門縣",
    "description": "金城鎮民權路(永豐銀行段)",
    "id": "01c92e2cdbe6",
    "last_seen": "2026-08-11",
    "section_id": null,
    "section_role": null,
    "source": "gov.tw:7320",
    "speed_limit": 50,
    "type": "fixed"
   },
   "type": "Feature"
  },
  {
   "geometry": {
    "coordinates": [
     121.56824,
     25.293732
    ],
    "type": "Point"
   },
   "properties": {
    "bearing": 180.0,
    "city": "新北市",
    "description": "台2線28.5公里處（往淡水）",
    "id": "0200b2fad025",
    "last_seen": "2026-08-11",
    "section_id": null,
    "section_role": null,
    "source": "gov.tw:7320",
    "speed_limit": 50,
    "type": "fixed"
   },
   "type": "Feature"
  },
  {
   "geometry": {
    "coordinates": [
     120.79818,
     24.606695
    ],
    "type": "Point"
   },
   "properties": {
    "bearing": null,
    "city": "苗栗縣",
    "description": "台72線3.4公里處",
    "id": "02014b37a66c",
    "last_seen": "2026-08-11",
    "section_id": null,
    "section_role": null,
    "source": "gov.tw:7320",
    "speed_limit": 90,
    "type": "fixed"
   },
   "type": "Feature"
  },
  {
   "geometry": {
    "coordinates": [
     120.44376,
     24.13864
    ],
    "type": "Point"
   },
   "properties": {
    "bearing": 180.0,
    "city": "彰化縣",
    "description": "線西鄉台61線170.11公里(快速道路)(20公噸以上大貨車速限80公里/小時)",
    "id": "0204cae5a9fc",
    "last_seen": "2026-08-11",
    "section_id": null,
    "section_role": null,
    "source": "gov.tw:7320",
    "speed_limit": 90,
    "type": "fixed"
   },
   "type": "Feature"
  },
  {
   "geometry": {
    "coordinates": [
     120.611015,
     24.154503
    ],
    "type": "Point"
   },
   "properties": {
    "bearing": null,
    "city": "臺中市",
    "description": "南屯區五權西路三段225-7號前",
    "id": "0241f57b8b0c",
    "last_seen": "2026-08-11",
    "section_id": null,
    "section_role": null,
    "source": "gov.tw:7320",
    "speed_limit": 50,
    "type": "fixed"
   },
   "type": "Feature"
  },
  {
   "geometry": {
    "coordinates": [
     120.72522,
     24.15363
    ],
    "type": "Point"
   },
   "properties": {
    "bearing": null,
    "city": "臺中市",
    "description": "太平區祥順路一段310號前",
    "id": "0254d408edd7",
    "last_seen": "2026-08-11",
    "section_id": null,
    "section_role": null,
    "source": "gov.tw:7320",
    "speed_limit": 50,
    "type": "fixed"
   },
   "type": "Feature"
  },
  {
   "geometry": {
    "coordinates": [
     120.5143,
     24.167889
    ],
    "type": "Point"
   },
   "properties": {
    "bearing": null,
    "city": "彰化縣",
    "description": "伸港鄉濱海路與工五路口",
    "id": "0268f1b633f1",
    "last_seen": "2026-08-11",
    "section_id": null,
    "section_role": null,
    "source": "gov.tw:7320",
    "speed_limit": 50,
    "type": "fixed"
   },
   "type": "Feature"
  },
  {
   "geometry": {
    "coordinates": [
     120.52612,
     24.114113
    ],
    "type": "Point"
   },
   "properties": {
    "bearing": null,
    "city": "彰化縣",
    "description": "和美鎮線東路五段291號南側170公尺處",
    "id": "02cfa1faa07b",
    "last_seen": "2026-08-11",
    "section_id": null,
    "section_role": null,
    "source": "gov.tw:7320",
    "speed_limit": 60,
    "type": "fixed"
   },
   "type": "Feature"
  },
  {
   "geometry": {
    "coordinates": [
     120.285706,
     23.154694
    ],
    "type": "Point"
   },
   "properties": {
    "bearing": null,
    "city": "臺南市",
    "description": "臺19甲線21.3公里處",
    "id": "02fb1887a156",
    "last_seen": "2026-08-11",
    "section_id": null,
    "section_role": null,
    "source": "gov.tw:7320",
    "speed_limit": 70,
    "type": "fixed"
   },
   "type": "Feature"
  },
  {
   "geometry": {
    "coordinates": [
     121.586235,
     25.04997
    ],
    "type": "Point"
   },
   "properties": {
    "bearing": 90.0,
    "city": "臺北市",
    "description": "市民大道7段東新街  往東約100公尺處(忠孝東路6段159巷口)",
    "id": "0330c881d2ad",
    "last_seen": "2026-08-11",
    "section_id": null,
    "section_role": null,
    "source": "gov.tw:7320",
    "speed_limit": 50,
    "type": "fixed"
   },
   "type": "Feature"
  },
  {
   "geometry": {
    "coordinates": [
     120.92646,
     24.811949
    ],
    "type": "Point"
   },
   "properties": {
    "bearing": null,
    "city": "新竹市",
    "description": "延平路二段961之1號旁",
    "id": "03353506f662",
    "last_seen": "2026-08-11",
    "section_id": null,
    "section_role": null,
    "source": "gov.tw:7320",
    "speed_limit": 50,
    "type": "fixed"
   },
   "type": "Feature"
  },
  {
   "geometry": {
    "coordinates": [
     121.82835,
     24.664686
    ],
    "type": "Point"
   },
   "properties": {
    "bearing": null,
    "city": "宜蘭縣",
    "description": "台2線157k+200m利澤段北上",
    "id": "036b492dbf16",
    "last_seen": "2026-08-11",
    "section_id": null,
    "section_role": null,
    "source": "gov.tw:7320",
    "speed_limit": 60,
    "type": "fixed"
   },
   "type": "Feature"
  },
  {
   "geometry": {
    "coordinates": [
     120.51747,
     23.950142
    ],
    "type": "Point"
   },
   "properties": {
    "bearing": null,
    "city": "彰化縣",
    "description": "埔心鄉員鹿路5段與羅厝路3段口",
    "id": "039f284f7fe9",
    "last_seen": "2026-08-11",
    "section_id": null,
    "section_role": null,
    "source": "gov.tw:7320",
    "speed_limit": 60,
    "type": "fixed"
   },
   "type": "Feature"
  },
  {
   "geometry": {
    "coordinates": [
     120.43957,
     23.578737
    ],
    "type": "Point"
   },
   "properties": {
    "bearing": null,
    "city": "嘉義縣",
    "description": "民雄鄉台1線255.5K(鎮北段)",
    "id": "03b691871b9a",
    "last_seen": "2026-08-11",
    "section_id": null,
    "section_role": null,
    "source": "gov.tw:7320",
    "speed_limit": 70,
    "type": "fixed"
   },
   "type": "Feature"
  },
  {
   "geometry": {
    "coordinates": [
     121.54652,
     25.132162
    ],
    "type": "Point"
   },
   "properties": {
    "bearing": null,
    "city": "臺北市",
    "description": "仰德大道四段75號格致國中前",
    "id": "03ba1b083fb6",
    "last_seen": "2026-08-11",
    "section_id": null,
    "section_role": null,
    "source": "gov.tw:7320",
    "speed_limit": 40,
    "type": "fixed"
   },
   "type": "Feature"
  },
  {
   "geometry": {
    "coordinates": [
     121.70991,
     25.141825
    ],
    "type": "Point"
   },
   "properties": {
    "bearing": 270.0,
    "city": "基隆市",
    "description": "基金一路208巷口",
    "id": "03f0747dc5a7",
    "last_seen": "2026-08-11",
    "section_id": null,
    "section_role": null,
    "source": "gov.tw:7320",
    "speed_limit": 50,
    "type": "fixed"
   },
   "type": "Feature"
  },
  {
   "geometry": {
    "coordinates": [
     120.92912,
     24.686438
    ],
    "type": "Point"
   },
   "properties": {
    "bearing": 270.0,
    "city": "苗栗縣",
    "description": "中正一路與124甲線路口",
    "id": "04323ff0b742",
    "last_seen": "2026-08-11",
    "section_id": null,
    "section_role": null,
    "source": "gov.tw:7320",
    "speed_limit": 50,
    "type": "fixed"
   },
   "type": "Feature"
  },
  {
   "geometry": {
    "coordinates": [
     120.1784,
     23.032488
    ],
    "type": "Point"
   },
   "properties": {
    "bearing": null,
    "city": "臺南市",
    "description": "海尾路(路燈桿編號：131387附近)",
    "id": "04505210aea9",
    "last_seen": "2026-08-11",
    "section_id": null,
    "section_role": null,
    "source": "gov.tw:7320",
    "speed_limit": 60,
    "type": "fixed"
   },
   "type": "Feature"
  },
  {
   "geometry": {
    "coordinates": [
     120.42198,
     22.936176
    ],
    "type": "Point"
   },
   "properties": {
    "bearing": null,
    "city": "臺南市",
    "description": "市道182線27.68K處",
    "id": "04983317ec52",
    "last_seen": "2026-08-11",
    "section_id": null,
    "section_role": null,
    "source": "gov.tw:7320",
    "speed_limit": 50,
    "type": "fixed"
   },
   "type": "Feature"
  },
  {
   "geometry": {
    "coordinates": [
     121.61,
     23.989222
    ],
    "type": "Point"
   },
   "properties": {
    "bearing": null,
    "city": "花蓮縣",
    "description": "花蓮市尚志路18-1號前",
    "id": "04a185ea2e56",
    "last_seen": "2026-08-11",
    "section_id": null,
    "section_role": null,
    "source": "gov.tw:7320",
    "speed_limit": 50,
    "type": "fixed"
   },
   "type": "Feature"
  },
  {
   "geometry": {
    "coordinates": [
     120.622444,
     22.576473
    ],
    "type": "Point"
   },
   "properties": {
    "bearing": null,
    "city": "屏東縣",
    "description": "185線41.88K赤心橋",
    "id": "04b47da9a55f",
    "last_seen": "2026-08-11",
    "section_id": null,
    "section_role": null,
    "source": "gov.tw:7320",
    "speed_limit": 60,
    "type": "fixed"
   },
   "type": "Feature"
  },
  {
   "geometry": {
    "coordinates": [
     120.434944,
     22.58241
    ],
    "type": "Point"
   },
   "properties": {
    "bearing": 0.0,
    "city": "高雄市",
    "description": "大寮區河堤路三段/光華路口",
    "id": "04c69c69cb80",
    "last_seen": "2026-08-11",
    "section_id": null,
    "section_role": null,
    "source": "gov.tw:7320",
    "speed_limit": 50,
    "type": "fixed"
   },
   "type": "Feature"
  },
  {
   "geometry": {
    "coordinates": [
     118.43147,
     24.458809
    ],
    "type": "Point"
   },
   "properties": {
    "bearing": null,
    "city": "金門縣",
    "description": "金湖鎮黃海路(陽明湖路段)",
    "id": "04fb2a33296d",
    "last_seen": "2026-08-11",
    "section_id": null,
    "section_role": null,
    "source": "gov.tw:7320",
    "speed_limit": 60,
    "type": "fixed"
   },
   "type": "Feature"
  },
  {
   "geometry": {
    "coordinates": [
     118.32049,
     24.441479
    ],
    "type": "Point"
   },
   "properties": {
    "bearing": null,
    "city": "金門縣",
    "description": "金城鎮環島西路二段(長伶旅行社旁)",
    "id": "0549f291032d",
    "last_seen": "2026-08-11",
    "section_id": null,
    "section_role": null,
    "source": "gov.tw:7320",
    "speed_limit": 60,
    "type": "fixed"
   },
   "type": "Feature"
  },
  {
   "geometry": {
    "coordinates": [
     121.74661,
     25.129442
    ],
    "type": "Point"
   },
   "properties": {
    "bearing": 270.0,
    "city": "基隆市",
    "description": "信一路義三路口",
    "id": "056578edb2b3",
    "last_seen": "2026-08-11",
    "section_id": null,
    "section_role": null,
    "source": "gov.tw:7320",
    "speed_limit": 50,
    "type": "fixed"
   },
   "type": "Feature"
  },
  {
   "geometry": {
    "coordinates": [
     120.4854,
     22.495436
    ],
    "type": "Point"
   },
   "properties": {
    "bearing": null,
    "city": "屏東縣",
    "description": "187線33.229K",
    "id": "056ae885a9a9",
    "last_seen": "2026-08-11",
    "section_id": null,
    "section_role": null,
    "source": "gov.tw:7320",
    "speed_limit": 60,
    "type": "fixed"
   },
   "type": "Feature"
  },
  {
   "geometry": {
    "coordinates": [
     120.32004,
     22.630129
    ],
    "type": "Point"
   },
   "properties": {
    "bearing": 270.0,
    "city": "高雄市",
    "description": "中正地下道(東向西出口)",
    "id": "059fee2c1671",
    "last_seen": "2026-08-11",
    "section_id": null,
    "section_role": null,
    "source": "gov.tw:7320",
    "speed_limit": 50,
    "type": "fixed"
   },
   "type": "Feature"
  },
  {
   "geometry": {
    "coordinates": [
     120.45548,
     22.487177
    ],
    "type": "Point"
   },
   "properties": {
    "bearing": null,
    "city": "屏東縣",
    "description": "台17線253.5K與學仁路口",
    "id": "05c5daa9069f",
    "last_seen": "2026-08-11",
    "section_id": null,
    "section_role": null,
    "source": "gov.tw:7320",
    "speed_limit": 70,
    "type": "fixed"
   },
   "type": "Feature"
  },
  {
   "geometry": {
    "coordinates": [
     121.4609,
     25.03921
    ],
    "type": "Point"
   },
   "properties": {
    "bearing": 225.0,
    "city": "新北市",
    "description": "中正路與思源路口（往桃園）",
    "id": "05cb69a3d4ad",
    "last_seen": "2026-08-11",
    "section_id": null,
    "section_role": null,
    "source": "gov.tw:7320",
    "speed_limit": 50,
    "type": "fixed"
   },
   "type": "Feature"
  },
  {
   "geometry": {
    "coordinates": [
     120.88559,
     24.736444
    ],
    "type": "Point"
   },
   "properties": {
    "bearing": null,
    "city": "新竹市",
    "description": "台61線西濱快速公路85.2公里處",
    "id": "05ce00a823d6",
    "last_seen": "2026-08-11",
    "section_id": null,
    "section_role": null,
    "source": "gov.tw:7320",
    "speed_limit": 80,
    "type": "fixed"
   },
   "type": "Feature"
  },
  {
   "geometry": {
    "coordinates": [
     121.79258,
     24.683813
    ],
    "type": "Point"
   },
   "properties": {
    "bearing": null,
    "city": "宜蘭縣",
    "description": "191線與196線路口北上",
    "id": "062aa87e270a",
    "last_seen": "2026-08-11",
    "section_id": null,
    "section_role": null,
    "source": "gov.tw:7320",
    "speed_limit": 60,
    "type": "fixed"
   },
   "type": "Feature"
  },
  {
   "geometry": {
    "coordinates": [
     120.44583,
     23.709593
    ],
    "type": "Point"
   },
   "properties": {
    "bearing": 90.0,
    "city": "雲林縣",
    "description": "虎尾鎮文科路與光復路路口",
    "id": "06332d42e68a",
    "last_seen": "2026-08-11",
    "section_id": null,
    "section_role": null,
    "source": "gov.tw:7320",
    "speed_limit": 60,
    "type": "fixed"
   },
   "type": "Feature"
  },
  {
   "geometry": {
    "coordinates": [
     120.17719,
     22.983109
    ],
    "type": "Point"
   },
   "properties": {
    "bearing": 90.0,
    "city": "臺南市",
    "description": "健康路與文平路口",
    "id": "064fd20cf5fe",
    "last_seen": "2026-08-11",
    "section_id": null,
    "section_role": null,
    "source": "gov.tw:7320",
    "speed_limit": 50,
    "type": "fixed"
   },
   "type": "Feature"
  },
  {
   "geometry": {
    "coordinates": [
     121.78324,
     24.377888
    ],
    "type": "Point"
   },
   "properties": {
    "bearing": null,
    "city": "宜蘭縣",
    "description": "台9線135K+910m觀音隧道南下",
    "id": "06698724382a",
    "last_seen": "2026-08-11",
    "section_id": null,
    "section_role": null,
    "source": "gov.tw:7320",
    "speed_limit": 70,
    "type": "fixed"
   },
   "type": "Feature"
  },
  {
   "geometry": {
    "coordinates": [
     121.23328,
     24.903872
    ],
    "type": "Point"
   },
   "properties": {
    "bearing": null,
    "city": "桃園市",
    "description": "快速路一段(台66線快速道路24k+160下方)",
    "id": "066f6d7d5fb1",
    "last_seen": "2026-08-11",
    "section_id": null,
    "section_role": null,
    "source": "gov.tw:7320",
    "speed_limit": 50,
    "type": "fixed"
   },
   "type": "Feature"
  },
  {
   "geometry": {
    "coordinates": [
     121.7531,
     25.10219
    ],
    "type": "Point"
   },
   "properties": {
    "bearing": 270.0,
    "city": "基隆市",
    "description": "台62線快速道路11.3K至6.2K(東往西)區間測速",
    "id": "069cf9385460",
    "last_seen": "2026-08-11",
    "section_id": null,
    "section_role": null,
    "source": "gov.tw:7320",
    "speed_limit": 80,
    "type": "fixed"
   },
   "type": "Feature"
  },
  {
   "geometry": {
    "coordinates": [
     120.133705,
     23.175344
    ],
    "type": "Point"
   },
   "properties": {
    "bearing": null,
    "city": "臺南市",
    "description": "臺17線153.95公里處",
    "id": "06e2fd6812e3",
    "last_seen": "2026-08-11",
    "section_id": null,
    "section_role": null,
    "source": "gov.tw:7320",
    "speed_limit": 60,
    "type": "fixed"
   },
   "type": "Feature"
  },
  {
   "geometry": {
    "coordinates": [
     120.55131,
     24.013025
    ],
    "type": "Point"
   },
   "properties": {
    "bearing": null,
    "city": "彰化縣",
    "description": "花壇鄉中山路1段95號(福安宮前)",
    "id": "06f4a8b7fb23",
    "last_seen": "2026-08-11",
    "section_id": null,
    "section_role": null,
    "source": "gov.tw:7320",
    "speed_limit": 70,
    "type": "fixed"
   },
   "type": "Feature"
  },
  {
   "geometry": {
    "coordinates": [
     120.23616,
     22.962046
    ],
    "type": "Point"
   },
   "properties": {
    "bearing": 180.0,
    "city": "臺南市",
    "description": "崇善路-德東街口",
    "id": "070061d8b276",
    "last_seen": "2026-08-11",
    "section_id": null,
    "section_role": null,
    "source": "gov.tw:7320",
    "speed_limit": 40,
    "type": "fixed"
   },
   "type": "Feature"
  },
  {
   "geometry": {
    "coordinates": [
     120.69065,
     24.22982
    ],
    "type": "Point"
   },
   "properties": {
    "bearing": null,
    "city": "臺中市",
    "description": "神岡區崇德路3之1號前",
    "id": "0700acdf93e1",
    "last_seen": "2026-08-11",
    "section_id": null,
    "section_role": null,
    "source": "gov.tw:7320",
    "speed_limit": 60,
    "type": "fixed"
   },
   "type": "Feature"
  },
  {
   "geometry": {
    "coordinates": [
     120.75758,
     24.610762
    ],
    "type": "Point"
   },
   "properties": {
    "bearing": 180.0,
    "city": "苗栗縣",
    "description": "台61線105.3公里處",
    "id": "070189732986",
    "last_seen": "2026-08-11",
    "section_id": null,
    "section_role": null,
    "source": "gov.tw:7320",
    "speed_limit": 50,
    "type": "fixed"
   },
   "type": "Feature"
  },
  {
   "geometry": {
    "coordinates": [
     121.49712,
     25.019234
    ],
    "type": "Point"
   },
   "properties": {
    "bearing": null,
    "city": "臺北市",
    "description": "萬大路華中橋頭",
    "id": "07194f71db8c",
    "last_seen": "2026-08-11",
    "section_id": null,
    "section_role": null,
    "source": "gov.tw:7320",
    "speed_limit": 50,
    "type": "fixed"
   },
   "type": "Feature"
  },
  {
   "geometry": {
    "coordinates": [
     120.575584,
     23.948732
    ],
    "type": "Point"
   },
   "properties": {
    "bearing": null,
    "city": "彰化縣",
    "description": "員林市員林大道1段(外環道)與員集路口",
    "id": "079330b11148",
    "last_seen": "2026-08-11",
    "section_id": null,
    "section_role": null,
    "source": "gov.tw:7320",
    "speed_limit": 50,
    "type": "fixed"
   },
   "type": "Feature"
  },
  {
   "geometry": {
    "coordinates": [
     120.99802,
     24.795918
    ],
    "type": "Point"
   },
   "properties": {
    "bearing": 270.0,
    "city": "新竹市",
    "description": "光復路二段、建功路口",
    "id": "07c501b7c014",
    "last_seen": "2026-08-11",
    "section_id": null,
    "section_role": null,
    "source": "gov.tw:7320",
    "speed_limit": 50,
    "type": "fixed"
   },
   "type": "Feature"
  },
  {
   "geometry": {
    "coordinates": [
     121.6935,
     25.115122
    ],
    "type": "Point"
   },
   "properties": {
    "bearing": 270.0,
    "city": "基隆市",
    "description": "萬瑞快速道路(台62線)3.4K(西行)",
    "id": "07d6431b4d98",
    "last_seen": "2026-08-11",
    "section_id": null,
    "section_role": null,
    "source": "gov.tw:7320",
    "speed_limit": 80,
    "type": "fixed"
   },
   "type": "Feature"
  },
  {
   "geometry": {
    "coordinates": [
     120.95854,
     24.830074
    ],
    "type": "Point"
   },
   "properties": {
    "bearing": 270.0,
    "city": "新竹市",
    "description": "公道五路四段、防汛道路",
    "id": "07daa49684ee",
    "last_seen": "2026-08-11",
    "section_id": null,
    "section_role": null,
    "source": "gov.tw:7320",
    "speed_limit": 50,
    "type": "fixed"
   },
   "type": "Feature"
  },
  {
   "geometry": {
    "coordinates": [
     120.32532,
     23.27626
    ],
    "type": "Point"
   },
   "properties": {
    "bearing": null,
    "city": "臺南市",
    "description": "臺1線294.1公里",
    "id": "0800a1af326f",
    "last_seen": "2026-08-11",
    "section_id": null,
    "section_role": null,
    "source": "gov.tw:7320",
    "speed_limit": 70,
    "type": "fixed"
   },
   "type": "Feature"
  },
  {
   "geometry": {
    "coordinates": [
     121.76871,
     25.128124
    ],
    "type": "Point"
   },
   "properties": {
    "bearing": 270.0,
    "city": "基隆市",
    "description": "培德路2巷口",
    "id": "08dc5ac9ea7b",
    "last_seen": "2026-08-11",
    "section_id": null,
    "section_role": null,
    "source": "gov.tw:7320",
    "speed_limit": 50,
    "type": "fixed"
   },
   "type": "Feature"
  },
  {
   "geometry": {
    "coordinates": [
     121.44844,
     25.092154
    ],
    "type": "Point"
   },
   "properties": {
    "bearing": 180.0,
    "city": "新北市",
    "description": "台64線快速公路10.4公里（往東）",
    "id": "08e5f7cfaed4",
    "last_seen": "2026-08-11",
    "section_id": null,
    "section_role": null,
    "source": "gov.tw:7320",
    "speed_limit": 80,
    "type": "fixed"
   },
   "type": "Feature"
  },
  {
   "geometry": {
    "coordinates": [
     121.69944,
     25.0925
    ],
    "type": "Point"
   },
   "properties": {
    "bearing": 180.0,
    "city": "基隆市",
    "description": "工建西路、工建路口",
    "id": "09328ea30cae",
    "last_seen": "2026-08-11",
    "section_id": null,
    "section_role": null,
    "source": "gov.tw:7320",
    "speed_limit": 50,
    "type": "fixed"
   },
   "type": "Feature"
  },
  {
   "geometry": {
    "coordinates": [
     120.7095,
     22.086386
    ],
    "type": "Point"
   },
   "properties": {
    "bearing": null,
    "city": "屏東縣",
    "description": "屏152線0.93K",
    "id": "097b9103da14",
    "last_seen": "2026-08-11",
    "section_id": null,
    "section_role": null,
    "source": "gov.tw:7320",
    "speed_limit": 50,
    "type": "fixed"
   },
   "type": "Feature"
  },
  {
   "geometry": {
    "coordinates": [
     121.621445,
     25.00007
    ],
    "type": "Point"
   },
   "properties": {
    "bearing": 90.0,
    "city": "新北市",
    "description": "106乙線文山路2段喜樂橋頭（往石碇方向）",
    "id": "09ce71b806f6",
    "last_seen": "2026-08-11",
    "section_id": null,
    "section_role": null,
    "source": "gov.tw:7320",
    "speed_limit": 60,
    "type": "fixed"
   },
   "type": "Feature"
  },
  {
   "geometry": {
    "coordinates": [
     120.131676,
     23.104435
    ],
    "type": "Point"
   },
   "properties": {
    "bearing": 180.0,
    "city": "臺南市",
    "description": "臺17線162.05公里與南38線路口",
    "id": "09ebe537b172",
    "last_seen": "2026-08-11",
    "section_id": null,
    "section_role": null,
    "source": "gov.tw:7320",
    "speed_limit": 70,
    "type": "fixed"
   },
   "type": "Feature"
  },
  {
   "geometry": {
    "coordinates": [
     121.79265,
     24.84562
    ],
    "type": "Point"
   },
   "properties": {
    "bearing": null,
    "city": "宜蘭縣",
    "description": "台9線69ｋ+20ｍ北宜路一段南下",
    "id": "09f03319e249",
    "last_seen": "2026-08-11",
    "section_id": null,
    "section_role": null,
    "source": "gov.tw:7320",
    "speed_limit": 60,
    "type": "fixed"
   },
   "type": "Feature"
  },
  {
   "geometry": {
    "coordinates": [
     120.72009,
     24.33757
    ],
    "type": "Point"
   },
   "properties": {
    "bearing": 0.0,
    "city": "國道一號",
    "description": "國道一號北向157.4公里",
    "id": "0a03b839b945",
    "last_seen": "2026-08-11",
    "section_id": null,
    "section_role": null,
    "source": "gov.tw:7320",
    "speed_limit": 110,
    "type": "fixed"
   },
   "type": "Feature"
  },
  {
   "geometry": {
    "coordinates": [
     120.31906,
     22.679394
    ],
    "type": "Point"
   },
   "properties": {
    "bearing": 180.0,
    "city": "高雄市",
    "description": "左營區民族一路/大中一路口",
    "id": "0a145e15b58b",
    "last_seen": "2026-08-11",
    "section_id": null,
    "section_role": null,
    "source": "gov.tw:7320",
    "speed_limit": 60,
    "type": "fixed"
   },
   "type": "Feature"
  },
  {
   "geometry": {
    "coordinates": [
     120.24613,
     23.76108
    ],
    "type": "Point"
   },
   "properties": {
    "bearing": 0.0,
    "city": "雲林縣",
    "description": "麥寮鄉雲1與雲2-1鄉道路口(雲1鄉道7k+800m處)",
    "id": "0a1ce81879eb",
    "last_seen": "2026-08-11",
    "section_id": null,
    "section_role": null,
    "source": "gov.tw:7320",
    "speed_limit": 60,
    "type": "fixed"
   },
   "type": "Feature"
  },
  {
   "geometry": {
    "coordinates": [
     120.644,
     23.770504
    ],
    "type": "Point"
   },
   "properties": {
    "bearing": 0.0,
    "city": "雲林縣",
    "description": "台3線公路238k+268m處",
    "id": "0a404d751d8d",
    "last_seen": "2026-08-11",
    "section_id": null,
    "section_role": null,
    "source": "gov.tw:7320",
    "speed_limit": 60,
    "type": "fixed"
   },
   "type": "Feature"
  },
  {
   "geometry": {
    "coordinates": [
     121.03848,
     24.7936
    ],
    "type": "Point"
   },
   "properties": {
    "bearing": 90.0,
    "city": "新竹縣",
    "description": "台68線12.3公里處",
    "id": "0a68960e052f",
    "last_seen": "2026-08-11",
    "section_id": null,
    "section_role": null,
    "source": "gov.tw:7320",
    "speed_limit": 90,
    "type": "fixed"
   },
   "type": "Feature"
  },
  {
   "geometry": {
    "coordinates": [
     120.44127,
     22.48791
    ],
    "type": "Point"
   },
   "properties": {
    "bearing": null,
    "city": "屏東縣",
    "description": "鹽洲路（義仁路口附近）",
    "id": "0ae7abc18485",
    "last_seen": "2026-08-11",
    "section_id": null,
    "section_role": null,
    "source": "gov.tw:7320",
    "speed_limit": 50,
    "type": "fixed"
   },
   "type": "Feature"
  },
  {
   "geometry": {
    "coordinates": [
     121.75611,
     25.12801
    ],
    "type": "Point"
   },
   "properties": {
    "bearing": 90.0,
    "city": "基隆市",
    "description": "仁一、月眉路口",
    "id": "0b1f7083fb2c",
    "last_seen": "2026-08-11",
    "section_id": null,
    "section_role": null,
    "source": "gov.tw:7320",
    "speed_limit": 50,
    "type": "fixed"
   },
   "type": "Feature"
  },
  {
   "geometry": {
    "coordinates": [
     121.80138,
     24.828068
    ],
    "type": "Point"
   },
   "properties": {
    "bearing": null,
    "city": "宜蘭縣",
    "description": "191甲線2ｋ+50ｍ中崙段南下",
    "id": "0b85b1f00303",
    "last_seen": "2026-08-11",
    "section_id": null,
    "section_role": null,
    "source": "gov.tw:7320",
    "speed_limit": 60,
    "type": "fixed"
   },
   "type": "Feature"
  },
  {
   "geometry": {
    "coordinates": [
     121.48961,
     25.03056
    ],
    "type": "Point"
   },
   "properties": {
    "bearing": null,
    "city": "臺北市",
    "description": "萬板大橋台北端引道",
    "id": "0bb7237872b1",
    "last_seen": "2026-08-11",
    "section_id": null,
    "section_role": null,
    "source": "gov.tw:7320",
    "speed_limit": 50,
    "type": "fixed"
   },
   "type": "Feature"
  },
  {
   "geometry": {
    "coordinates": [
     120.952415,
     24.61412
    ],
    "type": "Point"
   },
   "properties": {
    "bearing": null,
    "city": "苗栗縣",
    "description": "台3線103.2公里至108公里及台3線114.3公里至123.6公里",
    "id": "0bcd619d4f16",
    "last_seen": "2026-08-11",
    "section_id": null,
    "section_role": null,
    "source": "gov.tw:7320",
    "speed_limit": 60,
    "type": "fixed"
   },
   "type": "Feature"
  },
  {
   "geometry": {
    "coordinates": [
     120.60923,
     24.24623
    ],
    "type": "Point"
   },
   "properties": {
    "bearing": 270.0,
    "city": "臺中市",
    "description": "沙鹿區中清路六段(台10線9.2K)",
    "id": "0c265fd98166",
    "last_seen": "2026-08-11",
    "section_id": null,
    "section_role": null,
    "source": "gov.tw:7320",
    "speed_limit": 70,
    "type": "fixed"
   },
   "type": "Feature"
  },
  {
   "geometry": {
    "coordinates": [
     120.86368,
     24.670029
    ],
    "type": "Point"
   },
   "properties": {
    "bearing": null,
    "city": "苗栗縣",
    "description": "台1己線2.3公里處",
    "id": "0c7146f419b8",
    "last_seen": "2026-08-11",
    "section_id": null,
    "section_role": null,
    "source": "gov.tw:7320",
    "speed_limit": 60,
    "type": "fixed"
   },
   "type": "Feature"
  },
  {
   "geometry": {
    "coordinates": [
     120.95296,
     24.77316
    ],
    "type": "Point"
   },
   "properties": {
    "bearing": 180.0,
    "city": "新竹市",
    "description": "景觀大道、東香路二段口",
    "id": "0c8defd57d55",
    "last_seen": "2026-08-11",
    "section_id": null,
    "section_role": null,
    "source": "gov.tw:7320",
    "speed_limit": 70,
    "type": "fixed"
   },
   "type": "Feature"
  },
  {
   "geometry": {
    "coordinates": [
     121.3079,
     24.938059
    ],
    "type": "Point"
   },
   "properties": {
    "bearing": null,
    "city": "桃園市",
    "description": "興豐路1176號前",
    "id": "0c9801c5a879",
    "last_seen": "2026-08-11",
    "section_id": null,
    "section_role": null,
    "source": "gov.tw:7320",
    "speed_limit": 50,
    "type": "fixed"
   },
   "type": "Feature"
  },
  {
   "geometry": {
    "coordinates": [
     121.32475,
     25.00729
    ],
    "type": "Point"
   },
   "properties": {
    "bearing": null,
    "city": "桃園市",
    "description": "成功路三段235號前",
    "id": "0ca4bcf27d3b",
    "last_seen": "2026-08-11",
    "section_id": null,
    "section_role": null,
    "source": "gov.tw:7320",
    "speed_limit": 40,
    "type": "fixed"
   },
   "type": "Feature"
  },
  {
   "geometry": {
    "coordinates": [
     121.56104,
     23.780403
    ],
    "type": "Point"
   },
   "properties": {
    "bearing": null,
    "city": "花蓮縣",
    "description": "台11線23.4公里",
    "id": "0cc658242120",
    "last_seen": "2026-08-11",
    "section_id": null,
    "section_role": null,
    "source": "gov.tw:7320",
    "speed_limit": 50,
    "type": "fixed"
   },
   "type": "Feature"
  },
  {
   "geometry": {
    "coordinates": [
     121.912,
     25.112902
    ],
    "type": "Point"
   },
   "properties": {
    "bearing": null,
    "city": "新北市",
    "description": "省道台2線85.8K至87.5K（雙向）",
    "id": "0cd017d11641",
    "last_seen": "2026-08-11",
    "section_id": null,
    "section_role": null,
    "source": "gov.tw:7320",
    "speed_limit": 50,
    "type": "fixed"
   },
   "type": "Feature"
  },
  {
   "geometry": {
    "coordinates": [
     121.42733,
     25.055
    ],
    "type": "Point"
   },
   "properties": {
    "bearing": 90.0,
    "city": "新北市",
    "description": "公園路同榮國民小學附幼側門（往明志路）",
    "id": "0cdf4006b712",
    "last_seen": "2026-08-11",
    "section_id": null,
    "section_role": null,
    "source": "gov.tw:7320",
    "speed_limit": 40,
    "type": "fixed"
   },
   "type": "Feature"
  },
  {
   "geometry": {
    "coordinates": [
     121.51211,
     25.103973
    ],
    "type": "Point"
   },
   "properties": {
    "bearing": 0.0,
    "city": "臺北市",
    "description": "承德路6段",
    "id": "0d4c70b575ae",
    "last_seen": "2026-08-11",
    "section_id": null,
    "section_role": null,
    "source": "gov.tw:7320",
    "speed_limit": 60,
    "type": "fixed"
   },
   "type": "Feature"
  },
  {
   "geometry": {
    "coordinates": [
     118.370316,
     24.44133
    ],
    "type": "Point"
   },
   "properties": {
    "bearing": null,
    "city": "金門縣",
    "description": "金湖鎮環島南路三段(環保公園路段)",
    "id": "0d5e39b276c2",
    "last_seen": "2026-08-11",
    "section_id": null,
    "section_role": null,
    "source": "gov.tw:7320",
    "speed_limit": 60,
    "type": "fixed"
   },
   "type": "Feature"
  },
  {
   "geometry": {
    "coordinates": [
     120.24956,
     22.998642
    ],
    "type": "Point"
   },
   "properties": {
    "bearing": 180.0,
    "city": "臺南市",
    "description": "復興路與復興路26巷口",
    "id": "0d899af6a38f",
    "last_seen": "2026-08-11",
    "section_id": null,
    "section_role": null,
    "source": "gov.tw:7320",
    "speed_limit": 50,
    "type": "fixed"
   },
   "type": "Feature"
  },
  {
   "geometry": {
    "coordinates": [
     120.616135,
     22.881773
    ],
    "type": "Point"
   },
   "properties": {
    "bearing": 270.0,
    "city": "高雄市",
    "description": "三民路37號前(台28線45.7K)",
    "id": "0d98a0434476",
    "last_seen": "2026-08-11",
    "section_id": null,
    "section_role": null,
    "source": "gov.tw:7320",
    "speed_limit": 50,
    "type": "fixed"
   },
   "type": "Feature"
  },
  {
   "geometry": {
    "coordinates": [
     121.78068,
     24.42525
    ],
    "type": "Point"
   },
   "properties": {
    "bearing": null,
    "city": "宜蘭縣",
    "description": "台9線130k+492m觀音隧道南下",
    "id": "0dc3a735fc6f",
    "last_seen": "2026-08-11",
    "section_id": null,
    "section_role": null,
    "source": "gov.tw:7320",
    "speed_limit": 70,
    "type": "fixed"
   },
   "type": "Feature"
  },
  {
   "geometry": {
    "coordinates": [
     120.35012,
     22.568972
    ],
    "type": "Point"
   },
   "properties": {
    "bearing": 0.0,
    "city": "高雄市",
    "description": "沿海一路與宏平路",
    "id": "0dcd620a94f9",
    "last_seen": "2026-08-11",
    "section_id": null,
    "section_role": null,
    "source": "gov.tw:7320",
    "speed_limit": 50,
    "type": "fixed"
   },
   "type": "Feature"
  },
  {
   "geometry": {
    "coordinates": [
     120.86768,
     24.676628
    ],
    "type": "Point"
   },
   "properties": {
    "bearing": 180.0,
    "city": "苗栗縣",
    "description": "全天路與國祥街口",
    "id": "0e08a6cc62a0",
    "last_seen": "2026-08-11",
    "section_id": null,
    "section_role": null,
    "source": "gov.tw:7320",
    "speed_limit": 50,
    "type": "fixed"
   },
   "type": "Feature"
  },
  {
   "geometry": {
    "coordinates": [
     121.687614,
     25.183182
    ],
    "type": "Point"
   },
   "properties": {
    "bearing": 135.0,
    "city": "新北市",
    "description": "瑪鋉路340號前（台2線49.537K往基隆或金山）",
    "id": "0e6815d8f1f7",
    "last_seen": "2026-08-11",
    "section_id": null,
    "section_role": null,
    "source": "gov.tw:7320",
    "speed_limit": 60,
    "type": "fixed"
   },
   "type": "Feature"
  },
  {
   "geometry": {
    "coordinates": [
     121.79071,
     25.12422
    ],
    "type": "Point"
   },
   "properties": {
    "bearing": null,
    "city": "基隆市",
    "description": "深澳坑路240號旁",
    "id": "0e9d64583962",
    "last_seen": "2026-08-11",
    "section_id": null,
    "section_role": null,
    "source": "gov.tw:7320",
    "speed_limit": 50,
    "type": "fixed"
   },
   "type": "Feature"
  },
  {
   "geometry": {
    "coordinates": [
     121.356186,
     24.853813
    ],
    "type": "Point"
   },
   "properties": {
    "bearing": null,
    "city": "桃園市",
    "description": "台七乙線8.3K處",
    "id": "0eb8bbe6fe9f",
    "last_seen": "2026-08-11",
    "section_id": null,
    "section_role": null,
    "source": "gov.tw:7320",
    "speed_limit": 40,
    "type": "fixed"
   },
   "type": "Feature"
  },
  {
   "geometry": {
    "coordinates": [
     120.19253,
     22.96194
    ],
    "type": "Point"
   },
   "properties": {
    "bearing": 270.0,
    "city": "臺南市",
    "description": "中華南路-德興路口",
    "id": "0ec9938c97f0",
    "last_seen": "2026-08-11",
    "section_id": null,
    "section_role": null,
    "source": "gov.tw:7320",
    "speed_limit": 60,
    "type": "fixed"
   },
   "type": "Feature"
  },
  {
   "geometry": {
    "coordinates": [
     120.656,
     22.252754
    ],
    "type": "Point"
   },
   "properties": {
    "bearing": null,
    "city": "屏東縣",
    "description": "台1線453.39K",
    "id": "0f0f3b9387cc",
    "last_seen": "2026-08-11",
    "section_id": null,
    "section_role": null,
    "source": "gov.tw:7320",
    "speed_limit": 70,
    "type": "fixed"
   },
   "type": "Feature"
  },
  {
   "geometry": {
    "coordinates": [
     120.8283,
     24.348303
    ],
    "type": "Point"
   },
   "properties": {
    "bearing": 180.0,
    "city": "苗栗縣",
    "description": "台3線141公里處",
    "id": "0f1b3b67976a",
    "last_seen": "2026-08-11",
    "section_id": null,
    "section_role": null,
    "source": "gov.tw:7320",
    "speed_limit": 60,
    "type": "fixed"
   },
   "type": "Feature"
  },
  {
   "geometry": {
    "coordinates": [
     118.34236,
     24.4258
    ],
    "type": "Point"
   },
   "properties": {
    "bearing": null,
    "city": "金門縣",
    "description": "金寧鄉環島南路一段(中心教練場路段)",
    "id": "0f25dce742c1",
    "last_seen": "2026-08-11",
    "section_id": null,
    "section_role": null,
    "source": "gov.tw:7320",
    "speed_limit": 60,
    "type": "fixed"
   },
   "type": "Feature"
  },
  {
   "geometry": {
    "coordinates": [
     118.41738,
     24.446644
    ],
    "type": "Point"
   },
   "properties": {
    "bearing": null,
    "city": "金門縣",
    "description": "金湖鎮黃海路(監理站路段)",
    "id": "0f564db44f00",
    "last_seen": "2026-08-11",
    "section_id": null,
    "section_role": null,
    "source": "gov.tw:7320",
    "speed_limit": 50,
    "type": "fixed"
   },
   "type": "Feature"
  },
  {
   "geometry": {
    "coordinates": [
     120.80873,
     24.09579
    ],
    "type": "Point"
   },
   "properties": {
    "bearing": 90.0,
    "city": "臺中市",
    "description": "長龍路四段35.5K",
    "id": "0f92cc4a6147",
    "last_seen": "2026-08-11",
    "section_id": null,
    "section_role": null,
    "source": "gov.tw:7320",
    "speed_limit": 30,
    "type": "fixed"
   },
   "type": "Feature"
  },
  {
   "geometry": {
    "coordinates": [
     121.783035,
     24.720304
    ],
    "type": "Point"
   },
   "properties": {
    "bearing": null,
    "city": "宜蘭縣",
    "description": "宜16線7k+500ｍ新南段西向",
    "id": "0fbb9ad203dc",
    "last_seen": "2026-08-11",
    "section_id": null,
    "section_role": null,
    "source": "gov.tw:7320",
    "speed_limit": 50,
    "type": "fixed"
   },
   "type": "Feature"
  },
  {
   "geometry": {
    "coordinates": [
     120.52863,
     23.891409
    ],
    "type": "Point"
   },
   "properties": {
    "bearing": 180.0,
    "city": "彰化縣",
    "description": "田尾鄉台1線214.6公里",
    "id": "10181186bcd9",
    "last_seen": "2026-08-11",
    "section_id": null,
    "section_role": null,
    "source": "gov.tw:7320",
    "speed_limit": 50,
    "type": "fixed"
   },
   "type": "Feature"
  },
  {
   "geometry": {
    "coordinates": [
     120.45189,
     23.673025
    ],
    "type": "Point"
   },
   "properties": {
    "bearing": 90.0,
    "city": "雲林縣",
    "description": "台78線快速公路29k+400m處(西向東)",
    "id": "10a6d9e1c3dc",
    "last_seen": "2026-08-11",
    "section_id": null,
    "section_role": null,
    "source": "gov.tw:7320",
    "speed_limit": 100,
    "type": "fixed"
   },
   "type": "Feature"
  },
  {
   "geometry": {
    "coordinates": [
     121.4128,
     24.984459
    ],
    "type": "Point"
   },
   "properties": {
    "bearing": 45.0,
    "city": "新北市",
    "description": "大安路537巷口（往新莊）",
    "id": "10d7f9b312bd",
    "last_seen": "2026-08-11",
    "section_id": null,
    "section_role": null,
    "source": "gov.tw:7320",
    "speed_limit": 50,
    "type": "fixed"
   },
   "type": "Feature"
  },
  {
   "geometry": {
    "coordinates": [
     120.99114,
     24.9264
    ],
    "type": "Point"
   },
   "properties": {
    "bearing": null,
    "city": "新竹縣",
    "description": "台15線62.8公里處",
    "id": "10e75d6919c8",
    "last_seen": "2026-08-11",
    "section_id": null,
    "section_role": null,
    "source": "gov.tw:7320",
    "speed_limit": 60,
    "type": "fixed"
   },
   "type": "Feature"
  },
  {
   "geometry": {
    "coordinates": [
     120.18567,
     23.211151
    ],
    "type": "Point"
   },
   "properties": {
    "bearing": 180.0,
    "city": "臺南市",
    "description": "臺19線117.5公里大安里大灣路口",
    "id": "111c8e29351f",
    "last_seen": "2026-08-11",
    "section_id": null,
    "section_role": null,
    "source": "gov.tw:7320",
    "speed_limit": 50,
    "type": "fixed"
   },
   "type": "Feature"
  },
  {
   "geometry": {
    "coordinates": [
     121.539665,
     24.989756
    ],
    "type": "Point"
   },
   "properties": {
    "bearing": 0.0,
    "city": "臺北市",
    "description": "羅斯福路6段469巷口(近育英街口)",
    "id": "114dd124aafc",
    "last_seen": "2026-08-11",
    "section_id": null,
    "section_role": null,
    "source": "gov.tw:7320",
    "speed_limit": 50,
    "type": "fixed"
   },
   "type": "Feature"
  },
  {
   "geometry": {
    "coordinates": [
     121.30809,
     25.081982
    ],
    "type": "Point"
   },
   "properties": {
    "bearing": null,
    "city": "桃園市",
    "description": "山林路二段655號前",
    "id": "1157c387fef1",
    "last_seen": "2026-08-11",
    "section_id": null,
    "section_role": null,
    "source": "gov.tw:7320",
    "speed_limit": 40,
    "type": "fixed"
   },
   "type": "Feature"
  },
  {
   "geometry": {
    "coordinates": [
     120.78538,
     24.107172
    ],
    "type": "Point"
   },
   "properties": {
    "bearing": 90.0,
    "city": "臺中市",
    "description": "長龍路四段25巷",
    "id": "116dfba2408c",
    "last_seen": "2026-08-11",
    "section_id": null,
    "section_role": null,
    "source": "gov.tw:7320",
    "speed_limit": 40,
    "type": "fixed"
   },
   "type": "Feature"
  },
  {
   "geometry": {
    "coordinates": [
     121.318436,
     24.960634
    ],
    "type": "Point"
   },
   "properties": {
    "bearing": null,
    "city": "桃園市",
    "description": "和強路127號前",
    "id": "11766ccd541b",
    "last_seen": "2026-08-11",
    "section_id": null,
    "section_role": null,
    "source": "gov.tw:7320",
    "speed_limit": 50,
    "type": "fixed"
   },
   "type": "Feature"
  },
  {
   "geometry": {
    "coordinates": [
     121.55297,
     25.119883
    ],
    "type": "Point"
   },
   "properties": {
    "bearing": 180.0,
    "city": "臺北市",
    "description": "仰德大道3段陽明山國小前",
    "id": "119894337eac",
    "last_seen": "2026-08-11",
    "section_id": null,
    "section_role": null,
    "source": "gov.tw:7320",
    "speed_limit": 40,
    "type": "fixed"
   },
   "type": "Feature"
  },
  {
   "geometry": {
    "coordinates": [
     120.169586,
     22.958733
    ],
    "type": "Point"
   },
   "properties": {
    "bearing": null,
    "city": "臺南市",
    "description": "安平港路聯外道路-鯤鯓路127之5號前",
    "id": "11bf4d48e723",
    "last_seen": "2026-08-11",
    "section_id": null,
    "section_role": null,
    "source": "gov.tw:7320",
    "speed_limit": 50,
    "type": "fixed"
   },
   "type": "Feature"
  },
  {
   "geometry": {
    "coordinates": [
     120.57982,
     23.926346
    ],
    "type": "Point"
   },
   "properties": {
    "bearing": null,
    "city": "彰化縣",
    "description": "員林市東彰路8段與員集路1段口",
    "id": "11c2b5f98637",
    "last_seen": "2026-08-11",
    "section_id": null,
    "section_role": null,
    "source": "gov.tw:7320",
    "speed_limit": 70,
    "type": "fixed"
   },
   "type": "Feature"
  },
  {
   "geometry": {
    "coordinates": [
     120.542625,
     23.718184
    ],
    "type": "Point"
   },
   "properties": {
    "bearing": null,
    "city": "雲林縣",
    "description": "斗六市鎮北路與明德北路",
    "id": "11e283a8ec13",
    "last_seen": "2026-08-11",
    "section_id": null,
    "section_role": null,
    "source": "gov.tw:7320",
    "speed_limit": 60,
    "type": "fixed"
   },
   "type": "Feature"
  },
  {
   "geometry": {
    "coordinates": [
     121.72893,
     24.696066
    ],
    "type": "Point"
   },
   "properties": {
    "bearing": null,
    "city": "宜蘭縣",
    "description": "宜61線3ｋ+800ｍ大洲段北上",
    "id": "11ec21280030",
    "last_seen": "2026-08-11",
    "section_id": null,
    "section_role": null,
    "source": "gov.tw:7320",
    "speed_limit": 60,
    "type": "fixed"
   },
   "type": "Feature"
  },
  {
   "geometry": {
    "coordinates": [
     121.98824,
     25.0158
    ],
    "type": "Point"
   },
   "properties": {
    "bearing": null,
    "city": "新北市",
    "description": "省道台2線105.8K至113.2K（雙向）",
    "id": "125ee98b379e",
    "last_seen": "2026-08-11",
    "section_id": null,
    "section_role": null,
    "source": "gov.tw:7320",
    "speed_limit": 60,
    "type": "fixed"
   },
   "type": "Feature"
  },
  {
   "geometry": {
    "coordinates": [
     121.38427,
     24.967121
    ],
    "type": "Point"
   },
   "properties": {
    "bearing": 45.0,
    "city": "新北市",
    "description": "中山路高架橋頭（往樹林）",
    "id": "1283fce0c666",
    "last_seen": "2026-08-11",
    "section_id": null,
    "section_role": null,
    "source": "gov.tw:7320",
    "speed_limit": 50,
    "type": "fixed"
   },
   "type": "Feature"
  },
  {
   "geometry": {
    "coordinates": [
     120.686226,
     23.93615
    ],
    "type": "Point"
   },
   "properties": {
    "bearing": null,
    "city": "南投縣",
    "description": "南投市東閔路1.35公里處",
    "id": "128629f7816f",
    "last_seen": "2026-08-11",
    "section_id": null,
    "section_role": null,
    "source": "gov.tw:7320",
    "speed_limit": 60,
    "type": "fixed"
   },
   "type": "Feature"
  },
  {
   "geometry": {
    "coordinates": [
     120.316284,
     22.595959
    ],
    "type": "Point"
   },
   "properties": {
    "bearing": 0.0,
    "city": "高雄市",
    "description": "中山三路與凱旋四路口",
    "id": "129830d877e9",
    "last_seen": "2026-08-11",
    "section_id": null,
    "section_role": null,
    "source": "gov.tw:7320",
    "speed_limit": 60,
    "type": "fixed"
   },
   "type": "Feature"
  },
  {
   "geometry": {
    "coordinates": [
     120.32586,
     22.575134
    ],
    "type": "Point"
   },
   "properties": {
    "bearing": 0.0,
    "city": "高雄市",
    "description": "高速公路接金福路之高架聯絡道北上（離金福路出口500公尺處)",
    "id": "129f306d4c2c",
    "last_seen": "2026-08-11",
    "section_id": null,
    "section_role": null,
    "source": "gov.tw:7320",
    "speed_limit": 40,
    "type": "fixed"
   },
   "type": "Feature"
  },
  {
   "geometry": {
    "coordinates": [
     121.5004,
     25.043743
    ],
    "type": "Point"
   },
   "properties": {
    "bearing": 180.0,
    "city": "臺北市",
    "description": "環河南路快速道路中興橋匝道(環河南路2段250巷口)",
    "id": "12ac4a8fbf73",
    "last_seen": "2026-08-11",
    "section_id": null,
    "section_role": null,
    "source": "gov.tw:7320",
    "speed_limit": 60,
    "type": "fixed"
   },
   "type": "Feature"
  },
  {
   "geometry": {
    "coordinates": [
     120.33633,
     22.59266
    ],
    "type": "Point"
   },
   "properties": {
    "bearing": 180.0,
    "city": "高雄市",
    "description": "三商街高速公路口機慢車專用道往南415公尺處",
    "id": "12bfdd32c17b",
    "last_seen": "2026-08-11",
    "section_id": null,
    "section_role": null,
    "source": "gov.tw:7320",
    "speed_limit": 40,
    "type": "fixed"
   },
   "type": "Feature"
  },
  {
   "geometry": {
    "coordinates": [
     121.03163,
     24.69168
    ],
    "type": "Point"
   },
   "properties": {
    "bearing": 180.0,
    "city": "新竹縣",
    "description": "中豐公路中興中盛村路口",
    "id": "12df9335ea1f",
    "last_seen": "2026-08-11",
    "section_id": null,
    "section_role": null,
    "source": "gov.tw:7320",
    "speed_limit": 60,
    "type": "fixed"
   },
   "type": "Feature"
  },
  {
   "geometry": {
    "coordinates": [
     120.805786,
     22.241491
    ],
    "type": "Point"
   },
   "properties": {
    "bearing": null,
    "city": "屏東縣",
    "description": "台9線草埔隧道434.4-437.2K",
    "id": "12f921e8dd36",
    "last_seen": "2026-08-11",
    "section_id": null,
    "section_role": null,
    "source": "gov.tw:7320",
    "speed_limit": 70,
    "type": "fixed"
   },
   "type": "Feature"
  },
  {
   "geometry": {
    "coordinates": [
     121.375145,
     24.87059
    ],
    "type": "Point"
   },
   "properties": {
    "bearing": 225.0,
    "city": "新北市",
    "description": "台7乙線5.3公里（往桃園）",
    "id": "130e7ad6c244",
    "last_seen": "2026-08-11",
    "section_id": null,
    "section_role": null,
    "source": "gov.tw:7320",
    "speed_limit": 40,
    "type": "fixed"
   },
   "type": "Feature"
  },
  {
   "geometry": {
    "coordinates": [
     121.368385,
     23.498083
    ],
    "type": "Point"
   },
   "properties": {
    "bearing": null,
    "city": "花蓮縣",
    "description": "臺9線255.45K",
    "id": "13177ab50256",
    "last_seen": "2026-08-11",
    "section_id": null,
    "section_role": null,
    "source": "gov.tw:7320",
    "speed_limit": 70,
    "type": "fixed"
   },
   "type": "Feature"
  },
  {
   "geometry": {
    "coordinates": [
     121.42531,
     25.15932
    ],
    "type": "Point"
   },
   "properties": {
    "bearing": 270.0,
    "city": "新北市",
    "description": "龍米路3段48-51號（往中山路）",
    "id": "134d3b8c6b3a",
    "last_seen": "2026-08-11",
    "section_id": null,
    "section_role": null,
    "source": "gov.tw:7320",
    "speed_limit": 50,
    "type": "fixed"
   },
   "type": "Feature"
  },
  {
   "geometry": {
    "coordinates": [
     120.60961,
     22.691055
    ],
    "type": "Point"
   },
   "properties": {
    "bearing": null,
    "city": "屏東縣",
    "description": "187線黎東路653巷口",
    "id": "138550d50d89",
    "last_seen": "2026-08-11",
    "section_id": null,
    "section_role": null,
    "source": "gov.tw:7320",
    "speed_limit": 50,
    "type": "fixed"
   },
   "type": "Feature"
  },
  {
   "geometry": {
    "coordinates": [
     121.40463,
     24.97773
    ],
    "type": "Point"
   },
   "properties": {
    "bearing": 45.0,
    "city": "新北市",
    "description": "中山路2段187號（雙向）",
    "id": "138758aa32f9",
    "last_seen": "2026-08-11",
    "section_id": null,
    "section_role": null,
    "source": "gov.tw:7320",
    "speed_limit": 50,
    "type": "fixed"
   },
   "type": "Feature"
  },
  {
   "geometry": {
    "coordinates": [
     121.50474,
     25.013285
    ],
    "type": "Point"
   },
   "properties": {
    "bearing": 225.0,
    "city": "新北市",
    "description": "新北環河高架保生路匝道處（往中和）",
    "id": "13882610979c",
    "last_seen": "2026-08-11",
    "section_id": null,
    "section_role": null,
    "source": "gov.tw:7320",
    "speed_limit": 50,
    "type": "fixed"
   },
   "type": "Feature"
  },
  {
   "geometry": {
    "coordinates": [
     121.724738,
     25.106857
    ],
    "type": "Point"
   },
   "properties": {
    "bearing": 180.0,
    "city": "國道",
    "description": "國道一號南向2公里",
    "id": "13940-1",
    "last_seen": "2026-08-11",
    "section_id": null,
    "section_role": null,
    "source": "gov.tw:13940",
    "speed_limit": 100,
    "type": "fixed"
   },
   "type": "Feature"
  },
  {
   "geometry": {
    "coordinates": [
     121.10031,
     24.55043
    ],
    "type": "Point"
   },
   "properties": {
    "bearing": 180.0,
    "city": "國道",
    "description": "國道一號南向68公里",
    "id": "13940-10",
    "last_seen": "2026-08-11",
    "section_id": null,
    "section_role": null,
    "source": "gov.tw:13940",
    "speed_limit": 100,
    "type": "fixed"
   },
   "type": "Feature"
  },
  {
   "geometry": {
    "coordinates": [
     120.628718,
     23.774884
    ],
    "type": "Point"
   },
   "properties": {
    "bearing": 180.0,
    "city": "國道",
    "description": "國道三號南向253.2公里",
    "id": "13940-100",
    "last_seen": "2026-08-11",
    "section_id": null,
    "section_role": null,
    "source": "gov.tw:13940",
    "speed_limit": 110,
    "type": "fixed"
   },
   "type": "Feature"
  },
  {
   "geometry": {
    "coordinates": [
     120.36124,
     23.43075
    ],
    "type": "Point"
   },
   "properties": {
    "bearing": 180.0,
    "city": "國道",
    "description": "國道三號南向262.01公里",
    "id": "13940-101",
    "last_seen": "2026-08-11",
    "section_id": null,
    "section_role": null,
    "source": "gov.tw:13940",
    "speed_limit": 110,
    "type": "fixed"
   },
   "type": "Feature"
  },
  {
   "geometry": {
    "coordinates": [
     120.505462,
     23.570353
    ],
    "type": "Point"
   },
   "properties": {
    "bearing": 180.0,
    "city": "國道",
    "description": "國道三號南向282.7公里",
    "id": "13940-102",
    "last_seen": "2026-08-11",
    "section_id": null,
    "section_role": null,
    "source": "gov.tw:13940",
    "speed_limit": 110,
    "type": "fixed"
   },
   "type": "Feature"
  },
  {
   "geometry": {
    "coordinates": [
     120.433591,
     23.333214
    ],
    "type": "Point"
   },
   "properties": {
    "bearing": 180.0,
    "city": "國道",
    "description": "國道三號南向313.7公里",
    "id": "13940-103",
    "last_seen": "2026-08-11",
    "section_id": null,
    "section_role": null,
    "source": "gov.tw:13940",
    "speed_limit": 110,
    "type": "fixed"
   },
   "type": "Feature"
  },
  {
   "geometry": {
    "coordinates": [
     120.327289,
     23.110423
    ],
    "type": "Point"
   },
   "properties": {
    "bearing": 180.0,
    "city": "國道",
    "description": "國道三號南向342.1公里",
    "id": "13940-104",
    "last_seen": "2026-08-11",
    "section_id": null,
    "section_role": null,
    "source": "gov.tw:13940",
    "speed_limit": 110,
    "type": "fixed"
   },
   "type": "Feature"
  },
  {
   "geometry": {
    "coordinates": [
     120.338467,
     22.970579
    ],
    "type": "Point"
   },
   "properties": {
    "bearing": 180.0,
    "city": "國道",
    "description": "國道三號南向358.6公里",
    "id": "13940-105",
    "last_seen": "2026-08-11",
    "section_id": null,
    "section_role": null,
    "source": "gov.tw:13940",
    "speed_limit": 110,
    "type": "fixed"
   },
   "type": "Feature"
  },
  {
   "geometry": {
    "coordinates": [
     120.369234,
     22.862397
    ],
    "type": "Point"
   },
   "properties": {
    "bearing": 180.0,
    "city": "國道",
    "description": "國道三號南向372.3公里",
    "id": "13940-106",
    "last_seen": "2026-08-11",
    "section_id": null,
    "section_role": null,
    "source": "gov.tw:13940",
    "speed_limit": 110,
    "type": "fixed"
   },
   "type": "Feature"
  },
  {
   "geometry": {
    "coordinates": [
     120.41966,
     22.820844
    ],
    "type": "Point"
   },
   "properties": {
    "bearing": 180.0,
    "city": "國道",
    "description": "國道三號南向378.85公里",
    "id": "13940-107",
    "last_seen": "2026-08-11",
    "section_id": null,
    "section_role": null,
    "source": "gov.tw:13940",
    "speed_limit": 110,
    "type": "fixed"
   },
   "type": "Feature"
  },
  {
   "geometry": {
    "coordinates": [
     120.441592,
     22.769219
    ],
    "type": "Point"
   },
   "properties": {
    "bearing": 180.0,
    "city": "國道",
    "description": "國道三號南向386公里",
    "id": "13940-108",
    "last_seen": "2026-08-11",
    "section_id": null,
    "section_role": null,
    "source": "gov.tw:13940",
    "speed_limit": 110,
    "type": "fixed"
   },
   "type": "Feature"
  },
  {
   "geometry": {
    "coordinates": [
     120.524813,
     22.508149
    ],
    "type": "Point"
   },
   "properties": {
    "bearing": 180.0,
    "city": "國道",
    "description": "國道三號南向423.1公里",
    "id": "13940-109",
    "last_seen": "2026-08-11",
    "section_id": null,
    "section_role": null,
    "source": "gov.tw:13940",
    "speed_limit": 110,
    "type": "fixed"
   },
   "type": "Feature"
  },
  {
   "geometry": {
    "coordinates": [
     121.082151,
     24.884719
    ],
    "type": "Point"
   },
   "properties": {
    "bearing": 180.0,
    "city": "國道",
    "description": "國道一號南向78.2公里",
    "id": "13940-11",
    "last_seen": "2026-08-11",
    "section_id": null,
    "section_role": null,
    "source": "gov.tw:13940",
    "speed_limit": 100,
    "type": "fixed"
   },
   "type": "Feature"
  },
  {
   "geometry": {
    "coordinates": [
     121.647484,
     25.078311
    ],
    "type": "Point"
   },
   "properties": {
    "bearing": 0.0,
    "city": "國道",
    "description": "國道三號北向10.2公里",
    "id": "13940-110",
    "last_seen": "2026-08-11",
    "section_id": null,
    "section_role": null,
    "source": "gov.tw:13940",
    "speed_limit": 90,
    "type": "fixed"
   },
   "type": "Feature"
  },
  {
   "geometry": {
    "coordinates": [
     121.625791,
     25.046878
    ],
    "type": "Point"
   },
   "properties": {
    "bearing": 0.0,
    "city": "國道",
    "description": "國道三號北向14.5公里",
    "id": "13940-111",
    "last_seen": "2026-08-11",
    "section_id": null,
    "section_role": null,
    "source": "gov.tw:13940",
    "speed_limit": 90,
    "type": "fixed"
   },
   "type": "Feature"
  },
  {
   "geometry": {
    "coordinates": [
     121.610569,
     25.029551
    ],
    "type": "Point"
   },
   "properties": {
    "bearing": 0.0,
    "city": "國道",
    "description": "國道三號北向17.1公里",
    "id": "13940-112",
    "last_seen": "2026-08-11",
    "section_id": null,
    "section_role": null,
    "source": "gov.tw:13940",
    "speed_limit": 90,
    "type": "fixed"
   },
   "type": "Feature"
  },
  {
   "geometry": {
    "coordinates": [
     121.57083,
     24.976095
    ],
    "type": "Point"
   },
   "properties": {
    "bearing": 0.0,
    "city": "國道",
    "description": "國道三號北向25公里",
    "id": "13940-113",
    "last_seen": "2026-08-11",
    "section_id": null,
    "section_role": null,
    "source": "gov.tw:13940",
    "speed_limit": 90,
    "type": "fixed"
   },
   "type": "Feature"
  },
  {
   "geometry": {
    "coordinates": [
     121.539182,
     24.958472
    ],
    "type": "Point"
   },
   "properties": {
    "bearing": 0.0,
    "city": "國道",
    "description": "國道三號北向29.1公里",
    "id": "13940-114",
    "last_seen": "2026-08-11",
    "section_id": null,
    "section_role": null,
    "source": "gov.tw:13940",
    "speed_limit": 90,
    "type": "fixed"
   },
   "type": "Feature"
  },
  {
   "geometry": {
    "coordinates": [
     121.530685,
     24.962166
    ],
    "type": "Point"
   },
   "properties": {
    "bearing": 0.0,
    "city": "國道",
    "description": "國道三號北向30.1公里",
    "id": "13940-115",
    "last_seen": "2026-08-11",
    "section_id": null,
    "section_role": null,
    "source": "gov.tw:13940",
    "speed_limit": 90,
    "type": "fixed"
   },
   "type": "Feature"
  },
  {
   "geometry": {
    "coordinates": [
     121.465516,
     24.977514
    ],
    "type": "Point"
   },
   "properties": {
    "bearing": 0.0,
    "city": "國道",
    "description": "國道三號北向38.3公里",
    "id": "13940-116",
    "last_seen": "2026-08-11",
    "section_id": null,
    "section_role": null,
    "source": "gov.tw:13940",
    "speed_limit": 100,
    "type": "fixed"
   },
   "type": "Feature"
  },
  {
   "geometry": {
    "coordinates": [
     121.304277,
     24.924304
    ],
    "type": "Point"
   },
   "properties": {
    "bearing": 0.0,
    "city": "國道",
    "description": "國道三號北向57公里",
    "id": "13940-117",
    "last_seen": "2026-08-11",
    "section_id": null,
    "section_role": null,
    "source": "gov.tw:13940",
    "speed_limit": 110,
    "type": "fixed"
   },
   "type": "Feature"
  },
  {
   "geometry": {
    "coordinates": [
     121.210519,
     24.857557
    ],
    "type": "Point"
   },
   "properties": {
    "bearing": 0.0,
    "city": "國道",
    "description": "國道三號北向69.5公里",
    "id": "13940-118",
    "last_seen": "2026-08-11",
    "section_id": null,
    "section_role": null,
    "source": "gov.tw:13940",
    "speed_limit": 110,
    "type": "fixed"
   },
   "type": "Feature"
  },
  {
   "geometry": {
    "coordinates": [
     121.126079,
     24.791381
    ],
    "type": "Point"
   },
   "properties": {
    "bearing": 0.0,
    "city": "國道",
    "description": "國道三號北向84.6公里",
    "id": "13940-119",
    "last_seen": "2026-08-11",
    "section_id": null,
    "section_role": null,
    "source": "gov.tw:13940",
    "speed_limit": 110,
    "type": "fixed"
   },
   "type": "Feature"
  },
  {
   "geometry": {
    "coordinates": [
     121.048805,
     24.876605
    ],
    "type": "Point"
   },
   "properties": {
    "bearing": 180.0,
    "city": "國道",
    "description": "國道一號南向81.8公里",
    "id": "13940-12",
    "last_seen": "2026-08-11",
    "section_id": null,
    "section_role": null,
    "source": "gov.tw:13940",
    "speed_limit": 100,
    "type": "fixed"
   },
   "type": "Feature"
  },
  {
   "geometry": {
    "coordinates": [
     120.857787,
     24.69619
    ],
    "type": "Point"
   },
   "properties": {
    "bearing": 0.0,
    "city": "國道",
    "description": "國道三號北向116.5公里",
    "id": "13940-120",
    "last_seen": "2026-08-11",
    "section_id": null,
    "section_role": null,
    "source": "gov.tw:13940",
    "speed_limit": 110,
    "type": "fixed"
   },
   "type": "Feature"
  },
  {
   "geometry": {
    "coordinates": [
     120.831179,
     24.648778
    ],
    "type": "Point"
   },
   "properties": {
    "bearing": 0.0,
    "city": "國道",
    "description": "國道三號北向122.5公里",
    "id": "13940-121",
    "last_seen": "2026-08-11",
    "section_id": null,
    "section_role": null,
    "source": "gov.tw:13940",
    "speed_limit": 40,
    "type": "fixed"
   },
   "type": "Feature"
  },
  {
   "geometry": {
    "coordinates": [
     120.779072,
     24.591296
    ],
    "type": "Point"
   },
   "properties": {
    "bearing": 0.0,
    "city": "國道",
    "description": "國道三號北向131.2公里",
    "id": "13940-122",
    "last_seen": "2026-08-11",
    "section_id": null,
    "section_role": null,
    "source": "gov.tw:13940",
    "speed_limit": 110,
    "type": "fixed"
   },
   "type": "Feature"
  },
  {
   "geometry": {
    "coordinates": [
     120.658836,
     24.350206
    ],
    "type": "Point"
   },
   "properties": {
    "bearing": 0.0,
    "city": "國道",
    "description": "國道三號北向162.1公里",
    "id": "13940-123",
    "last_seen": "2026-08-11",
    "section_id": null,
    "section_role": null,
    "source": "gov.tw:13940",
    "speed_limit": 110,
    "type": "fixed"
   },
   "type": "Feature"
  },
  {
   "geometry": {
    "coordinates": [
     120.602092,
     24.293697
    ],
    "type": "Point"
   },
   "properties": {
    "bearing": 0.0,
    "city": "國道",
    "description": "國道三號北向171公里",
    "id": "13940-124",
    "last_seen": "2026-08-11",
    "section_id": null,
    "section_role": null,
    "source": "gov.tw:13940",
    "speed_limit": 110,
    "type": "fixed"
   },
   "type": "Feature"
  },
  {
   "geometry": {
    "coordinates": [
     120.593715,
     24.236176
    ],
    "type": "Point"
   },
   "properties": {
    "bearing": 0.0,
    "city": "國道",
    "description": "國道三號北向177.8公里",
    "id": "13940-125",
    "last_seen": "2026-08-11",
    "section_id": null,
    "section_role": null,
    "source": "gov.tw:13940",
    "speed_limit": 110,
    "type": "fixed"
   },
   "type": "Feature"
  },
  {
   "geometry": {
    "coordinates": [
     120.548761,
     24.178511
    ],
    "type": "Point"
   },
   "properties": {
    "bearing": 0.0,
    "city": "國道",
    "description": "國道三號北向186.1公里",
    "id": "13940-126",
    "last_seen": "2026-08-11",
    "section_id": null,
    "section_role": null,
    "source": "gov.tw:13940",
    "speed_limit": 110,
    "type": "fixed"
   },
   "type": "Feature"
  },
  {
   "geometry": {
    "coordinates": [
     120.638644,
     24.071048
    ],
    "type": "Point"
   },
   "properties": {
    "bearing": 0.0,
    "city": "國道",
    "description": "國道三號北向206.6公里",
    "id": "13940-127",
    "last_seen": "2026-08-11",
    "section_id": null,
    "section_role": null,
    "source": "gov.tw:13940",
    "speed_limit": 110,
    "type": "fixed"
   },
   "type": "Feature"
  },
  {
   "geometry": {
    "coordinates": [
     120.650424,
     23.999996
    ],
    "type": "Point"
   },
   "properties": {
    "bearing": 0.0,
    "city": "國道",
    "description": "國道三號北向218公里",
    "id": "13940-128",
    "last_seen": "2026-08-11",
    "section_id": null,
    "section_role": null,
    "source": "gov.tw:13940",
    "speed_limit": 110,
    "type": "fixed"
   },
   "type": "Feature"
  },
  {
   "geometry": {
    "coordinates": [
     120.705085,
     23.869972
    ],
    "type": "Point"
   },
   "properties": {
    "bearing": 0.0,
    "city": "國道",
    "description": "國道三號北向235.2公里",
    "id": "13940-129",
    "last_seen": "2026-08-11",
    "section_id": null,
    "section_role": null,
    "source": "gov.tw:13940",
    "speed_limit": 110,
    "type": "fixed"
   },
   "type": "Feature"
  },
  {
   "geometry": {
    "coordinates": [
     121.010661,
     24.859917
    ],
    "type": "Point"
   },
   "properties": {
    "bearing": 180.0,
    "city": "國道",
    "description": "國道一號南向86.5公里",
    "id": "13940-13",
    "last_seen": "2026-08-11",
    "section_id": null,
    "section_role": null,
    "source": "gov.tw:13940",
    "speed_limit": 100,
    "type": "fixed"
   },
   "type": "Feature"
  },
  {
   "geometry": {
    "coordinates": [
     120.687927,
     23.777444
    ],
    "type": "Point"
   },
   "properties": {
    "bearing": 0.0,
    "city": "國道",
    "description": "國道三號北向247.1公里",
    "id": "13940-130",
    "last_seen": "2026-08-11",
    "section_id": null,
    "section_role": null,
    "source": "gov.tw:13940",
    "speed_limit": 110,
    "type": "fixed"
   },
   "type": "Feature"
  },
  {
   "geometry": {
    "coordinates": [
     120.598801,
     23.692923
    ],
    "type": "Point"
   },
   "properties": {
    "bearing": 0.0,
    "city": "國道",
    "description": "國道三號北向265.1公里",
    "id": "13940-131",
    "last_seen": "2026-08-11",
    "section_id": null,
    "section_role": null,
    "source": "gov.tw:13940",
    "speed_limit": 110,
    "type": "fixed"
   },
   "type": "Feature"
  },
  {
   "geometry": {
    "coordinates": [
     120.30184,
     23.33292
    ],
    "type": "Point"
   },
   "properties": {
    "bearing": 0.0,
    "city": "國道",
    "description": "國道三號北向284.07公里",
    "id": "13940-132",
    "last_seen": "2026-08-11",
    "section_id": null,
    "section_role": null,
    "source": "gov.tw:13940",
    "speed_limit": 110,
    "type": "fixed"
   },
   "type": "Feature"
  },
  {
   "geometry": {
    "coordinates": [
     120.407292,
     23.298801
    ],
    "type": "Point"
   },
   "properties": {
    "bearing": 0.0,
    "city": "國道",
    "description": "國道三號北向318.7公里",
    "id": "13940-133",
    "last_seen": "2026-08-11",
    "section_id": null,
    "section_role": null,
    "source": "gov.tw:13940",
    "speed_limit": 110,
    "type": "fixed"
   },
   "type": "Feature"
  },
  {
   "geometry": {
    "coordinates": [
     120.355492,
     23.201337
    ],
    "type": "Point"
   },
   "properties": {
    "bearing": 0.0,
    "city": "國道",
    "description": "國道三號北向331公里",
    "id": "13940-134",
    "last_seen": "2026-08-11",
    "section_id": null,
    "section_role": null,
    "source": "gov.tw:13940",
    "speed_limit": 110,
    "type": "fixed"
   },
   "type": "Feature"
  },
  {
   "geometry": {
    "coordinates": [
     120.329218,
     23.083381
    ],
    "type": "Point"
   },
   "properties": {
    "bearing": 0.0,
    "city": "國道",
    "description": "國道三號北向344.7公里",
    "id": "13940-135",
    "last_seen": "2026-08-11",
    "section_id": null,
    "section_role": null,
    "source": "gov.tw:13940",
    "speed_limit": 110,
    "type": "fixed"
   },
   "type": "Feature"
  },
  {
   "geometry": {
    "coordinates": [
     120.382939,
     22.84931
    ],
    "type": "Point"
   },
   "properties": {
    "bearing": 0.0,
    "city": "國道",
    "description": "國道三號北向374.3公里",
    "id": "13940-136",
    "last_seen": "2026-08-11",
    "section_id": null,
    "section_role": null,
    "source": "gov.tw:13940",
    "speed_limit": 110,
    "type": "fixed"
   },
   "type": "Feature"
  },
  {
   "geometry": {
    "coordinates": [
     120.471478,
     22.758016
    ],
    "type": "Point"
   },
   "properties": {
    "bearing": 0.0,
    "city": "國道",
    "description": "國道三號北向389.3公里",
    "id": "13940-137",
    "last_seen": "2026-08-11",
    "section_id": null,
    "section_role": null,
    "source": "gov.tw:13940",
    "speed_limit": 110,
    "type": "fixed"
   },
   "type": "Feature"
  },
  {
   "geometry": {
    "coordinates": [
     120.524929,
     22.507159
    ],
    "type": "Point"
   },
   "properties": {
    "bearing": 0.0,
    "city": "國道",
    "description": "國道三號北向423.2公里",
    "id": "13940-138",
    "last_seen": "2026-08-11",
    "section_id": null,
    "section_role": null,
    "source": "gov.tw:13940",
    "speed_limit": 110,
    "type": "fixed"
   },
   "type": "Feature"
  },
  {
   "geometry": {
    "coordinates": [
     121.563365,
     25.010769
    ],
    "type": "Point"
   },
   "properties": {
    "bearing": 270.0,
    "city": "國道",
    "description": "國道三號甲線西向1.7公里",
    "id": "13940-139",
    "last_seen": "2026-08-11",
    "section_id": null,
    "section_role": null,
    "source": "gov.tw:13940",
    "speed_limit": 80,
    "type": "fixed"
   },
   "type": "Feature"
  },
  {
   "geometry": {
    "coordinates": [
     120.968521,
     24.736074
    ],
    "type": "Point"
   },
   "properties": {
    "bearing": 180.0,
    "city": "國道",
    "description": "國道一號南向102.5公里",
    "id": "13940-14",
    "last_seen": "2026-08-11",
    "section_id": null,
    "section_role": null,
    "source": "gov.tw:13940",
    "speed_limit": 100,
    "type": "fixed"
   },
   "type": "Feature"
  },
  {
   "geometry": {
    "coordinates": [
     121.578561,
     25.005106
    ],
    "type": "Point"
   },
   "properties": {
    "bearing": 270.0,
    "city": "國道",
    "description": "國道三號甲線西向3.4公里",
    "id": "13940-140",
    "last_seen": "2026-08-11",
    "section_id": null,
    "section_role": null,
    "source": "gov.tw:13940",
    "speed_limit": 80,
    "type": "fixed"
   },
   "type": "Feature"
  },
  {
   "geometry": {
    "coordinates": [
     120.62779,
     24.305093
    ],
    "type": "Point"
   },
   "properties": {
    "bearing": 270.0,
    "city": "國道",
    "description": "國道四號西向4.4公里",
    "id": "13940-141",
    "last_seen": "2026-08-11",
    "section_id": null,
    "section_role": null,
    "source": "gov.tw:13940",
    "speed_limit": 100,
    "type": "fixed"
   },
   "type": "Feature"
  },
  {
   "geometry": {
    "coordinates": [
     120.732593,
     24.230285
    ],
    "type": "Point"
   },
   "properties": {
    "bearing": 270.0,
    "city": "國道",
    "description": "國道四號西向23.3公里",
    "id": "13940-142",
    "last_seen": "2026-08-11",
    "section_id": null,
    "section_role": null,
    "source": "gov.tw:13940",
    "speed_limit": 100,
    "type": "fixed"
   },
   "type": "Feature"
  },
  {
   "geometry": {
    "coordinates": [
     120.725269,
     24.220844
    ],
    "type": "Point"
   },
   "properties": {
    "bearing": 90.0,
    "city": "國道",
    "description": "國道四號東向24.778公里",
    "id": "13940-143",
    "last_seen": "2026-08-11",
    "section_id": null,
    "section_role": null,
    "source": "gov.tw:13940",
    "speed_limit": 100,
    "type": "fixed"
   },
   "type": "Feature"
  },
  {
   "geometry": {
    "coordinates": [
     121.701534,
     24.949272
    ],
    "type": "Point"
   },
   "properties": {
    "bearing": 180.0,
    "city": "國道",
    "description": "國道五號南向13.3公里",
    "id": "13940-144",
    "last_seen": "2026-08-11",
    "section_id": null,
    "section_role": null,
    "source": "gov.tw:13940",
    "speed_limit": 80,
    "type": "fixed"
   },
   "type": "Feature"
  },
  {
   "geometry": {
    "coordinates": [
     121.72434,
     24.925926
    ],
    "type": "Point"
   },
   "properties": {
    "bearing": 180.0,
    "city": "國道",
    "description": "國道五號南向16.9公里",
    "id": "13940-145",
    "last_seen": "2026-08-11",
    "section_id": null,
    "section_role": null,
    "source": "gov.tw:13940",
    "speed_limit": 90,
    "type": "fixed"
   },
   "type": "Feature"
  },
  {
   "geometry": {
    "coordinates": [
     121.732855,
     24.916126
    ],
    "type": "Point"
   },
   "properties": {
    "bearing": 180.0,
    "city": "國道",
    "description": "國道五號南向18.3公里",
    "id": "13940-146",
    "last_seen": "2026-08-11",
    "section_id": null,
    "section_role": null,
    "source": "gov.tw:13940",
    "speed_limit": 90,
    "type": "fixed"
   },
   "type": "Feature"
  },
  {
   "geometry": {
    "coordinates": [
     121.743366,
     24.907924
    ],
    "type": "Point"
   },
   "properties": {
    "bearing": 180.0,
    "city": "國道",
    "description": "國道五號南向19.7公里",
    "id": "13940-147",
    "last_seen": "2026-08-11",
    "section_id": null,
    "section_role": null,
    "source": "gov.tw:13940",
    "speed_limit": 90,
    "type": "fixed"
   },
   "type": "Feature"
  },
  {
   "geometry": {
    "coordinates": [
     121.753732,
     24.899525
    ],
    "type": "Point"
   },
   "properties": {
    "bearing": 180.0,
    "city": "國道",
    "description": "國道五號南向21.1公里",
    "id": "13940-148",
    "last_seen": "2026-08-11",
    "section_id": null,
    "section_role": null,
    "source": "gov.tw:13940",
    "speed_limit": 90,
    "type": "fixed"
   },
   "type": "Feature"
  },
  {
   "geometry": {
    "coordinates": [
     121.761764,
     24.88923
    ],
    "type": "Point"
   },
   "properties": {
    "bearing": 180.0,
    "city": "國道",
    "description": "國道五號南向22.5公里",
    "id": "13940-149",
    "last_seen": "2026-08-11",
    "section_id": null,
    "section_role": null,
    "source": "gov.tw:13940",
    "speed_limit": 90,
    "type": "fixed"
   },
   "type": "Feature"
  },
  {
   "geometry": {
    "coordinates": [
     120.9376,
     24.725124
    ],
    "type": "Point"
   },
   "properties": {
    "bearing": 180.0,
    "city": "國道",
    "description": "國道一號南向106公里",
    "id": "13940-15",
    "last_seen": "2026-08-11",
    "section_id": null,
    "section_role": null,
    "source": "gov.tw:13940",
    "speed_limit": 100,
    "type": "fixed"
   },
   "type": "Feature"
  },
  {
   "geometry": {
    "coordinates": [
     121.769417,
     24.87876
    ],
    "type": "Point"
   },
   "properties": {
    "bearing": 180.0,
    "city": "國道",
    "description": "國道五號南向23.9公里",
    "id": "13940-150",
    "last_seen": "2026-08-11",
    "section_id": null,
    "section_role": null,
    "source": "gov.tw:13940",
    "speed_limit": 90,
    "type": "fixed"
   },
   "type": "Feature"
  },
  {
   "geometry": {
    "coordinates": [
     121.778895,
     24.869598
    ],
    "type": "Point"
   },
   "properties": {
    "bearing": 180.0,
    "city": "國道",
    "description": "國道五號南向25.3公里",
    "id": "13940-151",
    "last_seen": "2026-08-11",
    "section_id": null,
    "section_role": null,
    "source": "gov.tw:13940",
    "speed_limit": 90,
    "type": "fixed"
   },
   "type": "Feature"
  },
  {
   "geometry": {
    "coordinates": [
     121.788058,
     24.860129
    ],
    "type": "Point"
   },
   "properties": {
    "bearing": 180.0,
    "city": "國道",
    "description": "國道五號南向26.7公里",
    "id": "13940-152",
    "last_seen": "2026-08-11",
    "section_id": null,
    "section_role": null,
    "source": "gov.tw:13940",
    "speed_limit": 90,
    "type": "fixed"
   },
   "type": "Feature"
  },
  {
   "geometry": {
    "coordinates": [
     121.805564,
     24.63744
    ],
    "type": "Point"
   },
   "properties": {
    "bearing": 180.0,
    "city": "國道",
    "description": "國道五號南向52.7公里",
    "id": "13940-153",
    "last_seen": "2026-08-11",
    "section_id": null,
    "section_role": null,
    "source": "gov.tw:13940",
    "speed_limit": 90,
    "type": "fixed"
   },
   "type": "Feature"
  },
  {
   "geometry": {
    "coordinates": [
     121.652551,
     24.994559
    ],
    "type": "Point"
   },
   "properties": {
    "bearing": 0.0,
    "city": "國道",
    "description": "國道五號北向5.7公里",
    "id": "13940-155",
    "last_seen": "2026-08-11",
    "section_id": null,
    "section_role": null,
    "source": "gov.tw:13940",
    "speed_limit": 80,
    "type": "fixed"
   },
   "type": "Feature"
  },
  {
   "geometry": {
    "coordinates": [
     121.724806,
     24.926279
    ],
    "type": "Point"
   },
   "properties": {
    "bearing": 0.0,
    "city": "國道",
    "description": "國道五號北向16.9公里",
    "id": "13940-156",
    "last_seen": "2026-08-11",
    "section_id": null,
    "section_role": null,
    "source": "gov.tw:13940",
    "speed_limit": 90,
    "type": "fixed"
   },
   "type": "Feature"
  },
  {
   "geometry": {
    "coordinates": [
     121.733311,
     24.916479
    ],
    "type": "Point"
   },
   "properties": {
    "bearing": 0.0,
    "city": "國道",
    "description": "國道五號北向18.3公里",
    "id": "13940-157",
    "last_seen": "2026-08-11",
    "section_id": null,
    "section_role": null,
    "source": "gov.tw:13940",
    "speed_limit": 90,
    "type": "fixed"
   },
   "type": "Feature"
  },
  {
   "geometry": {
    "coordinates": [
     121.743818,
     24.908276
    ],
    "type": "Point"
   },
   "properties": {
    "bearing": 0.0,
    "city": "國道",
    "description": "國道五號北向19.7公里",
    "id": "13940-158",
    "last_seen": "2026-08-11",
    "section_id": null,
    "section_role": null,
    "source": "gov.tw:13940",
    "speed_limit": 90,
    "type": "fixed"
   },
   "type": "Feature"
  },
  {
   "geometry": {
    "coordinates": [
     121.754179,
     24.89985
    ],
    "type": "Point"
   },
   "properties": {
    "bearing": 0.0,
    "city": "國道",
    "description": "國道五號北向21.1公里",
    "id": "13940-159",
    "last_seen": "2026-08-11",
    "section_id": null,
    "section_role": null,
    "source": "gov.tw:13940",
    "speed_limit": 90,
    "type": "fixed"
   },
   "type": "Feature"
  },
  {
   "geometry": {
    "coordinates": [
     120.860444,
     24.592031
    ],
    "type": "Point"
   },
   "properties": {
    "bearing": 180.0,
    "city": "國道",
    "description": "國道一號南向124公里",
    "id": "13940-16",
    "last_seen": "2026-08-11",
    "section_id": null,
    "section_role": null,
    "source": "gov.tw:13940",
    "speed_limit": 100,
    "type": "fixed"
   },
   "type": "Feature"
  },
  {
   "geometry": {
    "coordinates": [
     121.762216,
     24.889566
    ],
    "type": "Point"
   },
   "properties": {
    "bearing": 0.0,
    "city": "國道",
    "description": "國道五號北向22.5公里",
    "id": "13940-160",
    "last_seen": "2026-08-11",
    "section_id": null,
    "section_role": null,
    "source": "gov.tw:13940",
    "speed_limit": 90,
    "type": "fixed"
   },
   "type": "Feature"
  },
  {
   "geometry": {
    "coordinates": [
     121.769874,
     24.879106
    ],
    "type": "Point"
   },
   "properties": {
    "bearing": 0.0,
    "city": "國道",
    "description": "國道五號北向23.9公里",
    "id": "13940-161",
    "last_seen": "2026-08-11",
    "section_id": null,
    "section_role": null,
    "source": "gov.tw:13940",
    "speed_limit": 90,
    "type": "fixed"
   },
   "type": "Feature"
  },
  {
   "geometry": {
    "coordinates": [
     121.779332,
     24.869922
    ],
    "type": "Point"
   },
   "properties": {
    "bearing": 0.0,
    "city": "國道",
    "description": "國道五號北向25.3公里",
    "id": "13940-162",
    "last_seen": "2026-08-11",
    "section_id": null,
    "section_role": null,
    "source": "gov.tw:13940",
    "speed_limit": 90,
    "type": "fixed"
   },
   "type": "Feature"
  },
  {
   "geometry": {
    "coordinates": [
     121.788341,
     24.860365
    ],
    "type": "Point"
   },
   "properties": {
    "bearing": 0.0,
    "city": "國道",
    "description": "國道五號北向26.7公里",
    "id": "13940-163",
    "last_seen": "2026-08-11",
    "section_id": null,
    "section_role": null,
    "source": "gov.tw:13940",
    "speed_limit": 90,
    "type": "fixed"
   },
   "type": "Feature"
  },
  {
   "geometry": {
    "coordinates": [
     121.780956,
     24.791564
    ],
    "type": "Point"
   },
   "properties": {
    "bearing": 0.0,
    "city": "國道",
    "description": "國道五號北向34.9公里",
    "id": "13940-164",
    "last_seen": "2026-08-11",
    "section_id": null,
    "section_role": null,
    "source": "gov.tw:13940",
    "speed_limit": 90,
    "type": "fixed"
   },
   "type": "Feature"
  },
  {
   "geometry": {
    "coordinates": [
     120.801365,
     23.996188
    ],
    "type": "Point"
   },
   "properties": {
    "bearing": 270.0,
    "city": "國道",
    "description": "國道六號西向15.6公里",
    "id": "13940-165",
    "last_seen": "2026-08-11",
    "section_id": null,
    "section_role": null,
    "source": "gov.tw:13940",
    "speed_limit": 100,
    "type": "fixed"
   },
   "type": "Feature"
  },
  {
   "geometry": {
    "coordinates": [
     120.890991,
     23.981101
    ],
    "type": "Point"
   },
   "properties": {
    "bearing": 270.0,
    "city": "國道",
    "description": "國道六號西向26公里",
    "id": "13940-166",
    "last_seen": "2026-08-11",
    "section_id": null,
    "section_role": null,
    "source": "gov.tw:13940",
    "speed_limit": 100,
    "type": "fixed"
   },
   "type": "Feature"
  },
  {
   "geometry": {
    "coordinates": [
     120.778725,
     23.985535
    ],
    "type": "Point"
   },
   "properties": {
    "bearing": 90.0,
    "city": "國道",
    "description": "國道六號東向12.5公里",
    "id": "13940-167",
    "last_seen": "2026-08-11",
    "section_id": null,
    "section_role": null,
    "source": "gov.tw:13940",
    "speed_limit": 100,
    "type": "fixed"
   },
   "type": "Feature"
  },
  {
   "geometry": {
    "coordinates": [
     120.988139,
     23.982555
    ],
    "type": "Point"
   },
   "properties": {
    "bearing": 90.0,
    "city": "國道",
    "description": "國道六號東向36.5公里",
    "id": "13940-168",
    "last_seen": "2026-08-11",
    "section_id": null,
    "section_role": null,
    "source": "gov.tw:13940",
    "speed_limit": 100,
    "type": "fixed"
   },
   "type": "Feature"
  },
  {
   "geometry": {
    "coordinates": [
     120.195444,
     23.080551
    ],
    "type": "Point"
   },
   "properties": {
    "bearing": 90.0,
    "city": "國道",
    "description": "國道八號東向0公里",
    "id": "13940-169",
    "last_seen": "2026-08-11",
    "section_id": null,
    "section_role": null,
    "source": "gov.tw:13940",
    "speed_limit": 80,
    "type": "fixed"
   },
   "type": "Feature"
  },
  {
   "geometry": {
    "coordinates": [
     120.852749,
     24.570803
    ],
    "type": "Point"
   },
   "properties": {
    "bearing": 180.0,
    "city": "國道",
    "description": "國道一號南向126.5公里",
    "id": "13940-17",
    "last_seen": "2026-08-11",
    "section_id": null,
    "section_role": null,
    "source": "gov.tw:13940",
    "speed_limit": 100,
    "type": "fixed"
   },
   "type": "Feature"
  },
  {
   "geometry": {
    "coordinates": [
     120.209621,
     23.089607
    ],
    "type": "Point"
   },
   "properties": {
    "bearing": 90.0,
    "city": "國道",
    "description": "國道八號東向4.2公里",
    "id": "13940-170",
    "last_seen": "2026-08-11",
    "section_id": null,
    "section_role": null,
    "source": "gov.tw:13940",
    "speed_limit": 80,
    "type": "fixed"
   },
   "type": "Feature"
  },
  {
   "geometry": {
    "coordinates": [
     120.195444,
     23.080551
    ],
    "type": "Point"
   },
   "properties": {
    "bearing": 270.0,
    "city": "國道",
    "description": "國道八號西向0公里",
    "id": "13940-171",
    "last_seen": "2026-08-11",
    "section_id": null,
    "section_role": null,
    "source": "gov.tw:13940",
    "speed_limit": 80,
    "type": "fixed"
   },
   "type": "Feature"
  },
  {
   "geometry": {
    "coordinates": [
     120.406753,
     22.770908
    ],
    "type": "Point"
   },
   "properties": {
    "bearing": 270.0,
    "city": "國道",
    "description": "國道十號西向16.8公里",
    "id": "13940-172",
    "last_seen": "2026-08-11",
    "section_id": null,
    "section_role": null,
    "source": "gov.tw:13940",
    "speed_limit": 100,
    "type": "fixed"
   },
   "type": "Feature"
  },
  {
   "geometry": {
    "coordinates": [
     120.488103,
     22.825377
    ],
    "type": "Point"
   },
   "properties": {
    "bearing": 270.0,
    "city": "國道",
    "description": "國道十號西向28.3公里",
    "id": "13940-173",
    "last_seen": "2026-08-11",
    "section_id": null,
    "section_role": null,
    "source": "gov.tw:13940",
    "speed_limit": 100,
    "type": "fixed"
   },
   "type": "Feature"
  },
  {
   "geometry": {
    "coordinates": [
     120.386905,
     22.760332
    ],
    "type": "Point"
   },
   "properties": {
    "bearing": 90.0,
    "city": "國道",
    "description": "國道十號東向14.7公里",
    "id": "13940-174",
    "last_seen": "2026-08-11",
    "section_id": null,
    "section_role": null,
    "source": "gov.tw:13940",
    "speed_limit": 100,
    "type": "fixed"
   },
   "type": "Feature"
  },
  {
   "geometry": {
    "coordinates": [
     120.437507,
     22.795574
    ],
    "type": "Point"
   },
   "properties": {
    "bearing": 90.0,
    "city": "國道",
    "description": "國道十號東向21.4公里",
    "id": "13940-175",
    "last_seen": "2026-08-11",
    "section_id": null,
    "section_role": null,
    "source": "gov.tw:13940",
    "speed_limit": 100,
    "type": "fixed"
   },
   "type": "Feature"
  },
  {
   "geometry": {
    "coordinates": [
     121.732038,
     25.152981
    ],
    "type": "Point"
   },
   "properties": {
    "bearing": 0.0,
    "city": "國道",
    "description": "臺2己線北向1.1公里",
    "id": "13940-176",
    "last_seen": "2026-08-11",
    "section_id": null,
    "section_role": null,
    "source": "gov.tw:13940",
    "speed_limit": 50,
    "type": "fixed"
   },
   "type": "Feature"
  },
  {
   "geometry": {
    "coordinates": [
     120.553814,
     24.105671
    ],
    "type": "Point"
   },
   "properties": {
    "bearing": null,
    "city": "國道",
    "description": "國道三號彰化系統交流道南北向出口交會處（匝道5K+514）公里",
    "id": "13940-177",
    "last_seen": "2026-08-11",
    "section_id": null,
    "section_role": null,
    "source": "gov.tw:13940",
    "speed_limit": 60,
    "type": "fixed"
   },
   "type": "Feature"
  },
  {
   "geometry": {
    "coordinates": [
     120.839355,
     24.551512
    ],
    "type": "Point"
   },
   "properties": {
    "bearing": 180.0,
    "city": "國道",
    "description": "國道一號南向129.15公里",
    "id": "13940-18",
    "last_seen": "2026-08-11",
    "section_id": null,
    "section_role": null,
    "source": "gov.tw:13940",
    "speed_limit": 100,
    "type": "fixed"
   },
   "type": "Feature"
  },
  {
   "geometry": {
    "coordinates": [
     120.746455,
     24.37083
    ],
    "type": "Point"
   },
   "properties": {
    "bearing": 180.0,
    "city": "國道",
    "description": "國道一號南向152.9公里",
    "id": "13940-19",
    "last_seen": "2026-08-11",
    "section_id": null,
    "section_role": null,
    "source": "gov.tw:13940",
    "speed_limit": 100,
    "type": "fixed"
   },
   "type": "Feature"
  },
  {
   "geometry": {
    "coordinates": [
     121.624945,
     25.066725
    ],
    "type": "Point"
   },
   "properties": {
    "bearing": 180.0,
    "city": "國道",
    "description": "國道一號南向13.7公里",
    "id": "13940-2",
    "last_seen": "2026-08-11",
    "section_id": null,
    "section_role": null,
    "source": "gov.tw:13940",
    "speed_limit": 100,
    "type": "fixed"
   },
   "type": "Feature"
  },
  {
   "geometry": {
    "coordinates": [
     120.693088,
     24.273297
    ],
    "type": "Point"
   },
   "properties": {
    "bearing": 180.0,
    "city": "國道",
    "description": "國道一號南向165.3公里",
    "id": "13940-20",
    "last_seen": "2026-08-11",
    "section_id": null,
    "section_role": null,
    "source": "gov.tw:13940",
    "speed_limit": 110,
    "type": "fixed"
   },
   "type": "Feature"
  },
  {
   "geometry": {
    "coordinates": [
     120.685159,
     24.228313
    ],
    "type": "Point"
   },
   "properties": {
    "bearing": 180.0,
    "city": "國道",
    "description": "國道一號南向170.3公里",
    "id": "13940-21",
    "last_seen": "2026-08-11",
    "section_id": null,
    "section_role": null,
    "source": "gov.tw:13940",
    "speed_limit": 110,
    "type": "fixed"
   },
   "type": "Feature"
  },
  {
   "geometry": {
    "coordinates": [
     120.673167,
     24.214232
    ],
    "type": "Point"
   },
   "properties": {
    "bearing": 180.0,
    "city": "國道",
    "description": "國道一號南向172.4公里",
    "id": "13940-22",
    "last_seen": "2026-08-11",
    "section_id": null,
    "section_role": null,
    "source": "gov.tw:13940",
    "speed_limit": 110,
    "type": "fixed"
   },
   "type": "Feature"
  },
  {
   "geometry": {
    "coordinates": [
     120.597491,
     24.113134
    ],
    "type": "Point"
   },
   "properties": {
    "bearing": 180.0,
    "city": "國道",
    "description": "國道一號南向187.5公里",
    "id": "13940-23",
    "last_seen": "2026-08-11",
    "section_id": null,
    "section_role": null,
    "source": "gov.tw:13940",
    "speed_limit": 110,
    "type": "fixed"
   },
   "type": "Feature"
  },
  {
   "geometry": {
    "coordinates": [
     120.523776,
     24.053078
    ],
    "type": "Point"
   },
   "properties": {
    "bearing": 180.0,
    "city": "國道",
    "description": "國道一號南向200.1公里",
    "id": "13940-24",
    "last_seen": "2026-08-11",
    "section_id": null,
    "section_role": null,
    "source": "gov.tw:13940",
    "speed_limit": 110,
    "type": "fixed"
   },
   "type": "Feature"
  },
  {
   "geometry": {
    "coordinates": [
     120.484221,
     23.844749
    ],
    "type": "Point"
   },
   "properties": {
    "bearing": 180.0,
    "city": "國道",
    "description": "國道一號南向223.5公里",
    "id": "13940-25",
    "last_seen": "2026-08-11",
    "section_id": null,
    "section_role": null,
    "source": "gov.tw:13940",
    "speed_limit": 110,
    "type": "fixed"
   },
   "type": "Feature"
  },
  {
   "geometry": {
    "coordinates": [
     120.476085,
     23.712355
    ],
    "type": "Point"
   },
   "properties": {
    "bearing": 180.0,
    "city": "國道",
    "description": "國道一號南向238.6公里",
    "id": "13940-26",
    "last_seen": "2026-08-11",
    "section_id": null,
    "section_role": null,
    "source": "gov.tw:13940",
    "speed_limit": 110,
    "type": "fixed"
   },
   "type": "Feature"
  },
  {
   "geometry": {
    "coordinates": [
     120.443773,
     23.641596
    ],
    "type": "Point"
   },
   "properties": {
    "bearing": 180.0,
    "city": "國道",
    "description": "國道一號南向247.2公里",
    "id": "13940-27",
    "last_seen": "2026-08-11",
    "section_id": null,
    "section_role": null,
    "source": "gov.tw:13940",
    "speed_limit": 110,
    "type": "fixed"
   },
   "type": "Feature"
  },
  {
   "geometry": {
    "coordinates": [
     120.434351,
     23.597475
    ],
    "type": "Point"
   },
   "properties": {
    "bearing": 180.0,
    "city": "國道",
    "description": "國道一號南向252.2公里",
    "id": "13940-28",
    "last_seen": "2026-08-11",
    "section_id": null,
    "section_role": null,
    "source": "gov.tw:13940",
    "speed_limit": 110,
    "type": "fixed"
   },
   "type": "Feature"
  },
  {
   "geometry": {
    "coordinates": [
     120.405818,
     23.527652
    ],
    "type": "Point"
   },
   "properties": {
    "bearing": 180.0,
    "city": "國道",
    "description": "國道一號南向260.5公里",
    "id": "13940-29",
    "last_seen": "2026-08-11",
    "section_id": null,
    "section_role": null,
    "source": "gov.tw:13940",
    "speed_limit": 110,
    "type": "fixed"
   },
   "type": "Feature"
  },
  {
   "geometry": {
    "coordinates": [
     121.536862,
     25.07305
    ],
    "type": "Point"
   },
   "properties": {
    "bearing": 180.0,
    "city": "國道",
    "description": "國道一號南向22.7公里",
    "id": "13940-3",
    "last_seen": "2026-08-11",
    "section_id": null,
    "section_role": null,
    "source": "gov.tw:13940",
    "speed_limit": 100,
    "type": "fixed"
   },
   "type": "Feature"
  },
  {
   "geometry": {
    "coordinates": [
     120.355248,
     23.397736
    ],
    "type": "Point"
   },
   "properties": {
    "bearing": 180.0,
    "city": "國道",
    "description": "國道一號南向276.2公里",
    "id": "13940-30",
    "last_seen": "2026-08-11",
    "section_id": null,
    "section_role": null,
    "source": "gov.tw:13940",
    "speed_limit": 110,
    "type": "fixed"
   },
   "type": "Feature"
  },
  {
   "geometry": {
    "coordinates": [
     120.350715,
     23.373209
    ],
    "type": "Point"
   },
   "properties": {
    "bearing": 180.0,
    "city": "國道",
    "description": "國道一號南向279公里",
    "id": "13940-31",
    "last_seen": "2026-08-11",
    "section_id": null,
    "section_role": null,
    "source": "gov.tw:13940",
    "speed_limit": 110,
    "type": "fixed"
   },
   "type": "Feature"
  },
  {
   "geometry": {
    "coordinates": [
     120.306842,
     23.334304
    ],
    "type": "Point"
   },
   "properties": {
    "bearing": 180.0,
    "city": "國道",
    "description": "國道一號南向285.3公里",
    "id": "13940-32",
    "last_seen": "2026-08-11",
    "section_id": null,
    "section_role": null,
    "source": "gov.tw:13940",
    "speed_limit": 110,
    "type": "fixed"
   },
   "type": "Feature"
  },
  {
   "geometry": {
    "coordinates": [
     120.267327,
     23.27464
    ],
    "type": "Point"
   },
   "properties": {
    "bearing": 180.0,
    "city": "國道",
    "description": "國道一號南向293.1公里",
    "id": "13940-33",
    "last_seen": "2026-08-11",
    "section_id": null,
    "section_role": null,
    "source": "gov.tw:13940",
    "speed_limit": 110,
    "type": "fixed"
   },
   "type": "Feature"
  },
  {
   "geometry": {
    "coordinates": [
     120.23653,
     23.204189
    ],
    "type": "Point"
   },
   "properties": {
    "bearing": 180.0,
    "city": "國道",
    "description": "國道一號南向301.6公里",
    "id": "13940-34",
    "last_seen": "2026-08-11",
    "section_id": null,
    "section_role": null,
    "source": "gov.tw:13940",
    "speed_limit": 110,
    "type": "fixed"
   },
   "type": "Feature"
  },
  {
   "geometry": {
    "coordinates": [
     120.231495,
     23.16412
    ],
    "type": "Point"
   },
   "properties": {
    "bearing": 180.0,
    "city": "國道",
    "description": "國道一號南向306.1公里",
    "id": "13940-35",
    "last_seen": "2026-08-11",
    "section_id": null,
    "section_role": null,
    "source": "gov.tw:13940",
    "speed_limit": 110,
    "type": "fixed"
   },
   "type": "Feature"
  },
  {
   "geometry": {
    "coordinates": [
     120.251739,
     23.082615
    ],
    "type": "Point"
   },
   "properties": {
    "bearing": 180.0,
    "city": "國道",
    "description": "國道一號南向315.5公里",
    "id": "13940-36",
    "last_seen": "2026-08-11",
    "section_id": null,
    "section_role": null,
    "source": "gov.tw:13940",
    "speed_limit": 110,
    "type": "fixed"
   },
   "type": "Feature"
  },
  {
   "geometry": {
    "coordinates": [
     120.249296,
     23.026246
    ],
    "type": "Point"
   },
   "properties": {
    "bearing": 180.0,
    "city": "國道",
    "description": "國道一號南向321.8公里",
    "id": "13940-37",
    "last_seen": "2026-08-11",
    "section_id": null,
    "section_role": null,
    "source": "gov.tw:13940",
    "speed_limit": 110,
    "type": "fixed"
   },
   "type": "Feature"
  },
  {
   "geometry": {
    "coordinates": [
     120.28468,
     22.867977
    ],
    "type": "Point"
   },
   "properties": {
    "bearing": 180.0,
    "city": "國道",
    "description": "國道一號南向340.2公里",
    "id": "13940-38",
    "last_seen": "2026-08-11",
    "section_id": null,
    "section_role": null,
    "source": "gov.tw:13940",
    "speed_limit": 110,
    "type": "fixed"
   },
   "type": "Feature"
  },
  {
   "geometry": {
    "coordinates": [
     120.33219,
     22.7585
    ],
    "type": "Point"
   },
   "properties": {
    "bearing": 180.0,
    "city": "國道",
    "description": "國道一號南向353.4公里",
    "id": "13940-39",
    "last_seen": "2026-08-11",
    "section_id": null,
    "section_role": null,
    "source": "gov.tw:13940",
    "speed_limit": 110,
    "type": "fixed"
   },
   "type": "Feature"
  },
  {
   "geometry": {
    "coordinates": [
     121.30055,
     25.04396
    ],
    "type": "Point"
   },
   "properties": {
    "bearing": 180.0,
    "city": "國道",
    "description": "國道一號南向26.8公里",
    "id": "13940-4",
    "last_seen": "2026-08-11",
    "section_id": null,
    "section_role": null,
    "source": "gov.tw:13940",
    "speed_limit": 100,
    "type": "fixed"
   },
   "type": "Feature"
  },
  {
   "geometry": {
    "coordinates": [
     120.328733,
     22.677533
    ],
    "type": "Point"
   },
   "properties": {
    "bearing": 180.0,
    "city": "國道",
    "description": "國道一號南向362.5公里",
    "id": "13940-40",
    "last_seen": "2026-08-11",
    "section_id": null,
    "section_role": null,
    "source": "gov.tw:13940",
    "speed_limit": 100,
    "type": "fixed"
   },
   "type": "Feature"
  },
  {
   "geometry": {
    "coordinates": [
     120.328357,
     22.585746
    ],
    "type": "Point"
   },
   "properties": {
    "bearing": 180.0,
    "city": "國道",
    "description": "國道一號南向373.5公里",
    "id": "13940-41",
    "last_seen": "2026-08-11",
    "section_id": null,
    "section_role": null,
    "source": "gov.tw:13940",
    "speed_limit": 60,
    "type": "fixed"
   },
   "type": "Feature"
  },
  {
   "geometry": {
    "coordinates": [
     121.725338,
     25.107764
    ],
    "type": "Point"
   },
   "properties": {
    "bearing": 0.0,
    "city": "國道",
    "description": "國道一號北向1.9公里",
    "id": "13940-42",
    "last_seen": "2026-08-11",
    "section_id": null,
    "section_role": null,
    "source": "gov.tw:13940",
    "speed_limit": 100,
    "type": "fixed"
   },
   "type": "Feature"
  },
  {
   "geometry": {
    "coordinates": [
     121.680708,
     25.085808
    ],
    "type": "Point"
   },
   "properties": {
    "bearing": 0.0,
    "city": "國道",
    "description": "國道一號北向7.5公里",
    "id": "13940-43",
    "last_seen": "2026-08-11",
    "section_id": null,
    "section_role": null,
    "source": "gov.tw:13940",
    "speed_limit": 100,
    "type": "fixed"
   },
   "type": "Feature"
  },
  {
   "geometry": {
    "coordinates": [
     121.616437,
     25.065916
    ],
    "type": "Point"
   },
   "properties": {
    "bearing": 0.0,
    "city": "國道",
    "description": "國道一號北向14.5公里",
    "id": "13940-44",
    "last_seen": "2026-08-11",
    "section_id": null,
    "section_role": null,
    "source": "gov.tw:13940",
    "speed_limit": 100,
    "type": "fixed"
   },
   "type": "Feature"
  },
  {
   "geometry": {
    "coordinates": [
     121.423881,
     25.066258
    ],
    "type": "Point"
   },
   "properties": {
    "bearing": 0.0,
    "city": "國道",
    "description": "國道一號北向34.4公里",
    "id": "13940-45",
    "last_seen": "2026-08-11",
    "section_id": null,
    "section_role": null,
    "source": "gov.tw:13940",
    "speed_limit": 50,
    "type": "fixed"
   },
   "type": "Feature"
  },
  {
   "geometry": {
    "coordinates": [
     121.402562,
     25.055336
    ],
    "type": "Point"
   },
   "properties": {
    "bearing": 0.0,
    "city": "國道",
    "description": "國道一號北向37公里",
    "id": "13940-46",
    "last_seen": "2026-08-11",
    "section_id": null,
    "section_role": null,
    "source": "gov.tw:13940",
    "speed_limit": 100,
    "type": "fixed"
   },
   "type": "Feature"
  },
  {
   "geometry": {
    "coordinates": [
     121.194772,
     24.945833
    ],
    "type": "Point"
   },
   "properties": {
    "bearing": 0.0,
    "city": "國道",
    "description": "國道一號北向63.7公里",
    "id": "13940-47",
    "last_seen": "2026-08-11",
    "section_id": null,
    "section_role": null,
    "source": "gov.tw:13940",
    "speed_limit": 100,
    "type": "fixed"
   },
   "type": "Feature"
  },
  {
   "geometry": {
    "coordinates": [
     121.10067,
     24.55137
    ],
    "type": "Point"
   },
   "properties": {
    "bearing": 0.0,
    "city": "國道",
    "description": "國道一號北向66.6公里",
    "id": "13940-48",
    "last_seen": "2026-08-11",
    "section_id": null,
    "section_role": null,
    "source": "gov.tw:13940",
    "speed_limit": 100,
    "type": "fixed"
   },
   "type": "Feature"
  },
  {
   "geometry": {
    "coordinates": [
     121.055756,
     24.875991
    ],
    "type": "Point"
   },
   "properties": {
    "bearing": 0.0,
    "city": "國道",
    "description": "國道一號北向81.1公里",
    "id": "13940-49",
    "last_seen": "2026-08-11",
    "section_id": null,
    "section_role": null,
    "source": "gov.tw:13940",
    "speed_limit": 100,
    "type": "fixed"
   },
   "type": "Feature"
  },
  {
   "geometry": {
    "coordinates": [
     121.466354,
     25.075938
    ],
    "type": "Point"
   },
   "properties": {
    "bearing": 180.0,
    "city": "國道",
    "description": "國道一號南向30公里",
    "id": "13940-5",
    "last_seen": "2026-08-11",
    "section_id": null,
    "section_role": null,
    "source": "gov.tw:13940",
    "speed_limit": 100,
    "type": "fixed"
   },
   "type": "Feature"
  },
  {
   "geometry": {
    "coordinates": [
     121.046089,
     24.876559
    ],
    "type": "Point"
   },
   "properties": {
    "bearing": 0.0,
    "city": "國道",
    "description": "國道一號北向82.1公里",
    "id": "13940-50",
    "last_seen": "2026-08-11",
    "section_id": null,
    "section_role": null,
    "source": "gov.tw:13940",
    "speed_limit": 100,
    "type": "fixed"
   },
   "type": "Feature"
  },
  {
   "geometry": {
    "coordinates": [
     120.947318,
     24.726902
    ],
    "type": "Point"
   },
   "properties": {
    "bearing": 0.0,
    "city": "國道",
    "description": "國道一號北向105.5公里",
    "id": "13940-51",
    "last_seen": "2026-08-11",
    "section_id": null,
    "section_role": null,
    "source": "gov.tw:13940",
    "speed_limit": 100,
    "type": "fixed"
   },
   "type": "Feature"
  },
  {
   "geometry": {
    "coordinates": [
     120.846212,
     24.564767
    ],
    "type": "Point"
   },
   "properties": {
    "bearing": 0.0,
    "city": "國道",
    "description": "國道一號北向127.5公里",
    "id": "13940-52",
    "last_seen": "2026-08-11",
    "section_id": null,
    "section_role": null,
    "source": "gov.tw:13940",
    "speed_limit": 100,
    "type": "fixed"
   },
   "type": "Feature"
  },
  {
   "geometry": {
    "coordinates": [
     120.808679,
     24.511134
    ],
    "type": "Point"
   },
   "properties": {
    "bearing": 0.0,
    "city": "國道",
    "description": "國道一號北向134.7公里",
    "id": "13940-53",
    "last_seen": "2026-08-11",
    "section_id": null,
    "section_role": null,
    "source": "gov.tw:13940",
    "speed_limit": 100,
    "type": "fixed"
   },
   "type": "Feature"
  },
  {
   "geometry": {
    "coordinates": [
     120.788041,
     24.462055
    ],
    "type": "Point"
   },
   "properties": {
    "bearing": 0.0,
    "city": "國道",
    "description": "國道一號北向141.7公里",
    "id": "13940-54",
    "last_seen": "2026-08-11",
    "section_id": null,
    "section_role": null,
    "source": "gov.tw:13940",
    "speed_limit": 100,
    "type": "fixed"
   },
   "type": "Feature"
  },
  {
   "geometry": {
    "coordinates": [
     120.720331,
     24.337972
    ],
    "type": "Point"
   },
   "properties": {
    "bearing": 0.0,
    "city": "國道",
    "description": "國道一號北向157.4公里",
    "id": "13940-55",
    "last_seen": "2026-08-11",
    "section_id": null,
    "section_role": null,
    "source": "gov.tw:13940",
    "speed_limit": 110,
    "type": "fixed"
   },
   "type": "Feature"
  },
  {
   "geometry": {
    "coordinates": [
     120.669153,
     24.211574
    ],
    "type": "Point"
   },
   "properties": {
    "bearing": 0.0,
    "city": "國道",
    "description": "國道一號北向172.8公里",
    "id": "13940-56",
    "last_seen": "2026-08-11",
    "section_id": null,
    "section_role": null,
    "source": "gov.tw:13940",
    "speed_limit": 110,
    "type": "fixed"
   },
   "type": "Feature"
  },
  {
   "geometry": {
    "coordinates": [
     120.59194,
     24.116181
    ],
    "type": "Point"
   },
   "properties": {
    "bearing": 0.0,
    "city": "國道",
    "description": "國道一號北向188公里",
    "id": "13940-57",
    "last_seen": "2026-08-11",
    "section_id": null,
    "section_role": null,
    "source": "gov.tw:13940",
    "speed_limit": 110,
    "type": "fixed"
   },
   "type": "Feature"
  },
  {
   "geometry": {
    "coordinates": [
     120.484809,
     23.831925
    ],
    "type": "Point"
   },
   "properties": {
    "bearing": 0.0,
    "city": "國道",
    "description": "國道一號北向224.9公里",
    "id": "13940-58",
    "last_seen": "2026-08-11",
    "section_id": null,
    "section_role": null,
    "source": "gov.tw:13940",
    "speed_limit": 110,
    "type": "fixed"
   },
   "type": "Feature"
  },
  {
   "geometry": {
    "coordinates": [
     120.467784,
     23.75788
    ],
    "type": "Point"
   },
   "properties": {
    "bearing": 0.0,
    "city": "國道",
    "description": "國道一號北向233.4公里",
    "id": "13940-59",
    "last_seen": "2026-08-11",
    "section_id": null,
    "section_role": null,
    "source": "gov.tw:13940",
    "speed_limit": 110,
    "type": "fixed"
   },
   "type": "Feature"
  },
  {
   "geometry": {
    "coordinates": [
     121.424368,
     25.067222
    ],
    "type": "Point"
   },
   "properties": {
    "bearing": 180.0,
    "city": "國道",
    "description": "國道一號南向34.4公里",
    "id": "13940-6",
    "last_seen": "2026-08-11",
    "section_id": null,
    "section_role": null,
    "source": "gov.tw:13940",
    "speed_limit": 50,
    "type": "fixed"
   },
   "type": "Feature"
  },
  {
   "geometry": {
    "coordinates": [
     120.444303,
     23.643088
    ],
    "type": "Point"
   },
   "properties": {
    "bearing": 0.0,
    "city": "國道",
    "description": "國道一號北向246.8公里",
    "id": "13940-60",
    "last_seen": "2026-08-11",
    "section_id": null,
    "section_role": null,
    "source": "gov.tw:13940",
    "speed_limit": 110,
    "type": "fixed"
   },
   "type": "Feature"
  },
  {
   "geometry": {
    "coordinates": [
     120.428493,
     23.581107
    ],
    "type": "Point"
   },
   "properties": {
    "bearing": 0.0,
    "city": "國道",
    "description": "國道一號北向254.1公里",
    "id": "13940-61",
    "last_seen": "2026-08-11",
    "section_id": null,
    "section_role": null,
    "source": "gov.tw:13940",
    "speed_limit": 110,
    "type": "fixed"
   },
   "type": "Feature"
  },
  {
   "geometry": {
    "coordinates": [
     120.404041,
     23.516769
    ],
    "type": "Point"
   },
   "properties": {
    "bearing": 0.0,
    "city": "國道",
    "description": "國道一號北向261.7公里",
    "id": "13940-62",
    "last_seen": "2026-08-11",
    "section_id": null,
    "section_role": null,
    "source": "gov.tw:13940",
    "speed_limit": 110,
    "type": "fixed"
   },
   "type": "Feature"
  },
  {
   "geometry": {
    "coordinates": [
     120.355291,
     23.387621
    ],
    "type": "Point"
   },
   "properties": {
    "bearing": 0.0,
    "city": "國道",
    "description": "國道一號北向277.3公里",
    "id": "13940-63",
    "last_seen": "2026-08-11",
    "section_id": null,
    "section_role": null,
    "source": "gov.tw:13940",
    "speed_limit": 110,
    "type": "fixed"
   },
   "type": "Feature"
  },
  {
   "geometry": {
    "coordinates": [
     120.271282,
     23.278519
    ],
    "type": "Point"
   },
   "properties": {
    "bearing": 0.0,
    "city": "國道",
    "description": "國道一號北向292.5公里",
    "id": "13940-64",
    "last_seen": "2026-08-11",
    "section_id": null,
    "section_role": null,
    "source": "gov.tw:13940",
    "speed_limit": 110,
    "type": "fixed"
   },
   "type": "Feature"
  },
  {
   "geometry": {
    "coordinates": [
     120.236717,
     23.204871
    ],
    "type": "Point"
   },
   "properties": {
    "bearing": 0.0,
    "city": "國道",
    "description": "國道一號北向301.5公里",
    "id": "13940-65",
    "last_seen": "2026-08-11",
    "section_id": null,
    "section_role": null,
    "source": "gov.tw:13940",
    "speed_limit": 110,
    "type": "fixed"
   },
   "type": "Feature"
  },
  {
   "geometry": {
    "coordinates": [
     120.234682,
     23.137454
    ],
    "type": "Point"
   },
   "properties": {
    "bearing": 0.0,
    "city": "國道",
    "description": "國道一號北向309.1公里",
    "id": "13940-66",
    "last_seen": "2026-08-11",
    "section_id": null,
    "section_role": null,
    "source": "gov.tw:13940",
    "speed_limit": 110,
    "type": "fixed"
   },
   "type": "Feature"
  },
  {
   "geometry": {
    "coordinates": [
     120.249371,
     23.011912
    ],
    "type": "Point"
   },
   "properties": {
    "bearing": 0.0,
    "city": "國道",
    "description": "國道一號北向323.4公里",
    "id": "13940-67",
    "last_seen": "2026-08-11",
    "section_id": null,
    "section_role": null,
    "source": "gov.tw:13940",
    "speed_limit": 110,
    "type": "fixed"
   },
   "type": "Feature"
  },
  {
   "geometry": {
    "coordinates": [
     120.260136,
     22.918658
    ],
    "type": "Point"
   },
   "properties": {
    "bearing": 0.0,
    "city": "國道",
    "description": "國道一號北向334公里",
    "id": "13940-68",
    "last_seen": "2026-08-11",
    "section_id": null,
    "section_role": null,
    "source": "gov.tw:13940",
    "speed_limit": 110,
    "type": "fixed"
   },
   "type": "Feature"
  },
  {
   "geometry": {
    "coordinates": [
     120.270433,
     22.896294
    ],
    "type": "Point"
   },
   "properties": {
    "bearing": 0.0,
    "city": "國道",
    "description": "國道一號北向336.7公里",
    "id": "13940-69",
    "last_seen": "2026-08-11",
    "section_id": null,
    "section_role": null,
    "source": "gov.tw:13940",
    "speed_limit": 110,
    "type": "fixed"
   },
   "type": "Feature"
  },
  {
   "geometry": {
    "coordinates": [
     121.24545,
     25.03426
    ],
    "type": "Point"
   },
   "properties": {
    "bearing": 180.0,
    "city": "國道",
    "description": "國道一號南向35.56公里",
    "id": "13940-7",
    "last_seen": "2026-08-11",
    "section_id": null,
    "section_role": null,
    "source": "gov.tw:13940",
    "speed_limit": 100,
    "type": "fixed"
   },
   "type": "Feature"
  },
  {
   "geometry": {
    "coordinates": [
     120.332099,
     22.759114
    ],
    "type": "Point"
   },
   "properties": {
    "bearing": 0.0,
    "city": "國道",
    "description": "國道一號北向353.3公里",
    "id": "13940-70",
    "last_seen": "2026-08-11",
    "section_id": null,
    "section_role": null,
    "source": "gov.tw:13940",
    "speed_limit": 110,
    "type": "fixed"
   },
   "type": "Feature"
  },
  {
   "geometry": {
    "coordinates": [
     120.329146,
     22.586142
    ],
    "type": "Point"
   },
   "properties": {
    "bearing": 0.0,
    "city": "國道",
    "description": "國道一號北向373.4公里",
    "id": "13940-71",
    "last_seen": "2026-08-11",
    "section_id": null,
    "section_role": null,
    "source": "gov.tw:13940",
    "speed_limit": 60,
    "type": "fixed"
   },
   "type": "Feature"
  },
  {
   "geometry": {
    "coordinates": [
     121.601444,
     25.064278
    ],
    "type": "Point"
   },
   "properties": {
    "bearing": 180.0,
    "city": "國道",
    "description": "國道一號汐五南向16.1公里",
    "id": "13940-72",
    "last_seen": "2026-08-11",
    "section_id": null,
    "section_role": null,
    "source": "gov.tw:13940",
    "speed_limit": 100,
    "type": "fixed"
   },
   "type": "Feature"
  },
  {
   "geometry": {
    "coordinates": [
     121.471292,
     25.075502
    ],
    "type": "Point"
   },
   "properties": {
    "bearing": 180.0,
    "city": "國道",
    "description": "國道一號汐五南向29.5公里",
    "id": "13940-73",
    "last_seen": "2026-08-11",
    "section_id": null,
    "section_role": null,
    "source": "gov.tw:13940",
    "speed_limit": 100,
    "type": "fixed"
   },
   "type": "Feature"
  },
  {
   "geometry": {
    "coordinates": [
     121.601696,
     25.063947
    ],
    "type": "Point"
   },
   "properties": {
    "bearing": 0.0,
    "city": "國道",
    "description": "國道一號汐五北向16公里",
    "id": "13940-74",
    "last_seen": "2026-08-11",
    "section_id": null,
    "section_role": null,
    "source": "gov.tw:13940",
    "speed_limit": 100,
    "type": "fixed"
   },
   "type": "Feature"
  },
  {
   "geometry": {
    "coordinates": [
     121.332635,
     25.060703
    ],
    "type": "Point"
   },
   "properties": {
    "bearing": 180.0,
    "city": "國道",
    "description": "國道一號五楊南向44.6公里",
    "id": "13940-75",
    "last_seen": "2026-08-11",
    "section_id": null,
    "section_role": null,
    "source": "gov.tw:13940",
    "speed_limit": 100,
    "type": "fixed"
   },
   "type": "Feature"
  },
  {
   "geometry": {
    "coordinates": [
     121.383882,
     25.065003
    ],
    "type": "Point"
   },
   "properties": {
    "bearing": 0.0,
    "city": "國道",
    "description": "國道一號五楊北向38.8公里",
    "id": "13940-76",
    "last_seen": "2026-08-11",
    "section_id": null,
    "section_role": null,
    "source": "gov.tw:13940",
    "speed_limit": 100,
    "type": "fixed"
   },
   "type": "Feature"
  },
  {
   "geometry": {
    "coordinates": [
     121.193528,
     24.941028
    ],
    "type": "Point"
   },
   "properties": {
    "bearing": 0.0,
    "city": "國道",
    "description": "國道一號五楊北向64.3公里",
    "id": "13940-77",
    "last_seen": "2026-08-11",
    "section_id": null,
    "section_role": null,
    "source": "gov.tw:13940",
    "speed_limit": 100,
    "type": "fixed"
   },
   "type": "Feature"
  },
  {
   "geometry": {
    "coordinates": [
     121.217197,
     25.049833
    ],
    "type": "Point"
   },
   "properties": {
    "bearing": 270.0,
    "city": "國道",
    "description": "國道二號西向2公里",
    "id": "13940-78",
    "last_seen": "2026-08-11",
    "section_id": null,
    "section_role": null,
    "source": "gov.tw:13940",
    "speed_limit": 100,
    "type": "fixed"
   },
   "type": "Feature"
  },
  {
   "geometry": {
    "coordinates": [
     121.251802,
     25.028276
    ],
    "type": "Point"
   },
   "properties": {
    "bearing": 270.0,
    "city": "國道",
    "description": "國道二號西向6.4公里",
    "id": "13940-79",
    "last_seen": "2026-08-11",
    "section_id": null,
    "section_role": null,
    "source": "gov.tw:13940",
    "speed_limit": 100,
    "type": "fixed"
   },
   "type": "Feature"
  },
  {
   "geometry": {
    "coordinates": [
     121.16468,
     25.01288
    ],
    "type": "Point"
   },
   "properties": {
    "bearing": 180.0,
    "city": "國道",
    "description": "國道一號南向51.195公里",
    "id": "13940-8",
    "last_seen": "2026-08-11",
    "section_id": null,
    "section_role": null,
    "source": "gov.tw:13940",
    "speed_limit": 100,
    "type": "fixed"
   },
   "type": "Feature"
  },
  {
   "geometry": {
    "coordinates": [
     121.218629,
     25.046332
    ],
    "type": "Point"
   },
   "properties": {
    "bearing": 90.0,
    "city": "國道",
    "description": "國道二號東向2.4公里",
    "id": "13940-80",
    "last_seen": "2026-08-11",
    "section_id": null,
    "section_role": null,
    "source": "gov.tw:13940",
    "speed_limit": 100,
    "type": "fixed"
   },
   "type": "Feature"
  },
  {
   "geometry": {
    "coordinates": [
     121.282975,
     24.99567
    ],
    "type": "Point"
   },
   "properties": {
    "bearing": 90.0,
    "city": "國道",
    "description": "國道二號東向11.8公里",
    "id": "13940-81",
    "last_seen": "2026-08-11",
    "section_id": null,
    "section_role": null,
    "source": "gov.tw:13940",
    "speed_limit": 100,
    "type": "fixed"
   },
   "type": "Feature"
  },
  {
   "geometry": {
    "coordinates": [
     121.324863,
     24.959269
    ],
    "type": "Point"
   },
   "properties": {
    "bearing": 90.0,
    "city": "國道",
    "description": "國道二號東向18.5公里",
    "id": "13940-82",
    "last_seen": "2026-08-11",
    "section_id": null,
    "section_role": null,
    "source": "gov.tw:13940",
    "speed_limit": 100,
    "type": "fixed"
   },
   "type": "Feature"
  },
  {
   "geometry": {
    "coordinates": [
     121.68526,
     25.110235
    ],
    "type": "Point"
   },
   "properties": {
    "bearing": 180.0,
    "city": "國道",
    "description": "國道三號南向4.7公里",
    "id": "13940-83",
    "last_seen": "2026-08-11",
    "section_id": null,
    "section_role": null,
    "source": "gov.tw:13940",
    "speed_limit": 90,
    "type": "fixed"
   },
   "type": "Feature"
  },
  {
   "geometry": {
    "coordinates": [
     121.592632,
     24.992198
    ],
    "type": "Point"
   },
   "properties": {
    "bearing": 180.0,
    "city": "國道",
    "description": "國道三號南向21.8公里",
    "id": "13940-84",
    "last_seen": "2026-08-11",
    "section_id": null,
    "section_role": null,
    "source": "gov.tw:13940",
    "speed_limit": 90,
    "type": "fixed"
   },
   "type": "Feature"
  },
  {
   "geometry": {
    "coordinates": [
     121.574297,
     24.976428
    ],
    "type": "Point"
   },
   "properties": {
    "bearing": 180.0,
    "city": "國道",
    "description": "國道三號南向24.6公里",
    "id": "13940-85",
    "last_seen": "2026-08-11",
    "section_id": null,
    "section_role": null,
    "source": "gov.tw:13940",
    "speed_limit": 90,
    "type": "fixed"
   },
   "type": "Feature"
  },
  {
   "geometry": {
    "coordinates": [
     121.456281,
     24.975257
    ],
    "type": "Point"
   },
   "properties": {
    "bearing": 180.0,
    "city": "國道",
    "description": "國道三號南向39.3公里",
    "id": "13940-86",
    "last_seen": "2026-08-11",
    "section_id": null,
    "section_role": null,
    "source": "gov.tw:13940",
    "speed_limit": 100,
    "type": "fixed"
   },
   "type": "Feature"
  },
  {
   "geometry": {
    "coordinates": [
     121.255459,
     24.881098
    ],
    "type": "Point"
   },
   "properties": {
    "bearing": 180.0,
    "city": "國道",
    "description": "國道三號南向64.2公里",
    "id": "13940-87",
    "last_seen": "2026-08-11",
    "section_id": null,
    "section_role": null,
    "source": "gov.tw:13940",
    "speed_limit": 110,
    "type": "fixed"
   },
   "type": "Feature"
  },
  {
   "geometry": {
    "coordinates": [
     121.149866,
     24.807201
    ],
    "type": "Point"
   },
   "properties": {
    "bearing": 180.0,
    "city": "國道",
    "description": "國道三號南向81.5公里",
    "id": "13940-88",
    "last_seen": "2026-08-11",
    "section_id": null,
    "section_role": null,
    "source": "gov.tw:13940",
    "speed_limit": 110,
    "type": "fixed"
   },
   "type": "Feature"
  },
  {
   "geometry": {
    "coordinates": [
     121.081475,
     24.76711
    ],
    "type": "Point"
   },
   "properties": {
    "bearing": 180.0,
    "city": "國道",
    "description": "國道三號南向90.2公里",
    "id": "13940-89",
    "last_seen": "2026-08-11",
    "section_id": null,
    "section_role": null,
    "source": "gov.tw:13940",
    "speed_limit": 110,
    "type": "fixed"
   },
   "type": "Feature"
  },
  {
   "geometry": {
    "coordinates": [
     121.216665,
     24.970357
    ],
    "type": "Point"
   },
   "properties": {
    "bearing": 180.0,
    "city": "國道",
    "description": "國道一號南向60.1公里",
    "id": "13940-9",
    "last_seen": "2026-08-11",
    "section_id": null,
    "section_role": null,
    "source": "gov.tw:13940",
    "speed_limit": 100,
    "type": "fixed"
   },
   "type": "Feature"
  },
  {
   "geometry": {
    "coordinates": [
     120.925391,
     24.746012
    ],
    "type": "Point"
   },
   "properties": {
    "bearing": 180.0,
    "city": "國道",
    "description": "國道三號南向107.4公里",
    "id": "13940-90",
    "last_seen": "2026-08-11",
    "section_id": null,
    "section_role": null,
    "source": "gov.tw:13940",
    "speed_limit": 110,
    "type": "fixed"
   },
   "type": "Feature"
  },
  {
   "geometry": {
    "coordinates": [
     120.893754,
     24.714918
    ],
    "type": "Point"
   },
   "properties": {
    "bearing": 180.0,
    "city": "國道",
    "description": "國道三號南向112.2公里",
    "id": "13940-91",
    "last_seen": "2026-08-11",
    "section_id": null,
    "section_role": null,
    "source": "gov.tw:13940",
    "speed_limit": 110,
    "type": "fixed"
   },
   "type": "Feature"
  },
  {
   "geometry": {
    "coordinates": [
     120.853314,
     24.691969
    ],
    "type": "Point"
   },
   "properties": {
    "bearing": 180.0,
    "city": "國道",
    "description": "國道三號南向117.1公里",
    "id": "13940-92",
    "last_seen": "2026-08-11",
    "section_id": null,
    "section_role": null,
    "source": "gov.tw:13940",
    "speed_limit": 110,
    "type": "fixed"
   },
   "type": "Feature"
  },
  {
   "geometry": {
    "coordinates": [
     120.713148,
     24.507293
    ],
    "type": "Point"
   },
   "properties": {
    "bearing": 180.0,
    "city": "國道",
    "description": "國道三號南向142.9公里",
    "id": "13940-93",
    "last_seen": "2026-08-11",
    "section_id": null,
    "section_role": null,
    "source": "gov.tw:13940",
    "speed_limit": 110,
    "type": "fixed"
   },
   "type": "Feature"
  },
  {
   "geometry": {
    "coordinates": [
     120.67839,
     24.453047
    ],
    "type": "Point"
   },
   "properties": {
    "bearing": 180.0,
    "city": "國道",
    "description": "國道三號南向150.2公里",
    "id": "13940-94",
    "last_seen": "2026-08-11",
    "section_id": null,
    "section_role": null,
    "source": "gov.tw:13940",
    "speed_limit": 110,
    "type": "fixed"
   },
   "type": "Feature"
  },
  {
   "geometry": {
    "coordinates": [
     120.658717,
     24.350278
    ],
    "type": "Point"
   },
   "properties": {
    "bearing": 180.0,
    "city": "國道",
    "description": "國道三號南向162.1公里",
    "id": "13940-95",
    "last_seen": "2026-08-11",
    "section_id": null,
    "section_role": null,
    "source": "gov.tw:13940",
    "speed_limit": 110,
    "type": "fixed"
   },
   "type": "Feature"
  },
  {
   "geometry": {
    "coordinates": [
     120.628545,
     24.330594
    ],
    "type": "Point"
   },
   "properties": {
    "bearing": 180.0,
    "city": "國道",
    "description": "國道三號南向166公里",
    "id": "13940-96",
    "last_seen": "2026-08-11",
    "section_id": null,
    "section_role": null,
    "source": "gov.tw:13940",
    "speed_limit": 110,
    "type": "fixed"
   },
   "type": "Feature"
  },
  {
   "geometry": {
    "coordinates": [
     120.590926,
     24.229563
    ],
    "type": "Point"
   },
   "properties": {
    "bearing": 180.0,
    "city": "國道",
    "description": "國道三號南向178.6公里",
    "id": "13940-97",
    "last_seen": "2026-08-11",
    "section_id": null,
    "section_role": null,
    "source": "gov.tw:13940",
    "speed_limit": 110,
    "type": "fixed"
   },
   "type": "Feature"
  },
  {
   "geometry": {
    "coordinates": [
     120.561881,
     24.190897
    ],
    "type": "Point"
   },
   "properties": {
    "bearing": 180.0,
    "city": "國道",
    "description": "國道三號南向184.1公里",
    "id": "13940-98",
    "last_seen": "2026-08-11",
    "section_id": null,
    "section_role": null,
    "source": "gov.tw:13940",
    "speed_limit": 110,
    "type": "fixed"
   },
   "type": "Feature"
  },
  {
   "geometry": {
    "coordinates": [
     120.39066,
     23.59276
    ],
    "type": "Point"
   },
   "properties": {
    "bearing": 180.0,
    "city": "國道",
    "description": "國道三號南向218.9公里",
    "id": "13940-99",
    "last_seen": "2026-08-11",
    "section_id": null,
    "section_role": null,
    "source": "gov.tw:13940",
    "speed_limit": 110,
    "type": "fixed"
   },
   "type": "Feature"
  },
  {
   "geometry": {
    "coordinates": [
     121.74344,
     25.119383
    ],
    "type": "Point"
   },
   "properties": {
    "bearing": 0.0,
    "city": "基隆市",
    "description": "南榮路319巷口",
    "id": "1408cb3d1584",
    "last_seen": "2026-08-11",
    "section_id": null,
    "section_role": null,
    "source": "gov.tw:7320",
    "speed_limit": 50,
    "type": "fixed"
   },
   "type": "Feature"
  },
  {
   "geometry": {
    "coordinates": [
     120.440414,
     22.497778
    ],
    "type": "Point"
   },
   "properties": {
    "bearing": null,
    "city": "屏東縣",
    "description": "台17線251.6K",
    "id": "14824119a286",
    "last_seen": "2026-08-11",
    "section_id": null,
    "section_role": null,
    "source": "gov.tw:7320",
    "speed_limit": 70,
    "type": "fixed"
   },
   "type": "Feature"
  },
  {
   "geometry": {
    "coordinates": [
     121.51977,
     25.048206
    ],
    "type": "Point"
   },
   "properties": {
    "bearing": 90.0,
    "city": "臺北市",
    "description": "市民大道高架京站百貨前",
    "id": "14873abb3fd8",
    "last_seen": "2026-08-11",
    "section_id": null,
    "section_role": null,
    "source": "gov.tw:7320",
    "speed_limit": 80,
    "type": "fixed"
   },
   "type": "Feature"
  },
  {
   "geometry": {
    "coordinates": [
     121.83002,
     25.028564
    ],
    "type": "Point"
   },
   "properties": {
    "bearing": 45.0,
    "city": "新北市",
    "description": "台2丙線17公里（往雙溪）",
    "id": "14900d6fefc4",
    "last_seen": "2026-08-11",
    "section_id": null,
    "section_role": null,
    "source": "gov.tw:7320",
    "speed_limit": 60,
    "type": "fixed"
   },
   "type": "Feature"
  },
  {
   "geometry": {
    "coordinates": [
     120.479965,
     23.69333
    ],
    "type": "Point"
   },
   "properties": {
    "bearing": 0.0,
    "city": "雲林縣",
    "description": "斗南鎮延平路與大業路路口",
    "id": "14904690d911",
    "last_seen": "2026-08-11",
    "section_id": null,
    "section_role": null,
    "source": "gov.tw:7320",
    "speed_limit": 60,
    "type": "fixed"
   },
   "type": "Feature"
  },
  {
   "geometry": {
    "coordinates": [
     120.92913,
     23.94172
    ],
    "type": "Point"
   },
   "properties": {
    "bearing": null,
    "city": "南投縣",
    "description": "臺21線53.8K至51.1K(北向)/臺21線51.1K至53.9K(南向)",
    "id": "14e3e5d8f24b",
    "last_seen": "2026-08-11",
    "section_id": null,
    "section_role": null,
    "source": "gov.tw:7320",
    "speed_limit": 60,
    "type": "fixed"
   },
   "type": "Feature"
  },
  {
   "geometry": {
    "coordinates": [
     121.10885,
     24.74125
    ],
    "type": "Point"
   },
   "properties": {
    "bearing": null,
    "city": "新竹縣",
    "description": "富林路一段518號",
    "id": "14e622662aa2",
    "last_seen": "2026-08-11",
    "section_id": null,
    "section_role": null,
    "source": "gov.tw:7320",
    "speed_limit": 60,
    "type": "fixed"
   },
   "type": "Feature"
  },
  {
   "geometry": {
    "coordinates": [
     120.452156,
     23.350496
    ],
    "type": "Point"
   },
   "properties": {
    "bearing": null,
    "city": "臺南市",
    "description": "市道172線與木屐寮路口",
    "id": "1502209f25e1",
    "last_seen": "2026-08-11",
    "section_id": null,
    "section_role": null,
    "source": "gov.tw:7320",
    "speed_limit": 60,
    "type": "fixed"
   },
   "type": "Feature"
  },
  {
   "geometry": {
    "coordinates": [
     120.5705,
     23.911493
    ],
    "type": "Point"
   },
   "properties": {
    "bearing": 180.0,
    "city": "彰化縣",
    "description": "社頭鄉東彰路7段與湳底路口",
    "id": "151b51f05a1e",
    "last_seen": "2026-08-11",
    "section_id": null,
    "section_role": null,
    "source": "gov.tw:7320",
    "speed_limit": 70,
    "type": "fixed"
   },
   "type": "Feature"
  },
  {
   "geometry": {
    "coordinates": [
     120.48407,
     23.842691
    ],
    "type": "Point"
   },
   "properties": {
    "bearing": 180.0,
    "city": "國道一號",
    "description": "國道一號南向223.5公里",
    "id": "153d3778dc44",
    "last_seen": "2026-08-11",
    "section_id": null,
    "section_role": null,
    "source": "gov.tw:7320",
    "speed_limit": 110,
    "type": "fixed"
   },
   "type": "Feature"
  },
  {
   "geometry": {
    "coordinates": [
     120.44506,
     23.778845
    ],
    "type": "Point"
   },
   "properties": {
    "bearing": 0.0,
    "city": "雲林縣",
    "description": "145縣道與福來路20巷路口(12.6k處-北向)",
    "id": "154f3ae71d8a",
    "last_seen": "2026-08-11",
    "section_id": null,
    "section_role": null,
    "source": "gov.tw:7320",
    "speed_limit": 60,
    "type": "fixed"
   },
   "type": "Feature"
  },
  {
   "geometry": {
    "coordinates": [
     120.46607,
     22.551638
    ],
    "type": "Point"
   },
   "properties": {
    "bearing": null,
    "city": "屏東縣",
    "description": "台27線71.1K仙公廟",
    "id": "155a9c0a6ce3",
    "last_seen": "2026-08-11",
    "section_id": null,
    "section_role": null,
    "source": "gov.tw:7320",
    "speed_limit": 60,
    "type": "fixed"
   },
   "type": "Feature"
  },
  {
   "geometry": {
    "coordinates": [
     121.21253,
     25.01212
    ],
    "type": "Point"
   },
   "properties": {
    "bearing": null,
    "city": "桃園市",
    "description": "高鐵北路與青埔路口",
    "id": "156e4a74c5a4",
    "last_seen": "2026-08-11",
    "section_id": null,
    "section_role": null,
    "source": "gov.tw:7320",
    "speed_limit": 50,
    "type": "fixed"
   },
   "type": "Feature"
  },
  {
   "geometry": {
    "coordinates": [
     120.544044,
     24.224024
    ],
    "type": "Point"
   },
   "properties": {
    "bearing": 180.0,
    "city": "臺中市",
    "description": "中華路一段202號前(台1線170K)",
    "id": "15a33d9533e1",
    "last_seen": "2026-08-11",
    "section_id": null,
    "section_role": null,
    "source": "gov.tw:7320",
    "speed_limit": 70,
    "type": "fixed"
   },
   "type": "Feature"
  },
  {
   "geometry": {
    "coordinates": [
     121.283806,
     24.94829
    ],
    "type": "Point"
   },
   "properties": {
    "bearing": null,
    "city": "桃園市",
    "description": "新興路與廣興路口",
    "id": "15e981ecdd94",
    "last_seen": "2026-08-11",
    "section_id": null,
    "section_role": null,
    "source": "gov.tw:7320",
    "speed_limit": 50,
    "type": "fixed"
   },
   "type": "Feature"
  },
  {
   "geometry": {
    "coordinates": [
     120.30407,
     22.807652
    ],
    "type": "Point"
   },
   "properties": {
    "bearing": 270.0,
    "city": "高雄市",
    "description": "岡山區嘉新東路與新庄路口",
    "id": "16260a031067",
    "last_seen": "2026-08-11",
    "section_id": null,
    "section_role": null,
    "source": "gov.tw:7320",
    "speed_limit": 50,
    "type": "fixed"
   },
   "type": "Feature"
  },
  {
   "geometry": {
    "coordinates": [
     121.75308,
     25.10187
    ],
    "type": "Point"
   },
   "properties": {
    "bearing": 270.0,
    "city": "基隆市",
    "description": "萬瑞快速道路(台62線)11K+280(西行)",
    "id": "167f0ed42fa6",
    "last_seen": "2026-08-11",
    "section_id": null,
    "section_role": null,
    "source": "gov.tw:7320",
    "speed_limit": 80,
    "type": "fixed"
   },
   "type": "Feature"
  },
  {
   "geometry": {
    "coordinates": [
     120.60272,
     24.182938
    ],
    "type": "Point"
   },
   "properties": {
    "bearing": 90.0,
    "city": "臺中市",
    "description": "西屯區臺灣大道四段近東大路一段(側門慢車道)",
    "id": "1689ef6828b2",
    "last_seen": "2026-08-11",
    "section_id": null,
    "section_role": null,
    "source": "gov.tw:7320",
    "speed_limit": 40,
    "type": "fixed"
   },
   "type": "Feature"
  },
  {
   "geometry": {
    "coordinates": [
     120.95176,
     24.832504
    ],
    "type": "Point"
   },
   "properties": {
    "bearing": 90.0,
    "city": "新竹市",
    "description": "東大路三段77巷口(往市區-彎道)",
    "id": "1695bf1991bf",
    "last_seen": "2026-08-11",
    "section_id": null,
    "section_role": null,
    "source": "gov.tw:7320",
    "speed_limit": 50,
    "type": "fixed"
   },
   "type": "Feature"
  },
  {
   "geometry": {
    "coordinates": [
     120.33444,
     23.150946
    ],
    "type": "Point"
   },
   "properties": {
    "bearing": null,
    "city": "臺南市",
    "description": "臺1線310.6公里處",
    "id": "177a39000144",
    "last_seen": "2026-08-11",
    "section_id": null,
    "section_role": null,
    "source": "gov.tw:7320",
    "speed_limit": 70,
    "type": "fixed"
   },
   "type": "Feature"
  },
  {
   "geometry": {
    "coordinates": [
     120.66273,
     24.15549
    ],
    "type": "Point"
   },
   "properties": {
    "bearing": 270.0,
    "city": "臺中市",
    "description": "北區忠明路與西屯路一段路口",
    "id": "1788be074583",
    "last_seen": "2026-08-11",
    "section_id": null,
    "section_role": null,
    "source": "gov.tw:7320",
    "speed_limit": 50,
    "type": "fixed"
   },
   "type": "Feature"
  },
  {
   "geometry": {
    "coordinates": [
     121.09514,
     22.893963
    ],
    "type": "Point"
   },
   "properties": {
    "bearing": null,
    "city": "臺東縣",
    "description": "臺9線340.89K（鹿鳴橋北端）",
    "id": "1792efbf3845",
    "last_seen": "2026-08-11",
    "section_id": null,
    "section_role": null,
    "source": "gov.tw:7320",
    "speed_limit": 60,
    "type": "fixed"
   },
   "type": "Feature"
  },
  {
   "geometry": {
    "coordinates": [
     120.30965,
     22.583641
    ],
    "type": "Point"
   },
   "properties": {
    "bearing": 0.0,
    "city": "高雄市",
    "description": "新生高架道路0.82K",
    "id": "17b85b64ee0b",
    "last_seen": "2026-08-11",
    "section_id": null,
    "section_role": null,
    "source": "gov.tw:7320",
    "speed_limit": 60,
    "type": "fixed"
   },
   "type": "Feature"
  },
  {
   "geometry": {
    "coordinates": [
     121.00824,
     24.78629
    ],
    "type": "Point"
   },
   "properties": {
    "bearing": 90.0,
    "city": "新竹市",
    "description": "新竹科學園區園區一路慈雲路橋下",
    "id": "17bc4eb2851f",
    "last_seen": "2026-08-11",
    "section_id": null,
    "section_role": null,
    "source": "gov.tw:7320",
    "speed_limit": 50,
    "type": "fixed"
   },
   "type": "Feature"
  },
  {
   "geometry": {
    "coordinates": [
     120.86775,
     24.717684
    ],
    "type": "Point"
   },
   "properties": {
    "bearing": null,
    "city": "苗栗縣",
    "description": "台61線88.15公里處",
    "id": "17c5146f47f9",
    "last_seen": "2026-08-11",
    "section_id": null,
    "section_role": null,
    "source": "gov.tw:7320",
    "speed_limit": 80,
    "type": "fixed"
   },
   "type": "Feature"
  },
  {
   "geometry": {
    "coordinates": [
     121.45999,
     25.042727
    ],
    "type": "Point"
   },
   "properties": {
    "bearing": 0.0,
    "city": "新北市",
    "description": "思源路與長青街口（往五股）",
    "id": "17d248f4bd7d",
    "last_seen": "2026-08-11",
    "section_id": null,
    "section_role": null,
    "source": "gov.tw:7320",
    "speed_limit": 50,
    "type": "fixed"
   },
   "type": "Feature"
  },
  {
   "geometry": {
    "coordinates": [
     121.37815,
     25.083605
    ],
    "type": "Point"
   },
   "properties": {
    "bearing": 315.0,
    "city": "新北市",
    "description": "中山路562號（往文化三路2段方向）",
    "id": "17f5f4662860",
    "last_seen": "2026-08-11",
    "section_id": null,
    "section_role": null,
    "source": "gov.tw:7320",
    "speed_limit": 50,
    "type": "fixed"
   },
   "type": "Feature"
  },
  {
   "geometry": {
    "coordinates": [
     121.19139,
     24.903605
    ],
    "type": "Point"
   },
   "properties": {
    "bearing": null,
    "city": "桃園市",
    "description": "中興路平鎮段305號前",
    "id": "180953168514",
    "last_seen": "2026-08-11",
    "section_id": null,
    "section_role": null,
    "source": "gov.tw:7320",
    "speed_limit": 50,
    "type": "fixed"
   },
   "type": "Feature"
  },
  {
   "geometry": {
    "coordinates": [
     121.37033,
     25.07316
    ],
    "type": "Point"
   },
   "properties": {
    "bearing": 45.0,
    "city": "新北市",
    "description": "文化二路與仁愛二路口（往八里）",
    "id": "1825faa6e7ed",
    "last_seen": "2026-08-11",
    "section_id": null,
    "section_role": null,
    "source": "gov.tw:7320",
    "speed_limit": 50,
    "type": "fixed"
   },
   "type": "Feature"
  },
  {
   "geometry": {
    "coordinates": [
     121.33443,
     24.84832
    ],
    "type": "Point"
   },
   "properties": {
    "bearing": null,
    "city": "桃園市",
    "description": "台七乙線12.1k至8.2k",
    "id": "182fdb46345c",
    "last_seen": "2026-08-11",
    "section_id": null,
    "section_role": null,
    "source": "gov.tw:7320",
    "speed_limit": 40,
    "type": "fixed"
   },
   "type": "Feature"
  },
  {
   "geometry": {
    "coordinates": [
     120.288956,
     23.655033
    ],
    "type": "Point"
   },
   "properties": {
    "bearing": null,
    "city": "雲林縣",
    "description": "元長鄉160縣道15K+650m處",
    "id": "1848d8c559a9",
    "last_seen": "2026-08-11",
    "section_id": null,
    "section_role": null,
    "source": "gov.tw:7320",
    "speed_limit": 60,
    "type": "fixed"
   },
   "type": "Feature"
  },
  {
   "geometry": {
    "coordinates": [
     120.7364,
     24.24755
    ],
    "type": "Point"
   },
   "properties": {
    "bearing": 270.0,
    "city": "臺中市",
    "description": "豐原區豐原大道四段近379號前",
    "id": "185035b859b9",
    "last_seen": "2026-08-11",
    "section_id": null,
    "section_role": null,
    "source": "gov.tw:7320",
    "speed_limit": 60,
    "type": "fixed"
   },
   "type": "Feature"
  },
  {
   "geometry": {
    "coordinates": [
     121.69604,
     25.101782
    ],
    "type": "Point"
   },
   "properties": {
    "bearing": null,
    "city": "基隆市",
    "description": "大華二路46號對面處",
    "id": "18935d446466",
    "last_seen": "2026-08-11",
    "section_id": null,
    "section_role": null,
    "source": "gov.tw:7320",
    "speed_limit": 50,
    "type": "fixed"
   },
   "type": "Feature"
  },
  {
   "geometry": {
    "coordinates": [
     118.30402,
     24.414368
    ],
    "type": "Point"
   },
   "properties": {
    "bearing": null,
    "city": "金門縣",
    "description": "金城鎮西海路二段(金豐路口)",
    "id": "19738720cdc7",
    "last_seen": "2026-08-11",
    "section_id": null,
    "section_role": null,
    "source": "gov.tw:7320",
    "speed_limit": 50,
    "type": "fixed"
   },
   "type": "Feature"
  },
  {
   "geometry": {
    "coordinates": [
     121.55304,
     25.051691
    ],
    "type": "Point"
   },
   "properties": {
    "bearing": null,
    "city": "臺北市",
    "description": "南京東路4段健康路口",
    "id": "19acad6afc70",
    "last_seen": "2026-08-11",
    "section_id": null,
    "section_role": null,
    "source": "gov.tw:7320",
    "speed_limit": 50,
    "type": "fixed"
   },
   "type": "Feature"
  },
  {
   "geometry": {
    "coordinates": [
     120.38296,
     22.743828
    ],
    "type": "Point"
   },
   "properties": {
    "bearing": 0.0,
    "city": "高雄市",
    "description": "大社區嘉保路與大社路口",
    "id": "19b9b447939e",
    "last_seen": "2026-08-11",
    "section_id": null,
    "section_role": null,
    "source": "gov.tw:7320",
    "speed_limit": 50,
    "type": "fixed"
   },
   "type": "Feature"
  },
  {
   "geometry": {
    "coordinates": [
     121.07032,
     24.75611
    ],
    "type": "Point"
   },
   "properties": {
    "bearing": null,
    "city": "新竹縣",
    "description": "中興路一段與中興路一段229巷口",
    "id": "1a018dc96df5",
    "last_seen": "2026-08-11",
    "section_id": null,
    "section_role": null,
    "source": "gov.tw:7320",
    "speed_limit": 50,
    "type": "fixed"
   },
   "type": "Feature"
  },
  {
   "geometry": {
    "coordinates": [
     121.808556,
     24.727465
    ],
    "type": "Point"
   },
   "properties": {
    "bearing": null,
    "city": "宜蘭縣",
    "description": "宜20線1ｋ+150m新南段西向",
    "id": "1a3502f68cd3",
    "last_seen": "2026-08-11",
    "section_id": null,
    "section_role": null,
    "source": "gov.tw:7320",
    "speed_limit": 60,
    "type": "fixed"
   },
   "type": "Feature"
  },
  {
   "geometry": {
    "coordinates": [
     120.927216,
     24.832527
    ],
    "type": "Point"
   },
   "properties": {
    "bearing": 0.0,
    "city": "新竹市",
    "description": "西濱路、榮濱南路口",
    "id": "1a3ee0db490d",
    "last_seen": "2026-08-11",
    "section_id": null,
    "section_role": null,
    "source": "gov.tw:7320",
    "speed_limit": 60,
    "type": "fixed"
   },
   "type": "Feature"
  },
  {
   "geometry": {
    "coordinates": [
     120.33946,
     22.625673
    ],
    "type": "Point"
   },
   "properties": {
    "bearing": 90.0,
    "city": "高雄市",
    "description": "中正一路國軍高雄總醫院旁",
    "id": "1a6cbae163a7",
    "last_seen": "2026-08-11",
    "section_id": null,
    "section_role": null,
    "source": "gov.tw:7320",
    "speed_limit": 50,
    "type": "fixed"
   },
   "type": "Feature"
  },
  {
   "geometry": {
    "coordinates": [
     120.70982,
     24.200447
    ],
    "type": "Point"
   },
   "properties": {
    "bearing": 90.0,
    "city": "臺中市",
    "description": "潭子區中彰快速道路19.4K(往太平方向)",
    "id": "1a714b56a962",
    "last_seen": "2026-08-11",
    "section_id": null,
    "section_role": null,
    "source": "gov.tw:7320",
    "speed_limit": 80,
    "type": "fixed"
   },
   "type": "Feature"
  },
  {
   "geometry": {
    "coordinates": [
     121.59139,
     24.999096
    ],
    "type": "Point"
   },
   "properties": {
    "bearing": 90.0,
    "city": "臺北市",
    "description": "木柵路5段近100之1號",
    "id": "1a8b9d96cf07",
    "last_seen": "2026-08-11",
    "section_id": null,
    "section_role": null,
    "source": "gov.tw:7320",
    "speed_limit": 50,
    "type": "fixed"
   },
   "type": "Feature"
  },
  {
   "geometry": {
    "coordinates": [
     120.42066,
     22.929552
    ],
    "type": "Point"
   },
   "properties": {
    "bearing": 0.0,
    "city": "臺南市",
    "description": "182市道28.5公里",
    "id": "1ab8135b6156",
    "last_seen": "2026-08-11",
    "section_id": null,
    "section_role": null,
    "source": "gov.tw:7320",
    "speed_limit": 50,
    "type": "fixed"
   },
   "type": "Feature"
  },
  {
   "geometry": {
    "coordinates": [
     120.87404,
     24.445524
    ],
    "type": "Point"
   },
   "properties": {
    "bearing": 180.0,
    "city": "苗栗縣",
    "description": "台3線127.3公里處",
    "id": "1ad8937047e1",
    "last_seen": "2026-08-11",
    "section_id": null,
    "section_role": null,
    "source": "gov.tw:7320",
    "speed_limit": 60,
    "type": "fixed"
   },
   "type": "Feature"
  },
  {
   "geometry": {
    "coordinates": [
     121.204475,
     24.85213
    ],
    "type": "Point"
   },
   "properties": {
    "bearing": null,
    "city": "桃園市",
    "description": "台三線50.5k至51.7k",
    "id": "1af80088c3e9",
    "last_seen": "2026-08-11",
    "section_id": null,
    "section_role": null,
    "source": "gov.tw:7320",
    "speed_limit": 60,
    "type": "fixed"
   },
   "type": "Feature"
  },
  {
   "geometry": {
    "coordinates": [
     121.90794,
     25.017378
    ],
    "type": "Point"
   },
   "properties": {
    "bearing": 180.0,
    "city": "新北市",
    "description": "台2丙線25.95公里（泮宮路45號）",
    "id": "1af8777c2f94",
    "last_seen": "2026-08-11",
    "section_id": null,
    "section_role": null,
    "source": "gov.tw:7320",
    "speed_limit": 50,
    "type": "fixed"
   },
   "type": "Feature"
  },
  {
   "geometry": {
    "coordinates": [
     121.77163,
     24.74875
    ],
    "type": "Point"
   },
   "properties": {
    "bearing": null,
    "city": "宜蘭縣",
    "description": "台9線81k+595m環市東路北上",
    "id": "1b039179126f",
    "last_seen": "2026-08-11",
    "section_id": null,
    "section_role": null,
    "source": "gov.tw:7320",
    "speed_limit": 70,
    "type": "fixed"
   },
   "type": "Feature"
  },
  {
   "geometry": {
    "coordinates": [
     121.821266,
     24.615463
    ],
    "type": "Point"
   },
   "properties": {
    "bearing": null,
    "city": "宜蘭縣",
    "description": "台9線100k+224m新城段北上",
    "id": "1b347ec33b53",
    "last_seen": "2026-08-11",
    "section_id": null,
    "section_role": null,
    "source": "gov.tw:7320",
    "speed_limit": 60,
    "type": "fixed"
   },
   "type": "Feature"
  },
  {
   "geometry": {
    "coordinates": [
     120.479195,
     22.705185
    ],
    "type": "Point"
   },
   "properties": {
    "bearing": null,
    "city": "屏東縣",
    "description": "189線1K",
    "id": "1b4a044fbe26",
    "last_seen": "2026-08-11",
    "section_id": null,
    "section_role": null,
    "source": "gov.tw:7320",
    "speed_limit": 60,
    "type": "fixed"
   },
   "type": "Feature"
  },
  {
   "geometry": {
    "coordinates": [
     120.53748,
     23.696798
    ],
    "type": "Point"
   },
   "properties": {
    "bearing": 90.0,
    "city": "雲林縣",
    "description": "斗六市大學路與中山路路口",
    "id": "1b521b7ecb46",
    "last_seen": "2026-08-11",
    "section_id": null,
    "section_role": null,
    "source": "gov.tw:7320",
    "speed_limit": 60,
    "type": "fixed"
   },
   "type": "Feature"
  },
  {
   "geometry": {
    "coordinates": [
     120.28233,
     22.667778
    ],
    "type": "Point"
   },
   "properties": {
    "bearing": 0.0,
    "city": "高雄市",
    "description": "鼓山區鼓山三路與九如四路1991巷口",
    "id": "1b6ca6aaee21",
    "last_seen": "2026-08-11",
    "section_id": null,
    "section_role": null,
    "source": "gov.tw:7320",
    "speed_limit": 50,
    "type": "fixed"
   },
   "type": "Feature"
  },
  {
   "geometry": {
    "coordinates": [
     120.585976,
     22.712639
    ],
    "type": "Point"
   },
   "properties": {
    "bearing": null,
    "city": "屏東縣",
    "description": "台24線13.3K",
    "id": "1ba80697f988",
    "last_seen": "2026-08-11",
    "section_id": null,
    "section_role": null,
    "source": "gov.tw:7320",
    "speed_limit": 60,
    "type": "fixed"
   },
   "type": "Feature"
  },
  {
   "geometry": {
    "coordinates": [
     120.272125,
     23.121284
    ],
    "type": "Point"
   },
   "properties": {
    "bearing": null,
    "city": "臺南市",
    "description": "南科北路與環西路二段",
    "id": "1bbe90e12f9d",
    "last_seen": "2026-08-11",
    "section_id": null,
    "section_role": null,
    "source": "gov.tw:7320",
    "speed_limit": 60,
    "type": "fixed"
   },
   "type": "Feature"
  },
  {
   "geometry": {
    "coordinates": [
     120.982635,
     24.810917
    ],
    "type": "Point"
   },
   "properties": {
    "bearing": 270.0,
    "city": "新竹市",
    "description": "自由路、民族路口",
    "id": "1bf3dfacbaef",
    "last_seen": "2026-08-11",
    "section_id": null,
    "section_role": null,
    "source": "gov.tw:7320",
    "speed_limit": 50,
    "type": "fixed"
   },
   "type": "Feature"
  },
  {
   "geometry": {
    "coordinates": [
     120.559746,
     24.210121
    ],
    "type": "Point"
   },
   "properties": {
    "bearing": 270.0,
    "city": "臺中市",
    "description": "沙鹿區向上路七段近321號",
    "id": "1c3b9e6fb269",
    "last_seen": "2026-08-11",
    "section_id": null,
    "section_role": null,
    "source": "gov.tw:7320",
    "speed_limit": 60,
    "type": "fixed"
   },
   "type": "Feature"
  },
  {
   "geometry": {
    "coordinates": [
     120.32502,
     22.629728
    ],
    "type": "Point"
   },
   "properties": {
    "bearing": 90.0,
    "city": "高雄市",
    "description": "中正地下道(西向東出口)",
    "id": "1c411b8371d9",
    "last_seen": "2026-08-11",
    "section_id": null,
    "section_role": null,
    "source": "gov.tw:7320",
    "speed_limit": 50,
    "type": "fixed"
   },
   "type": "Feature"
  },
  {
   "geometry": {
    "coordinates": [
     120.359085,
     22.675001
    ],
    "type": "Point"
   },
   "properties": {
    "bearing": null,
    "city": "高雄市",
    "description": "鳳仁路5-13號前",
    "id": "1c75992d47cd",
    "last_seen": "2026-08-11",
    "section_id": null,
    "section_role": null,
    "source": "gov.tw:7320",
    "speed_limit": 60,
    "type": "fixed"
   },
   "type": "Feature"
  },
  {
   "geometry": {
    "coordinates": [
     120.949905,
     24.619045
    ],
    "type": "Point"
   },
   "properties": {
    "bearing": 0.0,
    "city": "苗栗縣",
    "description": "台3線101.5公里處(大河老街口)",
    "id": "1c8506b05e87",
    "last_seen": "2026-08-11",
    "section_id": null,
    "section_role": null,
    "source": "gov.tw:7320",
    "speed_limit": 60,
    "type": "fixed"
   },
   "type": "Feature"
  },
  {
   "geometry": {
    "coordinates": [
     120.593895,
     24.03417
    ],
    "type": "Point"
   },
   "properties": {
    "bearing": null,
    "city": "彰化縣",
    "description": "彰化縣縣道139線8.537公里處",
    "id": "1c9e89415566",
    "last_seen": "2026-08-11",
    "section_id": null,
    "section_role": null,
    "source": "gov.tw:7320",
    "speed_limit": 40,
    "type": "fixed"
   },
   "type": "Feature"
  },
  {
   "geometry": {
    "coordinates": [
     120.67889,
     23.986898
    ],
    "type": "Point"
   },
   "properties": {
    "bearing": null,
    "city": "南投縣",
    "description": "新豐路、博愛路及仁愛街口",
    "id": "1c9eb4e13807",
    "last_seen": "2026-08-11",
    "section_id": null,
    "section_role": null,
    "source": "gov.tw:7320",
    "speed_limit": 60,
    "type": "fixed"
   },
   "type": "Feature"
  },
  {
   "geometry": {
    "coordinates": [
     120.94983,
     24.786226
    ],
    "type": "Point"
   },
   "properties": {
    "bearing": 0.0,
    "city": "新竹市",
    "description": "景觀大道201號前(觀景台)",
    "id": "1cc4d081dbd2",
    "last_seen": "2026-08-11",
    "section_id": null,
    "section_role": null,
    "source": "gov.tw:7320",
    "speed_limit": 70,
    "type": "fixed"
   },
   "type": "Feature"
  },
  {
   "geometry": {
    "coordinates": [
     120.98313,
     24.809292
    ],
    "type": "Point"
   },
   "properties": {
    "bearing": 0.0,
    "city": "新竹市",
    "description": "中華路二段2號",
    "id": "1d0d90610abd",
    "last_seen": "2026-08-11",
    "section_id": null,
    "section_role": null,
    "source": "gov.tw:7320",
    "speed_limit": 50,
    "type": "fixed"
   },
   "type": "Feature"
  },
  {
   "geometry": {
    "coordinates": [
     120.282555,
     23.090631
    ],
    "type": "Point"
   },
   "properties": {
    "bearing": null,
    "city": "臺南市",
    "description": "南科七路與三抱竹路口",
    "id": "1d172bcfb035",
    "last_seen": "2026-08-11",
    "section_id": null,
    "section_role": null,
    "source": "gov.tw:7320",
    "speed_limit": 50,
    "type": "fixed"
   },
   "type": "Feature"
  },
  {
   "geometry": {
    "coordinates": [
     120.968094,
     24.820688
    ],
    "type": "Point"
   },
   "properties": {
    "bearing": 180.0,
    "city": "新竹市",
    "description": "武陵路196巷口(武陵匝道口、荷蘭村)",
    "id": "1d1f341c8d3b",
    "last_seen": "2026-08-11",
    "section_id": null,
    "section_role": null,
    "source": "gov.tw:7320",
    "speed_limit": 50,
    "type": "fixed"
   },
   "type": "Feature"
  },
  {
   "geometry": {
    "coordinates": [
     120.54227,
     23.910095
    ],
    "type": "Point"
   },
   "properties": {
    "bearing": 180.0,
    "city": "彰化縣",
    "description": "永靖鄉中山路1段與中山路1段351巷口",
    "id": "1d9439df1c9b",
    "last_seen": "2026-08-11",
    "section_id": null,
    "section_role": null,
    "source": "gov.tw:7320",
    "speed_limit": 70,
    "type": "fixed"
   },
   "type": "Feature"
  },
  {
   "geometry": {
    "coordinates": [
     120.47836,
     22.76752
    ],
    "type": "Point"
   },
   "properties": {
    "bearing": 90.0,
    "city": "屏東縣",
    "description": "台22線19.1K",
    "id": "1dcf80127a00",
    "last_seen": "2026-08-11",
    "section_id": null,
    "section_role": null,
    "source": "gov.tw:7320",
    "speed_limit": 50,
    "type": "fixed"
   },
   "type": "Feature"
  },
  {
   "geometry": {
    "coordinates": [
     120.48054,
     23.68612
    ],
    "type": "Point"
   },
   "properties": {
    "bearing": 180.0,
    "city": "雲林縣",
    "description": "斗南鎮延平路與光華路路口",
    "id": "1df4d59d6b57",
    "last_seen": "2026-08-11",
    "section_id": null,
    "section_role": null,
    "source": "gov.tw:7320",
    "speed_limit": 60,
    "type": "fixed"
   },
   "type": "Feature"
  },
  {
   "geometry": {
    "coordinates": [
     120.38227,
     23.96108
    ],
    "type": "Point"
   },
   "properties": {
    "bearing": 270.0,
    "city": "彰化縣",
    "description": "芳苑鄉功湖北路1段與草漢路草1段口",
    "id": "1e5d6bbf8edc",
    "last_seen": "2026-08-11",
    "section_id": null,
    "section_role": null,
    "source": "gov.tw:7320",
    "speed_limit": 60,
    "type": "fixed"
   },
   "type": "Feature"
  },
  {
   "geometry": {
    "coordinates": [
     121.78804,
     25.02179
    ],
    "type": "Point"
   },
   "properties": {
    "bearing": 315.0,
    "city": "新北市",
    "description": "台2丙線12.1公里（平雙隧道內避車彎）",
    "id": "1e7a148c4855",
    "last_seen": "2026-08-11",
    "section_id": null,
    "section_role": null,
    "source": "gov.tw:7320",
    "speed_limit": 50,
    "type": "fixed"
   },
   "type": "Feature"
  },
  {
   "geometry": {
    "coordinates": [
     120.921745,
     24.5422
    ],
    "type": "Point"
   },
   "properties": {
    "bearing": 180.0,
    "city": "苗栗縣",
    "description": "台3線113.1公里處(獅潭國中旁)",
    "id": "1e7b77e4c08b",
    "last_seen": "2026-08-11",
    "section_id": null,
    "section_role": null,
    "source": "gov.tw:7320",
    "speed_limit": 60,
    "type": "fixed"
   },
   "type": "Feature"
  },
  {
   "geometry": {
    "coordinates": [
     120.50349,
     23.858393
    ],
    "type": "Point"
   },
   "properties": {
    "bearing": 0.0,
    "city": "彰化縣",
    "description": "溪州鄉中山路3段與莒光路口",
    "id": "1ed9a61b470b",
    "last_seen": "2026-08-11",
    "section_id": null,
    "section_role": null,
    "source": "gov.tw:7320",
    "speed_limit": 70,
    "type": "fixed"
   },
   "type": "Feature"
  },
  {
   "geometry": {
    "coordinates": [
     121.451256,
     24.999134
    ],
    "type": "Point"
   },
   "properties": {
    "bearing": null,
    "city": "新北市",
    "description": "台65線快速公路北向7.9K主線至4.5K",
    "id": "1eddcb3a2e96",
    "last_seen": "2026-08-11",
    "section_id": null,
    "section_role": null,
    "source": "gov.tw:7320",
    "speed_limit": 80,
    "type": "fixed"
   },
   "type": "Feature"
  },
  {
   "geometry": {
    "coordinates": [
     121.41625,
     24.964876
    ],
    "type": "Point"
   },
   "properties": {
    "bearing": 225.0,
    "city": "新北市",
    "description": "擺接堡路與民權街口（往三峽）",
    "id": "1ee4fa99fe23",
    "last_seen": "2026-08-11",
    "section_id": null,
    "section_role": null,
    "source": "gov.tw:7320",
    "speed_limit": 50,
    "type": "fixed"
   },
   "type": "Feature"
  },
  {
   "geometry": {
    "coordinates": [
     121.11457,
     24.940453
    ],
    "type": "Point"
   },
   "properties": {
    "bearing": null,
    "city": "桃園市",
    "description": "高鐵南路八段與民有路一段口",
    "id": "1efdcb7a3f5e",
    "last_seen": "2026-08-11",
    "section_id": null,
    "section_role": null,
    "source": "gov.tw:7320",
    "speed_limit": 70,
    "type": "fixed"
   },
   "type": "Feature"
  },
  {
   "geometry": {
    "coordinates": [
     121.11576,
     24.81598
    ],
    "type": "Point"
   },
   "properties": {
    "bearing": 270.0,
    "city": "新竹縣",
    "description": "石岡子路736號",
    "id": "1f193593d6ae",
    "last_seen": "2026-08-11",
    "section_id": null,
    "section_role": null,
    "source": "gov.tw:7320",
    "speed_limit": 60,
    "type": "fixed"
   },
   "type": "Feature"
  },
  {
   "geometry": {
    "coordinates": [
     121.362755,
     25.021631
    ],
    "type": "Point"
   },
   "properties": {
    "bearing": null,
    "city": "桃園市",
    "description": "振興路829巷口旁",
    "id": "1f28b82906e0",
    "last_seen": "2026-08-11",
    "section_id": null,
    "section_role": null,
    "source": "gov.tw:7320",
    "speed_limit": 50,
    "type": "fixed"
   },
   "type": "Feature"
  },
  {
   "geometry": {
    "coordinates": [
     120.59149,
     22.566614
    ],
    "type": "Point"
   },
   "properties": {
    "bearing": null,
    "city": "屏東縣",
    "description": "富興路32-5號前",
    "id": "1f8aa663ad4b",
    "last_seen": "2026-08-11",
    "section_id": null,
    "section_role": null,
    "source": "gov.tw:7320",
    "speed_limit": 50,
    "type": "fixed"
   },
   "type": "Feature"
  },
  {
   "geometry": {
    "coordinates": [
     121.78079,
     24.79072
    ],
    "type": "Point"
   },
   "properties": {
    "bearing": null,
    "city": "宜蘭縣",
    "description": "191線4K瑪僯段北上",
    "id": "1f9b5d42fe9a",
    "last_seen": "2026-08-11",
    "section_id": null,
    "section_role": null,
    "source": "gov.tw:7320",
    "speed_limit": 60,
    "type": "fixed"
   },
   "type": "Feature"
  },
  {
   "geometry": {
    "coordinates": [
     121.270676,
     24.977966
    ],
    "type": "Point"
   },
   "properties": {
    "bearing": null,
    "city": "桃園市",
    "description": "中華路544號旁(中華路與永豐口)",
    "id": "200303af89ec",
    "last_seen": "2026-08-11",
    "section_id": null,
    "section_role": null,
    "source": "gov.tw:7320",
    "speed_limit": 50,
    "type": "fixed"
   },
   "type": "Feature"
  },
  {
   "geometry": {
    "coordinates": [
     120.38318,
     22.73897
    ],
    "type": "Point"
   },
   "properties": {
    "bearing": 270.0,
    "city": "高雄市",
    "description": "大社區學府路202號對面(往大社市區)",
    "id": "2073f91ed028",
    "last_seen": "2026-08-11",
    "section_id": null,
    "section_role": null,
    "source": "gov.tw:7320",
    "speed_limit": 40,
    "type": "fixed"
   },
   "type": "Feature"
  },
  {
   "geometry": {
    "coordinates": [
     121.35855,
     25.07137
    ],
    "type": "Point"
   },
   "properties": {
    "bearing": 45.0,
    "city": "新北市",
    "description": "文化北路1段261號前（往忠孝路）",
    "id": "207dbca262ef",
    "last_seen": "2026-08-11",
    "section_id": null,
    "section_role": null,
    "source": "gov.tw:7320",
    "speed_limit": 50,
    "type": "fixed"
   },
   "type": "Feature"
  },
  {
   "geometry": {
    "coordinates": [
     120.650085,
     24.197182
    ],
    "type": "Point"
   },
   "properties": {
    "bearing": 90.0,
    "city": "臺中市",
    "description": "西屯區中彰快速道路13.3K(往中清路方向)",
    "id": "20990c162ca9",
    "last_seen": "2026-08-11",
    "section_id": null,
    "section_role": null,
    "source": "gov.tw:7320",
    "speed_limit": 80,
    "type": "fixed"
   },
   "type": "Feature"
  },
  {
   "geometry": {
    "coordinates": [
     120.532234,
     23.69978
    ],
    "type": "Point"
   },
   "properties": {
    "bearing": 270.0,
    "city": "雲林縣",
    "description": "斗六市明德路與公明路路口",
    "id": "20e0c0df0fac",
    "last_seen": "2026-08-11",
    "section_id": null,
    "section_role": null,
    "source": "gov.tw:7320",
    "speed_limit": 50,
    "type": "fixed"
   },
   "type": "Feature"
  },
  {
   "geometry": {
    "coordinates": [
     120.38326,
     22.950447
    ],
    "type": "Point"
   },
   "properties": {
    "bearing": null,
    "city": "臺南市",
    "description": "市道182線27.2248公里至28.358公里處(往高雄)；市道182線28.3378公里至27.1907公里處(往關廟)",
    "id": "20e18be046c2",
    "last_seen": "2026-08-11",
    "section_id": null,
    "section_role": null,
    "source": "gov.tw:7320",
    "speed_limit": 50,
    "type": "fixed"
   },
   "type": "Feature"
  },
  {
   "geometry": {
    "coordinates": [
     120.96546,
     24.665936
    ],
    "type": "Point"
   },
   "properties": {
    "bearing": 0.0,
    "city": "苗栗縣",
    "description": "台3線95.5公里處",
    "id": "211691c4f962",
    "last_seen": "2026-08-11",
    "section_id": null,
    "section_role": null,
    "source": "gov.tw:7320",
    "speed_limit": 60,
    "type": "fixed"
   },
   "type": "Feature"
  },
  {
   "geometry": {
    "coordinates": [
     121.60049,
     23.953268
    ],
    "type": "Point"
   },
   "properties": {
    "bearing": null,
    "city": "花蓮縣",
    "description": "吉安鄉南濱路一段與南海二街口",
    "id": "21249222c568",
    "last_seen": "2026-08-11",
    "section_id": null,
    "section_role": null,
    "source": "gov.tw:7320",
    "speed_limit": 50,
    "type": "fixed"
   },
   "type": "Feature"
  },
  {
   "geometry": {
    "coordinates": [
     120.60799,
     24.203812
    ],
    "type": "Point"
   },
   "properties": {
    "bearing": null,
    "city": "臺中市",
    "description": "臺中市西屯區科園路(29號旁)",
    "id": "21600e2d98ad",
    "last_seen": "2026-08-11",
    "section_id": null,
    "section_role": null,
    "source": "gov.tw:7320",
    "speed_limit": 50,
    "type": "fixed"
   },
   "type": "Feature"
  },
  {
   "geometry": {
    "coordinates": [
     119.60277,
     23.66645
    ],
    "type": "Point"
   },
   "properties": {
    "bearing": 0.0,
    "city": "澎湖縣",
    "description": "白沙鄉赤崁村聯外橋樑北端出口岔路",
    "id": "2161c0a66a7e",
    "last_seen": "2026-08-11",
    "section_id": null,
    "section_role": null,
    "source": "gov.tw:7320",
    "speed_limit": 40,
    "type": "fixed"
   },
   "type": "Feature"
  },
  {
   "geometry": {
    "coordinates": [
     121.25115,
     24.952522
    ],
    "type": "Point"
   },
   "properties": {
    "bearing": null,
    "city": "桃園市",
    "description": "普忠路770巷路口前",
    "id": "217b113b4ecc",
    "last_seen": "2026-08-11",
    "section_id": null,
    "section_role": null,
    "source": "gov.tw:7320",
    "speed_limit": 50,
    "type": "fixed"
   },
   "type": "Feature"
  },
  {
   "geometry": {
    "coordinates": [
     121.42217,
     25.02877
    ],
    "type": "Point"
   },
   "properties": {
    "bearing": 90.0,
    "city": "新北市",
    "description": "中正路757號前（往臺北或往桃園）",
    "id": "2182342a7658",
    "last_seen": "2026-08-11",
    "section_id": null,
    "section_role": null,
    "source": "gov.tw:7320",
    "speed_limit": 50,
    "type": "fixed"
   },
   "type": "Feature"
  },
  {
   "geometry": {
    "coordinates": [
     120.93603,
     24.685402
    ],
    "type": "Point"
   },
   "properties": {
    "bearing": 270.0,
    "city": "苗栗縣",
    "description": "124線8.45公里處",
    "id": "21d209c8d40d",
    "last_seen": "2026-08-11",
    "section_id": null,
    "section_role": null,
    "source": "gov.tw:7320",
    "speed_limit": 50,
    "type": "fixed"
   },
   "type": "Feature"
  },
  {
   "geometry": {
    "coordinates": [
     120.48859,
     24.01645
    ],
    "type": "Point"
   },
   "properties": {
    "bearing": null,
    "city": "彰化縣",
    "description": "福興鄉彰水路(台19線)與番花路口",
    "id": "21ef7983e0e9",
    "last_seen": "2026-08-11",
    "section_id": null,
    "section_role": null,
    "source": "gov.tw:7320",
    "speed_limit": 60,
    "type": "fixed"
   },
   "type": "Feature"
  },
  {
   "geometry": {
    "coordinates": [
     121.69048,
     25.112968
    ],
    "type": "Point"
   },
   "properties": {
    "bearing": 90.0,
    "city": "基隆市",
    "description": "大埔交流道、大同街口",
    "id": "2272dc9703cc",
    "last_seen": "2026-08-11",
    "section_id": null,
    "section_role": null,
    "source": "gov.tw:7320",
    "speed_limit": 40,
    "type": "fixed"
   },
   "type": "Feature"
  },
  {
   "geometry": {
    "coordinates": [
     120.35628,
     22.755226
    ],
    "type": "Point"
   },
   "properties": {
    "bearing": 270.0,
    "city": "高雄市",
    "description": "旗楠路段〈鳳旗路44號之10旁〉",
    "id": "2278b6352e09",
    "last_seen": "2026-08-11",
    "section_id": null,
    "section_role": null,
    "source": "gov.tw:7320",
    "speed_limit": 50,
    "type": "fixed"
   },
   "type": "Feature"
  },
  {
   "geometry": {
    "coordinates": [
     121.82069,
     24.824112
    ],
    "type": "Point"
   },
   "properties": {
    "bearing": null,
    "city": "宜蘭縣",
    "description": "台2線139k+738ｍ竹安段南下",
    "id": "228eb9ffd7f9",
    "last_seen": "2026-08-11",
    "section_id": null,
    "section_role": null,
    "source": "gov.tw:7320",
    "speed_limit": 60,
    "type": "fixed"
   },
   "type": "Feature"
  },
  {
   "geometry": {
    "coordinates": [
     120.53388,
     23.896322
    ],
    "type": "Point"
   },
   "properties": {
    "bearing": 180.0,
    "city": "彰化縣",
    "description": "田尾鄉中山路2段與公園東路口",
    "id": "22b5196689f7",
    "last_seen": "2026-08-11",
    "section_id": null,
    "section_role": null,
    "source": "gov.tw:7320",
    "speed_limit": 70,
    "type": "fixed"
   },
   "type": "Feature"
  },
  {
   "geometry": {
    "coordinates": [
     121.07385,
     24.77466
    ],
    "type": "Point"
   },
   "properties": {
    "bearing": null,
    "city": "新竹縣",
    "description": "文德路6號",
    "id": "22b551ef1497",
    "last_seen": "2026-08-11",
    "section_id": null,
    "section_role": null,
    "source": "gov.tw:7320",
    "speed_limit": 60,
    "type": "fixed"
   },
   "type": "Feature"
  },
  {
   "geometry": {
    "coordinates": [
     121.62361,
     25.219725
    ],
    "type": "Point"
   },
   "properties": {
    "bearing": 90.0,
    "city": "新北市",
    "description": "台2甲線0.9公里處（往金山或往臺北）",
    "id": "22f2ccaf6195",
    "last_seen": "2026-08-11",
    "section_id": null,
    "section_role": null,
    "source": "gov.tw:7320",
    "speed_limit": 50,
    "type": "fixed"
   },
   "type": "Feature"
  },
  {
   "geometry": {
    "coordinates": [
     120.28029,
     23.102247
    ],
    "type": "Point"
   },
   "properties": {
    "bearing": null,
    "city": "臺南市",
    "description": "西拉雅大道與南科南北路口",
    "id": "22f6f241e39d",
    "last_seen": "2026-08-11",
    "section_id": null,
    "section_role": null,
    "source": "gov.tw:7320",
    "speed_limit": 60,
    "type": "fixed"
   },
   "type": "Feature"
  },
  {
   "geometry": {
    "coordinates": [
     119.59845,
     23.559347
    ],
    "type": "Point"
   },
   "properties": {
    "bearing": 315.0,
    "city": "澎湖縣",
    "description": "縣道204縣與澎23號道中正國中旁岔路口",
    "id": "231620af9efb",
    "last_seen": "2026-08-11",
    "section_id": null,
    "section_role": null,
    "source": "gov.tw:7320",
    "speed_limit": 50,
    "type": "fixed"
   },
   "type": "Feature"
  },
  {
   "geometry": {
    "coordinates": [
     121.37507,
     25.008944
    ],
    "type": "Point"
   },
   "properties": {
    "bearing": 0.0,
    "city": "桃園市",
    "description": "東萬壽路622號前",
    "id": "233a9db3f111",
    "last_seen": "2026-08-11",
    "section_id": null,
    "section_role": null,
    "source": "gov.tw:7320",
    "speed_limit": 50,
    "type": "fixed"
   },
   "type": "Feature"
  },
  {
   "geometry": {
    "coordinates": [
     120.08741,
     23.119587
    ],
    "type": "Point"
   },
   "properties": {
    "bearing": 0.0,
    "city": "臺南市",
    "description": "臺61線快速公路302.3公里處",
    "id": "234f75757632",
    "last_seen": "2026-08-11",
    "section_id": null,
    "section_role": null,
    "source": "gov.tw:7320",
    "speed_limit": 100,
    "type": "fixed"
   },
   "type": "Feature"
  },
  {
   "geometry": {
    "coordinates": [
     120.55346,
     23.702805
    ],
    "type": "Point"
   },
   "properties": {
    "bearing": 0.0,
    "city": "雲林縣",
    "description": "斗六市台3線公路與成功路口",
    "id": "239d8768dfa1",
    "last_seen": "2026-08-11",
    "section_id": null,
    "section_role": null,
    "source": "gov.tw:7320",
    "speed_limit": 70,
    "type": "fixed"
   },
   "type": "Feature"
  },
  {
   "geometry": {
    "coordinates": [
     121.780174,
     24.426088
    ],
    "type": "Point"
   },
   "properties": {
    "bearing": null,
    "city": "宜蘭縣",
    "description": "台9線130k+347m觀音隧道北上",
    "id": "23e7b4af0099",
    "last_seen": "2026-08-11",
    "section_id": null,
    "section_role": null,
    "source": "gov.tw:7320",
    "speed_limit": 70,
    "type": "fixed"
   },
   "type": "Feature"
  },
  {
   "geometry": {
    "coordinates": [
     121.546036,
     25.10817
    ],
    "type": "Point"
   },
   "properties": {
    "bearing": null,
    "city": "臺北市",
    "description": "仰德大道2段115巷口",
    "id": "23ef341ea63e",
    "last_seen": "2026-08-11",
    "section_id": null,
    "section_role": null,
    "source": "gov.tw:7320",
    "speed_limit": 40,
    "type": "fixed"
   },
   "type": "Feature"
  },
  {
   "geometry": {
    "coordinates": [
     121.00155,
     24.781939
    ],
    "type": "Point"
   },
   "properties": {
    "bearing": 90.0,
    "city": "新竹市",
    "description": "新竹科學園區新安路近展業一路口",
    "id": "240c353c376b",
    "last_seen": "2026-08-11",
    "section_id": null,
    "section_role": null,
    "source": "gov.tw:7320",
    "speed_limit": 50,
    "type": "fixed"
   },
   "type": "Feature"
  },
  {
   "geometry": {
    "coordinates": [
     120.70975,
     24.20075
    ],
    "type": "Point"
   },
   "properties": {
    "bearing": 270.0,
    "city": "臺中市",
    "description": "潭子區中彰快速道路19.4K(往烏日方向)",
    "id": "246035a89c52",
    "last_seen": "2026-08-11",
    "section_id": null,
    "section_role": null,
    "source": "gov.tw:7320",
    "speed_limit": 80,
    "type": "fixed"
   },
   "type": "Feature"
  },
  {
   "geometry": {
    "coordinates": [
     121.37136,
     24.958023
    ],
    "type": "Point"
   },
   "properties": {
    "bearing": 45.0,
    "city": "新北市",
    "description": "館前路2.4公里（往樹林方向）",
    "id": "24d8cad16972",
    "last_seen": "2026-08-11",
    "section_id": null,
    "section_role": null,
    "source": "gov.tw:7320",
    "speed_limit": 50,
    "type": "fixed"
   },
   "type": "Feature"
  },
  {
   "geometry": {
    "coordinates": [
     120.44367,
     22.513481
    ],
    "type": "Point"
   },
   "properties": {
    "bearing": null,
    "city": "屏東縣",
    "description": "屏63線2.87K媽祖路段",
    "id": "24e4365d8c17",
    "last_seen": "2026-08-11",
    "section_id": null,
    "section_role": null,
    "source": "gov.tw:7320",
    "speed_limit": 50,
    "type": "fixed"
   },
   "type": "Feature"
  },
  {
   "geometry": {
    "coordinates": [
     120.93412,
     24.842299
    ],
    "type": "Point"
   },
   "properties": {
    "bearing": 0.0,
    "city": "新竹市",
    "description": "西濱路、東大路四段口(北上)",
    "id": "253205d75ac6",
    "last_seen": "2026-08-11",
    "section_id": null,
    "section_role": null,
    "source": "gov.tw:7320",
    "speed_limit": 60,
    "type": "fixed"
   },
   "type": "Feature"
  },
  {
   "geometry": {
    "coordinates": [
     121.74288,
     25.123173
    ],
    "type": "Point"
   },
   "properties": {
    "bearing": 180.0,
    "city": "基隆市",
    "description": "南榮路64巷口",
    "id": "258e3ab63736",
    "last_seen": "2026-08-11",
    "section_id": null,
    "section_role": null,
    "source": "gov.tw:7320",
    "speed_limit": 50,
    "type": "fixed"
   },
   "type": "Feature"
  },
  {
   "geometry": {
    "coordinates": [
     121.61159,
     25.052607
    ],
    "type": "Point"
   },
   "properties": {
    "bearing": 90.0,
    "city": "臺北市",
    "description": "忠孝東路七段511號前",
    "id": "25ed113e5b70",
    "last_seen": "2026-08-11",
    "section_id": null,
    "section_role": null,
    "source": "gov.tw:7320",
    "speed_limit": 50,
    "type": "fixed"
   },
   "type": "Feature"
  },
  {
   "geometry": {
    "coordinates": [
     121.31265,
     24.990383
    ],
    "type": "Point"
   },
   "properties": {
    "bearing": 0.0,
    "city": "桃園市",
    "description": "復興路129號前(復興路與中正路口)",
    "id": "262a99897382",
    "last_seen": "2026-08-11",
    "section_id": null,
    "section_role": null,
    "source": "gov.tw:7320",
    "speed_limit": 50,
    "type": "fixed"
   },
   "type": "Feature"
  },
  {
   "geometry": {
    "coordinates": [
     120.45354,
     23.122286
    ],
    "type": "Point"
   },
   "properties": {
    "bearing": 270.0,
    "city": "臺南市",
    "description": "臺84線40.8公里",
    "id": "2652d02bf72b",
    "last_seen": "2026-08-11",
    "section_id": null,
    "section_role": null,
    "source": "gov.tw:7320",
    "speed_limit": 70,
    "type": "fixed"
   },
   "type": "Feature"
  },
  {
   "geometry": {
    "coordinates": [
     121.30725,
     24.981688
    ],
    "type": "Point"
   },
   "properties": {
    "bearing": null,
    "city": "桃園市",
    "description": "介壽路與三民路三段路口",
    "id": "2664c6c26a0d",
    "last_seen": "2026-08-11",
    "section_id": null,
    "section_role": null,
    "source": "gov.tw:7320",
    "speed_limit": 30,
    "type": "fixed"
   },
   "type": "Feature"
  },
  {
   "geometry": {
    "coordinates": [
     120.72229,
     24.210611
    ],
    "type": "Point"
   },
   "properties": {
    "bearing": 0.0,
    "city": "臺中市",
    "description": "潭子區豐興路二段(中89線3.96K北上)",
    "id": "26907c05f2cb",
    "last_seen": "2026-08-11",
    "section_id": null,
    "section_role": null,
    "source": "gov.tw:7320",
    "speed_limit": 50,
    "type": "fixed"
   },
   "type": "Feature"
  },
  {
   "geometry": {
    "coordinates": [
     120.78955,
     24.594868
    ],
    "type": "Point"
   },
   "properties": {
    "bearing": 90.0,
    "city": "苗栗縣",
    "description": "台6線3.7公里處(後龍交流道附近)",
    "id": "272d51c50302",
    "last_seen": "2026-08-11",
    "section_id": null,
    "section_role": null,
    "source": "gov.tw:7320",
    "speed_limit": 60,
    "type": "fixed"
   },
   "type": "Feature"
  },
  {
   "geometry": {
    "coordinates": [
     121.45148,
     25.13215
    ],
    "type": "Point"
   },
   "properties": {
    "bearing": 180.0,
    "city": "新北市",
    "description": "龍米路1段與龍形三街口（往臺北）",
    "id": "273b69de4e03",
    "last_seen": "2026-08-11",
    "section_id": null,
    "section_role": null,
    "source": "gov.tw:7320",
    "speed_limit": 50,
    "type": "fixed"
   },
   "type": "Feature"
  },
  {
   "geometry": {
    "coordinates": [
     120.409294,
     22.58654
    ],
    "type": "Point"
   },
   "properties": {
    "bearing": 90.0,
    "city": "高雄市",
    "description": "台88線快速道路西向東7.4公里處",
    "id": "2754a7b0e1d4",
    "last_seen": "2026-08-11",
    "section_id": null,
    "section_role": null,
    "source": "gov.tw:7320",
    "speed_limit": 90,
    "type": "fixed"
   },
   "type": "Feature"
  },
  {
   "geometry": {
    "coordinates": [
     118.29999,
     24.411718
    ],
    "type": "Point"
   },
   "properties": {
    "bearing": null,
    "city": "金門縣",
    "description": "金城鎮西海路一段(水頭路段)",
    "id": "27622fdf4568",
    "last_seen": "2026-08-11",
    "section_id": null,
    "section_role": null,
    "source": "gov.tw:7320",
    "speed_limit": 50,
    "type": "fixed"
   },
   "type": "Feature"
  },
  {
   "geometry": {
    "coordinates": [
     121.77938,
     25.124674
    ],
    "type": "Point"
   },
   "properties": {
    "bearing": 0.0,
    "city": "基隆市",
    "description": "台62甲線3號隧道出口處至東海街出口(南往北)區間測速",
    "id": "278aa78b57ce",
    "last_seen": "2026-08-11",
    "section_id": null,
    "section_role": null,
    "source": "gov.tw:7320",
    "speed_limit": 50,
    "type": "fixed"
   },
   "type": "Feature"
  },
  {
   "geometry": {
    "coordinates": [
     120.92275,
     24.712439
    ],
    "type": "Point"
   },
   "properties": {
    "bearing": null,
    "city": "苗栗縣",
    "description": "中華路240號前",
    "id": "27d0f4f46186",
    "last_seen": "2026-08-11",
    "section_id": null,
    "section_role": null,
    "source": "gov.tw:7320",
    "speed_limit": 60,
    "type": "fixed"
   },
   "type": "Feature"
  },
  {
   "geometry": {
    "coordinates": [
     120.88288,
     24.65347
    ],
    "type": "Point"
   },
   "properties": {
    "bearing": 0.0,
    "city": "苗栗縣",
    "description": "台13線12.1公里處（尖山國小前）",
    "id": "27d10f499caf",
    "last_seen": "2026-08-11",
    "section_id": null,
    "section_role": null,
    "source": "gov.tw:7320",
    "speed_limit": 60,
    "type": "fixed"
   },
   "type": "Feature"
  },
  {
   "geometry": {
    "coordinates": [
     121.703316,
     25.141867
    ],
    "type": "Point"
   },
   "properties": {
    "bearing": 270.0,
    "city": "基隆市",
    "description": "萬瑞快速公路(台62線)、基金二路一巷口",
    "id": "27e3298dc7a4",
    "last_seen": "2026-08-11",
    "section_id": null,
    "section_role": null,
    "source": "gov.tw:7320",
    "speed_limit": 40,
    "type": "fixed"
   },
   "type": "Feature"
  },
  {
   "geometry": {
    "coordinates": [
     120.548325,
     24.236662
    ],
    "type": "Point"
   },
   "properties": {
    "bearing": 180.0,
    "city": "臺中市",
    "description": "梧棲區中華路一段(台1線168.5K)",
    "id": "27fe5a65fa4f",
    "last_seen": "2026-08-11",
    "section_id": null,
    "section_role": null,
    "source": "gov.tw:7320",
    "speed_limit": 70,
    "type": "fixed"
   },
   "type": "Feature"
  },
  {
   "geometry": {
    "coordinates": [
     121.53695,
     23.652084
    ],
    "type": "Point"
   },
   "properties": {
    "bearing": null,
    "city": "花蓮縣",
    "description": "臺11線43.281K",
    "id": "282a62e6e0d7",
    "last_seen": "2026-08-11",
    "section_id": null,
    "section_role": null,
    "source": "gov.tw:7320",
    "speed_limit": 60,
    "type": "fixed"
   },
   "type": "Feature"
  },
  {
   "geometry": {
    "coordinates": [
     120.15164,
     23.585243
    ],
    "type": "Point"
   },
   "properties": {
    "bearing": 180.0,
    "city": "雲林縣",
    "description": "口湖鄉台61線快速道路246K+100m",
    "id": "282b32c4a842",
    "last_seen": "2026-08-11",
    "section_id": null,
    "section_role": null,
    "source": "gov.tw:7320",
    "speed_limit": 90,
    "type": "fixed"
   },
   "type": "Feature"
  },
  {
   "geometry": {
    "coordinates": [
     120.835365,
     24.512255
    ],
    "type": "Point"
   },
   "properties": {
    "bearing": 180.0,
    "city": "苗栗縣",
    "description": "119甲線(沿山道)3.4公里處",
    "id": "2832c1e1e3a3",
    "last_seen": "2026-08-11",
    "section_id": null,
    "section_role": null,
    "source": "gov.tw:7320",
    "speed_limit": 60,
    "type": "fixed"
   },
   "type": "Feature"
  },
  {
   "geometry": {
    "coordinates": [
     120.510124,
     22.579426
    ],
    "type": "Point"
   },
   "properties": {
    "bearing": null,
    "city": "屏東縣",
    "description": "189線20.1K",
    "id": "287bd689d3b2",
    "last_seen": "2026-08-11",
    "section_id": null,
    "section_role": null,
    "source": "gov.tw:7320",
    "speed_limit": 70,
    "type": "fixed"
   },
   "type": "Feature"
  },
  {
   "geometry": {
    "coordinates": [
     120.78272,
     24.275433
    ],
    "type": "Point"
   },
   "properties": {
    "bearing": 180.0,
    "city": "臺中市",
    "description": "石岡區豐勢路與廣華街口",
    "id": "2881fb96a924",
    "last_seen": "2026-08-11",
    "section_id": null,
    "section_role": null,
    "source": "gov.tw:7320",
    "speed_limit": 70,
    "type": "fixed"
   },
   "type": "Feature"
  },
  {
   "geometry": {
    "coordinates": [
     120.46521,
     23.561493
    ],
    "type": "Point"
   },
   "properties": {
    "bearing": null,
    "city": "嘉義縣",
    "description": "民雄鄉大學路一段與正大路一段路口",
    "id": "28b3275e9c13",
    "last_seen": "2026-08-11",
    "section_id": null,
    "section_role": null,
    "source": "gov.tw:7320",
    "speed_limit": 50,
    "type": "fixed"
   },
   "type": "Feature"
  },
  {
   "geometry": {
    "coordinates": [
     119.60282,
     23.55733
    ],
    "type": "Point"
   },
   "properties": {
    "bearing": 135.0,
    "city": "澎湖縣",
    "description": "縣道204線光華段2.6K",
    "id": "28b9457a5c2c",
    "last_seen": "2026-08-11",
    "section_id": null,
    "section_role": null,
    "source": "gov.tw:7320",
    "speed_limit": 50,
    "type": "fixed"
   },
   "type": "Feature"
  },
  {
   "geometry": {
    "coordinates": [
     119.5091,
     23.59831
    ],
    "type": "Point"
   },
   "properties": {
    "bearing": 180.0,
    "city": "澎湖縣",
    "description": "縣道203線池東段30.4K",
    "id": "28f37c8cb162",
    "last_seen": "2026-08-11",
    "section_id": null,
    "section_role": null,
    "source": "gov.tw:7320",
    "speed_limit": 50,
    "type": "fixed"
   },
   "type": "Feature"
  },
  {
   "geometry": {
    "coordinates": [
     121.37406,
     25.05708
    ],
    "type": "Point"
   },
   "properties": {
    "bearing": null,
    "city": "桃園市",
    "description": "文化一路與復興二路口",
    "id": "296aa495de05",
    "last_seen": "2026-08-11",
    "section_id": null,
    "section_role": null,
    "source": "gov.tw:7320",
    "speed_limit": 60,
    "type": "fixed"
   },
   "type": "Feature"
  },
  {
   "geometry": {
    "coordinates": [
     120.68583,
     24.37995
    ],
    "type": "Point"
   },
   "properties": {
    "bearing": 90.0,
    "city": "苗栗縣",
    "description": "140線8.1公里處",
    "id": "2989793bab35",
    "last_seen": "2026-08-11",
    "section_id": null,
    "section_role": null,
    "source": "gov.tw:7320",
    "speed_limit": 60,
    "type": "fixed"
   },
   "type": "Feature"
  },
  {
   "geometry": {
    "coordinates": [
     120.93,
     24.726501
    ],
    "type": "Point"
   },
   "properties": {
    "bearing": null,
    "city": "新竹市",
    "description": "南隘路2段76號對面（南隘國小）",
    "id": "2a366245eaa9",
    "last_seen": "2026-08-11",
    "section_id": null,
    "section_role": null,
    "source": "gov.tw:7320",
    "speed_limit": 50,
    "type": "fixed"
   },
   "type": "Feature"
  },
  {
   "geometry": {
    "coordinates": [
     120.95703,
     24.681976
    ],
    "type": "Point"
   },
   "properties": {
    "bearing": 270.0,
    "city": "苗栗縣",
    "description": "124線10.75公里處",
    "id": "2a5075c0bf57",
    "last_seen": "2026-08-11",
    "section_id": null,
    "section_role": null,
    "source": "gov.tw:7320",
    "speed_limit": 50,
    "type": "fixed"
   },
   "type": "Feature"
  },
  {
   "geometry": {
    "coordinates": [
     120.83718,
     24.222034
    ],
    "type": "Point"
   },
   "properties": {
    "bearing": 270.0,
    "city": "臺中市",
    "description": "東勢區東關路六段近262巷",
    "id": "2a7d320c58fa",
    "last_seen": "2026-08-11",
    "section_id": null,
    "section_role": null,
    "source": "gov.tw:7320",
    "speed_limit": 60,
    "type": "fixed"
   },
   "type": "Feature"
  },
  {
   "geometry": {
    "coordinates": [
     121.28117,
     24.930964
    ],
    "type": "Point"
   },
   "properties": {
    "bearing": null,
    "city": "桃園市",
    "description": "建德路與長興路口",
    "id": "2aa98d91d276",
    "last_seen": "2026-08-11",
    "section_id": null,
    "section_role": null,
    "source": "gov.tw:7320",
    "speed_limit": 50,
    "type": "fixed"
   },
   "type": "Feature"
  },
  {
   "geometry": {
    "coordinates": [
     120.17903,
     23.017673
    ],
    "type": "Point"
   },
   "properties": {
    "bearing": null,
    "city": "臺南市",
    "description": "安明路-近大港觀海橋",
    "id": "2ad2d3cac667",
    "last_seen": "2026-08-11",
    "section_id": null,
    "section_role": null,
    "source": "gov.tw:7320",
    "speed_limit": 70,
    "type": "fixed"
   },
   "type": "Feature"
  },
  {
   "geometry": {
    "coordinates": [
     121.9267,
     25.039959
    ],
    "type": "Point"
   },
   "properties": {
    "bearing": 0.0,
    "city": "新北市",
    "description": "台2線96.55公里處（往宜蘭或基隆）",
    "id": "2ad9e1943043",
    "last_seen": "2026-08-11",
    "section_id": null,
    "section_role": null,
    "source": "gov.tw:7320",
    "speed_limit": 60,
    "type": "fixed"
   },
   "type": "Feature"
  },
  {
   "geometry": {
    "coordinates": [
     121.44263,
     24.971012
    ],
    "type": "Point"
   },
   "properties": {
    "bearing": 225.0,
    "city": "新北市",
    "description": "金城路1段62號（雙向）",
    "id": "2afe31bcc413",
    "last_seen": "2026-08-11",
    "section_id": null,
    "section_role": null,
    "source": "gov.tw:7320",
    "speed_limit": 50,
    "type": "fixed"
   },
   "type": "Feature"
  },
  {
   "geometry": {
    "coordinates": [
     121.525024,
     24.975636
    ],
    "type": "Point"
   },
   "properties": {
    "bearing": 135.0,
    "city": "新北市",
    "description": "環河路168號前（往臺北或新店方向）",
    "id": "2b6e51f1c294",
    "last_seen": "2026-08-11",
    "section_id": null,
    "section_role": null,
    "source": "gov.tw:7320",
    "speed_limit": 60,
    "type": "fixed"
   },
   "type": "Feature"
  },
  {
   "geometry": {
    "coordinates": [
     121.36495,
     25.135008
    ],
    "type": "Point"
   },
   "properties": {
    "bearing": 90.0,
    "city": "新北市",
    "description": "台15線汕頭32號前（往北）",
    "id": "2b9049b35d45",
    "last_seen": "2026-08-11",
    "section_id": null,
    "section_role": null,
    "source": "gov.tw:7320",
    "speed_limit": 50,
    "type": "fixed"
   },
   "type": "Feature"
  },
  {
   "geometry": {
    "coordinates": [
     120.90529,
     24.720804
    ],
    "type": "Point"
   },
   "properties": {
    "bearing": null,
    "city": "苗栗縣",
    "description": "公義路1557號前",
    "id": "2b987b632893",
    "last_seen": "2026-08-11",
    "section_id": null,
    "section_role": null,
    "source": "gov.tw:7320",
    "speed_limit": 60,
    "type": "fixed"
   },
   "type": "Feature"
  },
  {
   "geometry": {
    "coordinates": [
     121.39196,
     24.968607
    ],
    "type": "Point"
   },
   "properties": {
    "bearing": 270.0,
    "city": "新北市",
    "description": "八德街與堤外道路（往鶯歌方向）",
    "id": "2bba303d28aa",
    "last_seen": "2026-08-11",
    "section_id": null,
    "section_role": null,
    "source": "gov.tw:7320",
    "speed_limit": 50,
    "type": "fixed"
   },
   "type": "Feature"
  },
  {
   "geometry": {
    "coordinates": [
     120.59917,
     22.718996
    ],
    "type": "Point"
   },
   "properties": {
    "bearing": null,
    "city": "屏東縣",
    "description": "台24線14.87K",
    "id": "2be2f0f3981e",
    "last_seen": "2026-08-11",
    "section_id": null,
    "section_role": null,
    "source": "gov.tw:7320",
    "speed_limit": 60,
    "type": "fixed"
   },
   "type": "Feature"
  },
  {
   "geometry": {
    "coordinates": [
     120.47836,
     24.000069
    ],
    "type": "Point"
   },
   "properties": {
    "bearing": null,
    "city": "彰化縣",
    "description": "埔鹽鄉彰水路2段與中山路口",
    "id": "2c01975704c3",
    "last_seen": "2026-08-11",
    "section_id": null,
    "section_role": null,
    "source": "gov.tw:7320",
    "speed_limit": 60,
    "type": "fixed"
   },
   "type": "Feature"
  },
  {
   "geometry": {
    "coordinates": [
     120.21999,
     23.176996
    ],
    "type": "Point"
   },
   "properties": {
    "bearing": 270.0,
    "city": "臺南市",
    "description": "176線16.9公里麻豆口路口",
    "id": "2c36038f65b5",
    "last_seen": "2026-08-11",
    "section_id": null,
    "section_role": null,
    "source": "gov.tw:7320",
    "speed_limit": 60,
    "type": "fixed"
   },
   "type": "Feature"
  },
  {
   "geometry": {
    "coordinates": [
     121.72914,
     25.13433
    ],
    "type": "Point"
   },
   "properties": {
    "bearing": 90.0,
    "city": "基隆市",
    "description": "安一路(十全亭公園旁)",
    "id": "2c7884a5bb9e",
    "last_seen": "2026-08-11",
    "section_id": null,
    "section_role": null,
    "source": "gov.tw:7320",
    "speed_limit": 50,
    "type": "fixed"
   },
   "type": "Feature"
  },
  {
   "geometry": {
    "coordinates": [
     121.408424,
     24.969753
    ],
    "type": "Point"
   },
   "properties": {
    "bearing": 90.0,
    "city": "新北市",
    "description": "八德街336號（往板橋）",
    "id": "2c94fd2ef923",
    "last_seen": "2026-08-11",
    "section_id": null,
    "section_role": null,
    "source": "gov.tw:7320",
    "speed_limit": 50,
    "type": "fixed"
   },
   "type": "Feature"
  },
  {
   "geometry": {
    "coordinates": [
     120.21565,
     22.973982
    ],
    "type": "Point"
   },
   "properties": {
    "bearing": null,
    "city": "臺南市",
    "description": "榮譽街與榮譽街25巷口(近大同國小前)",
    "id": "2c9d58f1f168",
    "last_seen": "2026-08-11",
    "section_id": null,
    "section_role": null,
    "source": "gov.tw:7320",
    "speed_limit": 50,
    "type": "fixed"
   },
   "type": "Feature"
  },
  {
   "geometry": {
    "coordinates": [
     120.44178,
     23.478798
    ],
    "type": "Point"
   },
   "properties": {
    "bearing": null,
    "city": "嘉義市",
    "description": "嘉義市中山路與中正路口",
    "id": "2cbfdecfd41c",
    "last_seen": "2026-08-11",
    "section_id": null,
    "section_role": null,
    "source": "gov.tw:7320",
    "speed_limit": 50,
    "type": "fixed"
   },
   "type": "Feature"
  },
  {
   "geometry": {
    "coordinates": [
     120.31369,
     22.56297
    ],
    "type": "Point"
   },
   "properties": {
    "bearing": 0.0,
    "city": "高雄市",
    "description": "過港隧道北孔〈前鎮往旗津方向〉機車道1100M處",
    "id": "2cc1f9905a20",
    "last_seen": "2026-08-11",
    "section_id": null,
    "section_role": null,
    "source": "gov.tw:7320",
    "speed_limit": 50,
    "type": "fixed"
   },
   "type": "Feature"
  },
  {
   "geometry": {
    "coordinates": [
     120.9131,
     24.690813
    ],
    "type": "Point"
   },
   "properties": {
    "bearing": 180.0,
    "city": "苗栗縣",
    "description": "中華路與自強路口",
    "id": "2cee0adfcc85",
    "last_seen": "2026-08-11",
    "section_id": null,
    "section_role": null,
    "source": "gov.tw:7320",
    "speed_limit": 60,
    "type": "fixed"
   },
   "type": "Feature"
  },
  {
   "geometry": {
    "coordinates": [
     120.65354,
     24.221212
    ],
    "type": "Point"
   },
   "properties": {
    "bearing": 180.0,
    "city": "臺中市",
    "description": "大雅區雅環路一段與雅潭路四段路口",
    "id": "2d46168487fb",
    "last_seen": "2026-08-11",
    "section_id": null,
    "section_role": null,
    "source": "gov.tw:7320",
    "speed_limit": 50,
    "type": "fixed"
   },
   "type": "Feature"
  },
  {
   "geometry": {
    "coordinates": [
     120.81203,
     24.657776
    ],
    "type": "Point"
   },
   "properties": {
    "bearing": null,
    "city": "苗栗縣",
    "description": "台61線97.55公里處",
    "id": "2d5ecc5cefbb",
    "last_seen": "2026-08-11",
    "section_id": null,
    "section_role": null,
    "source": "gov.tw:7320",
    "speed_limit": 80,
    "type": "fixed"
   },
   "type": "Feature"
  },
  {
   "geometry": {
    "coordinates": [
     120.98689,
     24.822033
    ],
    "type": "Point"
   },
   "properties": {
    "bearing": 90.0,
    "city": "新竹市",
    "description": "中華路一段2巷137號",
    "id": "2d9dabcd2abd",
    "last_seen": "2026-08-11",
    "section_id": null,
    "section_role": null,
    "source": "gov.tw:7320",
    "speed_limit": 40,
    "type": "fixed"
   },
   "type": "Feature"
  },
  {
   "geometry": {
    "coordinates": [
     120.22442,
     22.99815
    ],
    "type": "Point"
   },
   "properties": {
    "bearing": 180.0,
    "city": "臺南市",
    "description": "林森路後甲國中前-近東和路口",
    "id": "2dc754e4db8c",
    "last_seen": "2026-08-11",
    "section_id": null,
    "section_role": null,
    "source": "gov.tw:7320",
    "speed_limit": 50,
    "type": "fixed"
   },
   "type": "Feature"
  },
  {
   "geometry": {
    "coordinates": [
     121.08224,
     24.76567
    ],
    "type": "Point"
   },
   "properties": {
    "bearing": 270.0,
    "city": "新竹縣",
    "description": "竹120線11.5公里竹林交流道北上匝道口",
    "id": "2de0d7085680",
    "last_seen": "2026-08-11",
    "section_id": null,
    "section_role": null,
    "source": "gov.tw:7320",
    "speed_limit": 60,
    "type": "fixed"
   },
   "type": "Feature"
  },
  {
   "geometry": {
    "coordinates": [
     121.71217,
     24.670204
    ],
    "type": "Point"
   },
   "properties": {
    "bearing": null,
    "city": "宜蘭縣",
    "description": "台7丙線19ｋ+865m大隱段西向",
    "id": "2e3ee666f620",
    "last_seen": "2026-08-11",
    "section_id": null,
    "section_role": null,
    "source": "gov.tw:7320",
    "speed_limit": 60,
    "type": "fixed"
   },
   "type": "Feature"
  },
  {
   "geometry": {
    "coordinates": [
     120.35902,
     22.593834
    ],
    "type": "Point"
   },
   "properties": {
    "bearing": 180.0,
    "city": "高雄市",
    "description": "鳳頂路與過埤路口",
    "id": "2eba2ffc156a",
    "last_seen": "2026-08-11",
    "section_id": null,
    "section_role": null,
    "source": "gov.tw:7320",
    "speed_limit": 60,
    "type": "fixed"
   },
   "type": "Feature"
  },
  {
   "geometry": {
    "coordinates": [
     120.440254,
     23.520376
    ],
    "type": "Point"
   },
   "properties": {
    "bearing": null,
    "city": "嘉義縣",
    "description": "民雄鄉台1線與中山路工業一路口",
    "id": "2ec11870d0b4",
    "last_seen": "2026-08-11",
    "section_id": null,
    "section_role": null,
    "source": "gov.tw:7320",
    "speed_limit": 50,
    "type": "fixed"
   },
   "type": "Feature"
  },
  {
   "geometry": {
    "coordinates": [
     120.59575,
     24.11225
    ],
    "type": "Point"
   },
   "properties": {
    "bearing": 90.0,
    "city": "臺中市",
    "description": "烏日區中山路三段917號前",
    "id": "2ec94563fd26",
    "last_seen": "2026-08-11",
    "section_id": null,
    "section_role": null,
    "source": "gov.tw:7320",
    "speed_limit": 70,
    "type": "fixed"
   },
   "type": "Feature"
  },
  {
   "geometry": {
    "coordinates": [
     121.88659,
     25.121658
    ],
    "type": "Point"
   },
   "properties": {
    "bearing": 135.0,
    "city": "新北市",
    "description": "台2線81公里欽賢國中旁（往宜蘭）",
    "id": "2ee104c138cb",
    "last_seen": "2026-08-11",
    "section_id": null,
    "section_role": null,
    "source": "gov.tw:7320",
    "speed_limit": 50,
    "type": "fixed"
   },
   "type": "Feature"
  },
  {
   "geometry": {
    "coordinates": [
     121.750694,
     24.30211
    ],
    "type": "Point"
   },
   "properties": {
    "bearing": null,
    "city": "花蓮縣",
    "description": "臺9線146.272K",
    "id": "2f16e54677e7",
    "last_seen": "2026-08-11",
    "section_id": null,
    "section_role": null,
    "source": "gov.tw:7320",
    "speed_limit": 50,
    "type": "fixed"
   },
   "type": "Feature"
  },
  {
   "geometry": {
    "coordinates": [
     121.54434,
     25.071774
    ],
    "type": "Point"
   },
   "properties": {
    "bearing": 0.0,
    "city": "臺北市",
    "description": "復興北路(車行地下道北出口處)",
    "id": "2f22dc8c6b76",
    "last_seen": "2026-08-11",
    "section_id": null,
    "section_role": null,
    "source": "gov.tw:7320",
    "speed_limit": 40,
    "type": "fixed"
   },
   "type": "Feature"
  },
  {
   "geometry": {
    "coordinates": [
     120.916466,
     24.52958
    ],
    "type": "Point"
   },
   "properties": {
    "bearing": 180.0,
    "city": "苗栗縣",
    "description": "台3線111.8公里處",
    "id": "2f2450000640",
    "last_seen": "2026-08-11",
    "section_id": null,
    "section_role": null,
    "source": "gov.tw:7320",
    "speed_limit": 60,
    "type": "fixed"
   },
   "type": "Feature"
  },
  {
   "geometry": {
    "coordinates": [
     121.35972,
     25.13318
    ],
    "type": "Point"
   },
   "properties": {
    "bearing": 45.0,
    "city": "新北市",
    "description": "台61線快速公路8.6公里處（往八里）",
    "id": "2f5e0bc27685",
    "last_seen": "2026-08-11",
    "section_id": null,
    "section_role": null,
    "source": "gov.tw:7320",
    "speed_limit": 80,
    "type": "fixed"
   },
   "type": "Feature"
  },
  {
   "geometry": {
    "coordinates": [
     120.62186,
     24.207615
    ],
    "type": "Point"
   },
   "properties": {
    "bearing": null,
    "city": "臺中市",
    "description": "臺中市西屯區中科路段近科雅東路口(快車道)",
    "id": "2f62d2039ce4",
    "last_seen": "2026-08-11",
    "section_id": null,
    "section_role": null,
    "source": "gov.tw:7320",
    "speed_limit": 60,
    "type": "fixed"
   },
   "type": "Feature"
  },
  {
   "geometry": {
    "coordinates": [
     120.67267,
     24.131802
    ],
    "type": "Point"
   },
   "properties": {
    "bearing": null,
    "city": "臺中市",
    "description": "西區建國北路與公舘路",
    "id": "2f6a03b9cd6e",
    "last_seen": "2026-08-11",
    "section_id": null,
    "section_role": null,
    "source": "gov.tw:7320",
    "speed_limit": 50,
    "type": "fixed"
   },
   "type": "Feature"
  },
  {
   "geometry": {
    "coordinates": [
     120.47045,
     23.790707
    ],
    "type": "Point"
   },
   "properties": {
    "bearing": 180.0,
    "city": "雲林縣",
    "description": "西螺鎮台1線公路與振興路口",
    "id": "2f7a7cbd719c",
    "last_seen": "2026-08-11",
    "section_id": null,
    "section_role": null,
    "source": "gov.tw:7320",
    "speed_limit": 50,
    "type": "fixed"
   },
   "type": "Feature"
  },
  {
   "geometry": {
    "coordinates": [
     121.492744,
     25.02611
    ],
    "type": "Point"
   },
   "properties": {
    "bearing": null,
    "city": "臺北市",
    "description": "西園路2段光復橋頭往新北市",
    "id": "2f7ef33018f3",
    "last_seen": "2026-08-11",
    "section_id": null,
    "section_role": null,
    "source": "gov.tw:7320",
    "speed_limit": 50,
    "type": "fixed"
   },
   "type": "Feature"
  },
  {
   "geometry": {
    "coordinates": [
     120.99424,
     24.70087
    ],
    "type": "Point"
   },
   "properties": {
    "bearing": 180.0,
    "city": "新竹縣",
    "description": "台3線89.4公里",
    "id": "2fa62770c1ec",
    "last_seen": "2026-08-11",
    "section_id": null,
    "section_role": null,
    "source": "gov.tw:7320",
    "speed_limit": 60,
    "type": "fixed"
   },
   "type": "Feature"
  },
  {
   "geometry": {
    "coordinates": [
     121.4519,
     25.224241
    ],
    "type": "Point"
   },
   "properties": {
    "bearing": 180.0,
    "city": "新北市",
    "description": "台2線與正德國中賢孝校區前（往臺北）",
    "id": "300b84fc5f82",
    "last_seen": "2026-08-11",
    "section_id": null,
    "section_role": null,
    "source": "gov.tw:7320",
    "speed_limit": 50,
    "type": "fixed"
   },
   "type": "Feature"
  },
  {
   "geometry": {
    "coordinates": [
     121.26041,
     24.93422
    ],
    "type": "Point"
   },
   "properties": {
    "bearing": null,
    "city": "桃園市",
    "description": "長興路與崁頂路口",
    "id": "30342e3ae790",
    "last_seen": "2026-08-11",
    "section_id": null,
    "section_role": null,
    "source": "gov.tw:7320",
    "speed_limit": 50,
    "type": "fixed"
   },
   "type": "Feature"
  },
  {
   "geometry": {
    "coordinates": [
     120.357925,
     22.661678
    ],
    "type": "Point"
   },
   "properties": {
    "bearing": 0.0,
    "city": "高雄市",
    "description": "鳥松區環湖路近文前路口",
    "id": "304d9bf70d39",
    "last_seen": "2026-08-11",
    "section_id": null,
    "section_role": null,
    "source": "gov.tw:7320",
    "speed_limit": 50,
    "type": "fixed"
   },
   "type": "Feature"
  },
  {
   "geometry": {
    "coordinates": [
     121.60028,
     25.077787
    ],
    "type": "Point"
   },
   "properties": {
    "bearing": 0.0,
    "city": "臺北市",
    "description": "金湖路200號前",
    "id": "3081ebef3463",
    "last_seen": "2026-08-11",
    "section_id": null,
    "section_role": null,
    "source": "gov.tw:7320",
    "speed_limit": 50,
    "type": "fixed"
   },
   "type": "Feature"
  },
  {
   "geometry": {
    "coordinates": [
     120.90737,
     22.363562
    ],
    "type": "Point"
   },
   "properties": {
    "bearing": null,
    "city": "臺東縣",
    "description": "臺9線417.86K(大武國中)",
    "id": "30dce4ffa687",
    "last_seen": "2026-08-11",
    "section_id": null,
    "section_role": null,
    "source": "gov.tw:7320",
    "speed_limit": 50,
    "type": "fixed"
   },
   "type": "Feature"
  },
  {
   "geometry": {
    "coordinates": [
     120.35586,
     23.523249
    ],
    "type": "Point"
   },
   "properties": {
    "bearing": 0.0,
    "city": "嘉義縣",
    "description": "新港鄉159線與166線路口",
    "id": "30e936ec61b6",
    "last_seen": "2026-08-11",
    "section_id": null,
    "section_role": null,
    "source": "gov.tw:7320",
    "speed_limit": 60,
    "type": "fixed"
   },
   "type": "Feature"
  },
  {
   "geometry": {
    "coordinates": [
     121.52311,
     24.98002
    ],
    "type": "Point"
   },
   "properties": {
    "bearing": 0.0,
    "city": "新北市",
    "description": "溪園路375號前（往環河路或中安大橋方向）",
    "id": "312103b35d40",
    "last_seen": "2026-08-11",
    "section_id": null,
    "section_role": null,
    "source": "gov.tw:7320",
    "speed_limit": 60,
    "type": "fixed"
   },
   "type": "Feature"
  },
  {
   "geometry": {
    "coordinates": [
     120.22951,
     23.079973
    ],
    "type": "Point"
   },
   "properties": {
    "bearing": null,
    "city": "臺南市",
    "description": "嘉榮路512號前",
    "id": "312226fe74b7",
    "last_seen": "2026-08-11",
    "section_id": null,
    "section_role": null,
    "source": "gov.tw:7320",
    "speed_limit": 50,
    "type": "fixed"
   },
   "type": "Feature"
  },
  {
   "geometry": {
    "coordinates": [
     120.70988,
     24.136902
    ],
    "type": "Point"
   },
   "properties": {
    "bearing": 180.0,
    "city": "臺中市",
    "description": "太平區中彰快速道路27.5K(往大里方向)",
    "id": "315986dc435c",
    "last_seen": "2026-08-11",
    "section_id": null,
    "section_role": null,
    "source": "gov.tw:7320",
    "speed_limit": 80,
    "type": "fixed"
   },
   "type": "Feature"
  },
  {
   "geometry": {
    "coordinates": [
     120.95443,
     24.61411
    ],
    "type": "Point"
   },
   "properties": {
    "bearing": 180.0,
    "city": "苗栗縣",
    "description": "台3線103.5公里處",
    "id": "3182905668dc",
    "last_seen": "2026-08-11",
    "section_id": null,
    "section_role": null,
    "source": "gov.tw:7320",
    "speed_limit": 60,
    "type": "fixed"
   },
   "type": "Feature"
  },
  {
   "geometry": {
    "coordinates": [
     120.72174,
     24.209267
    ],
    "type": "Point"
   },
   "properties": {
    "bearing": 180.0,
    "city": "臺中市",
    "description": "潭子區豐興路二段(中89線4.2K)",
    "id": "318fd7fb21a3",
    "last_seen": "2026-08-11",
    "section_id": null,
    "section_role": null,
    "source": "gov.tw:7320",
    "speed_limit": 50,
    "type": "fixed"
   },
   "type": "Feature"
  },
  {
   "geometry": {
    "coordinates": [
     121.428314,
     24.981302
    ],
    "type": "Point"
   },
   "properties": {
    "bearing": 315.0,
    "city": "新北市",
    "description": "溪城路與金門街369巷口（往樹林）",
    "id": "31a3b4b5613a",
    "last_seen": "2026-08-11",
    "section_id": null,
    "section_role": null,
    "source": "gov.tw:7320",
    "speed_limit": 50,
    "type": "fixed"
   },
   "type": "Feature"
  },
  {
   "geometry": {
    "coordinates": [
     121.81548,
     24.758747
    ],
    "type": "Point"
   },
   "properties": {
    "bearing": null,
    "city": "宜蘭縣",
    "description": "台2線147ｋ+40ｍ過嶺國小南下",
    "id": "31dbf6e41cbb",
    "last_seen": "2026-08-11",
    "section_id": null,
    "section_role": null,
    "source": "gov.tw:7320",
    "speed_limit": 60,
    "type": "fixed"
   },
   "type": "Feature"
  },
  {
   "geometry": {
    "coordinates": [
     121.791145,
     24.688986
    ],
    "type": "Point"
   },
   "properties": {
    "bearing": null,
    "city": "宜蘭縣",
    "description": "191線與宜24線路口南下",
    "id": "32066519a696",
    "last_seen": "2026-08-11",
    "section_id": null,
    "section_role": null,
    "source": "gov.tw:7320",
    "speed_limit": 60,
    "type": "fixed"
   },
   "type": "Feature"
  },
  {
   "geometry": {
    "coordinates": [
     121.51869,
     25.04299
    ],
    "type": "Point"
   },
   "properties": {
    "bearing": 270.0,
    "city": "臺北市",
    "description": "中山南路近濟南路1段口",
    "id": "323c44430c45",
    "last_seen": "2026-08-11",
    "section_id": null,
    "section_role": null,
    "source": "gov.tw:7320",
    "speed_limit": 50,
    "type": "fixed"
   },
   "type": "Feature"
  },
  {
   "geometry": {
    "coordinates": [
     120.23394,
     22.99264
    ],
    "type": "Point"
   },
   "properties": {
    "bearing": 180.0,
    "city": "臺南市",
    "description": "中華東路-凱旋路口",
    "id": "32a9a0c025c2",
    "last_seen": "2026-08-11",
    "section_id": null,
    "section_role": null,
    "source": "gov.tw:7320",
    "speed_limit": 60,
    "type": "fixed"
   },
   "type": "Feature"
  },
  {
   "geometry": {
    "coordinates": [
     121.18508,
     24.825977
    ],
    "type": "Point"
   },
   "properties": {
    "bearing": null,
    "city": "桃園市",
    "description": "福源路256號對面",
    "id": "32b4670bbfae",
    "last_seen": "2026-08-11",
    "section_id": null,
    "section_role": null,
    "source": "gov.tw:7320",
    "speed_limit": 40,
    "type": "fixed"
   },
   "type": "Feature"
  },
  {
   "geometry": {
    "coordinates": [
     121.740974,
     25.136154
    ],
    "type": "Point"
   },
   "properties": {
    "bearing": 180.0,
    "city": "基隆市",
    "description": "中山一路、港西街口",
    "id": "32ce2d1643e0",
    "last_seen": "2026-08-11",
    "section_id": null,
    "section_role": null,
    "source": "gov.tw:7320",
    "speed_limit": 50,
    "type": "fixed"
   },
   "type": "Feature"
  },
  {
   "geometry": {
    "coordinates": [
     121.48416,
     25.025955
    ],
    "type": "Point"
   },
   "properties": {
    "bearing": 0.0,
    "city": "新北市",
    "description": "台65線快速公路7公里（往新莊）",
    "id": "331f4388c64f",
    "last_seen": "2026-08-11",
    "section_id": null,
    "section_role": null,
    "source": "gov.tw:7320",
    "speed_limit": 80,
    "type": "fixed"
   },
   "type": "Feature"
  },
  {
   "geometry": {
    "coordinates": [
     120.72201,
     24.275217
    ],
    "type": "Point"
   },
   "properties": {
    "bearing": 0.0,
    "city": "臺中市",
    "description": "三豐路二段510號前",
    "id": "3374504b151c",
    "last_seen": "2026-08-11",
    "section_id": null,
    "section_role": null,
    "source": "gov.tw:7320",
    "speed_limit": 50,
    "type": "fixed"
   },
   "type": "Feature"
  },
  {
   "geometry": {
    "coordinates": [
     121.29746,
     25.006742
    ],
    "type": "Point"
   },
   "properties": {
    "bearing": null,
    "city": "桃園市",
    "description": "溫州街69號對面",
    "id": "33906b976ed1",
    "last_seen": "2026-08-11",
    "section_id": null,
    "section_role": null,
    "source": "gov.tw:7320",
    "speed_limit": 30,
    "type": "fixed"
   },
   "type": "Feature"
  },
  {
   "geometry": {
    "coordinates": [
     121.50822,
     25.079073
    ],
    "type": "Point"
   },
   "properties": {
    "bearing": 180.0,
    "city": "臺北市",
    "description": "環河北路近敦煌路",
    "id": "339a5724b903",
    "last_seen": "2026-08-11",
    "section_id": null,
    "section_role": null,
    "source": "gov.tw:7320",
    "speed_limit": 60,
    "type": "fixed"
   },
   "type": "Feature"
  },
  {
   "geometry": {
    "coordinates": [
     120.83205,
     24.246574
    ],
    "type": "Point"
   },
   "properties": {
    "bearing": 90.0,
    "city": "臺中市",
    "description": "東關路七段與豐勢路",
    "id": "33d230a788de",
    "last_seen": "2026-08-11",
    "section_id": null,
    "section_role": null,
    "source": "gov.tw:7320",
    "speed_limit": 60,
    "type": "fixed"
   },
   "type": "Feature"
  },
  {
   "geometry": {
    "coordinates": [
     121.77766,
     24.749315
    ],
    "type": "Point"
   },
   "properties": {
    "bearing": null,
    "city": "宜蘭縣",
    "description": "台7線123k+900m東港段西向",
    "id": "3402ba5f72f4",
    "last_seen": "2026-08-11",
    "section_id": null,
    "section_role": null,
    "source": "gov.tw:7320",
    "speed_limit": 60,
    "type": "fixed"
   },
   "type": "Feature"
  },
  {
   "geometry": {
    "coordinates": [
     120.721985,
     24.32162
    ],
    "type": "Point"
   },
   "properties": {
    "bearing": null,
    "city": "臺中市",
    "description": "后科路三段2號(后里園區汙水處理廠)",
    "id": "3403b4b2fc8f",
    "last_seen": "2026-08-11",
    "section_id": null,
    "section_role": null,
    "source": "gov.tw:7320",
    "speed_limit": 50,
    "type": "fixed"
   },
   "type": "Feature"
  },
  {
   "geometry": {
    "coordinates": [
     120.30418,
     22.785051
    ],
    "type": "Point"
   },
   "properties": {
    "bearing": 270.0,
    "city": "高雄市",
    "description": "介壽東路與和平路口",
    "id": "341b1acaf972",
    "last_seen": "2026-08-11",
    "section_id": null,
    "section_role": null,
    "source": "gov.tw:7320",
    "speed_limit": 60,
    "type": "fixed"
   },
   "type": "Feature"
  },
  {
   "geometry": {
    "coordinates": [
     120.2685,
     22.77218
    ],
    "type": "Point"
   },
   "properties": {
    "bearing": 0.0,
    "city": "高雄市",
    "description": "岡山區石潭路89號前",
    "id": "346e282e8666",
    "last_seen": "2026-08-11",
    "section_id": null,
    "section_role": null,
    "source": "gov.tw:7320",
    "speed_limit": 50,
    "type": "fixed"
   },
   "type": "Feature"
  },
  {
   "geometry": {
    "coordinates": [
     121.07834,
     25.044872
    ],
    "type": "Point"
   },
   "properties": {
    "bearing": null,
    "city": "桃園市",
    "description": "台61線39.6K",
    "id": "347c75a558cb",
    "last_seen": "2026-08-11",
    "section_id": null,
    "section_role": null,
    "source": "gov.tw:7320",
    "speed_limit": 90,
    "type": "fixed"
   },
   "type": "Feature"
  },
  {
   "geometry": {
    "coordinates": [
     120.488625,
     22.597172
    ],
    "type": "Point"
   },
   "properties": {
    "bearing": null,
    "city": "屏東縣",
    "description": "189線16.62K萬丹國中前",
    "id": "348f9be8c64f",
    "last_seen": "2026-08-11",
    "section_id": null,
    "section_role": null,
    "source": "gov.tw:7320",
    "speed_limit": 50,
    "type": "fixed"
   },
   "type": "Feature"
  },
  {
   "geometry": {
    "coordinates": [
     121.21087,
     24.964502
    ],
    "type": "Point"
   },
   "properties": {
    "bearing": 270.0,
    "city": "桃園市",
    "description": "環西路二段185之2號前",
    "id": "349a6d6f5c53",
    "last_seen": "2026-08-11",
    "section_id": null,
    "section_role": null,
    "source": "gov.tw:7320",
    "speed_limit": 50,
    "type": "fixed"
   },
   "type": "Feature"
  },
  {
   "geometry": {
    "coordinates": [
     120.77903,
     24.27415
    ],
    "type": "Point"
   },
   "properties": {
    "bearing": 180.0,
    "city": "臺中市",
    "description": "石岡區明德路68之2號前",
    "id": "349bd0fc9985",
    "last_seen": "2026-08-11",
    "section_id": null,
    "section_role": null,
    "source": "gov.tw:7320",
    "speed_limit": 70,
    "type": "fixed"
   },
   "type": "Feature"
  },
  {
   "geometry": {
    "coordinates": [
     120.63256,
     23.79639
    ],
    "type": "Point"
   },
   "properties": {
    "bearing": null,
    "city": "彰化縣",
    "description": "二水鄉縣141線20.924K(二水鄉往南)",
    "id": "34f354de5ae8",
    "last_seen": "2026-08-11",
    "section_id": null,
    "section_role": null,
    "source": "gov.tw:7320",
    "speed_limit": 60,
    "type": "fixed"
   },
   "type": "Feature"
  },
  {
   "geometry": {
    "coordinates": [
     120.43407,
     23.549187
    ],
    "type": "Point"
   },
   "properties": {
    "bearing": null,
    "city": "嘉義縣",
    "description": "民雄鄉164線與台1線路口",
    "id": "351f775a3e42",
    "last_seen": "2026-08-11",
    "section_id": null,
    "section_role": null,
    "source": "gov.tw:7320",
    "speed_limit": 50,
    "type": "fixed"
   },
   "type": "Feature"
  },
  {
   "geometry": {
    "coordinates": [
     121.365906,
     24.912418
    ],
    "type": "Point"
   },
   "properties": {
    "bearing": 180.0,
    "city": "新北市",
    "description": "中正路2段264號前（往大溪）",
    "id": "35891aa2a66c",
    "last_seen": "2026-08-11",
    "section_id": null,
    "section_role": null,
    "source": "gov.tw:7320",
    "speed_limit": 50,
    "type": "fixed"
   },
   "type": "Feature"
  },
  {
   "geometry": {
    "coordinates": [
     120.411224,
     22.625937
    ],
    "type": "Point"
   },
   "properties": {
    "bearing": 180.0,
    "city": "高雄市",
    "description": "光明路三段與翁園路口",
    "id": "35a7a2acc114",
    "last_seen": "2026-08-11",
    "section_id": null,
    "section_role": null,
    "source": "gov.tw:7320",
    "speed_limit": 60,
    "type": "fixed"
   },
   "type": "Feature"
  },
  {
   "geometry": {
    "coordinates": [
     120.86359,
     24.579777
    ],
    "type": "Point"
   },
   "properties": {
    "bearing": 0.0,
    "city": "苗栗縣",
    "description": "台13線23.2公里處",
    "id": "35c6bfb00f88",
    "last_seen": "2026-08-11",
    "section_id": null,
    "section_role": null,
    "source": "gov.tw:7320",
    "speed_limit": 60,
    "type": "fixed"
   },
   "type": "Feature"
  },
  {
   "geometry": {
    "coordinates": [
     121.37637,
     25.009476
    ],
    "type": "Point"
   },
   "properties": {
    "bearing": 180.0,
    "city": "桃園市",
    "description": "東萬壽路與龍校街121巷6弄口",
    "id": "35efe1b4d5b0",
    "last_seen": "2026-08-11",
    "section_id": null,
    "section_role": null,
    "source": "gov.tw:7320",
    "speed_limit": 50,
    "type": "fixed"
   },
   "type": "Feature"
  },
  {
   "geometry": {
    "coordinates": [
     121.07962,
     25.015636
    ],
    "type": "Point"
   },
   "properties": {
    "bearing": 90.0,
    "city": "桃園市",
    "description": "台66線3k至14.8k",
    "id": "35f8f1488480",
    "last_seen": "2026-08-11",
    "section_id": null,
    "section_role": null,
    "source": "gov.tw:7320",
    "speed_limit": 80,
    "type": "fixed"
   },
   "type": "Feature"
  },
  {
   "geometry": {
    "coordinates": [
     120.52259,
     24.255108
    ],
    "type": "Point"
   },
   "properties": {
    "bearing": 270.0,
    "city": "臺中市",
    "description": "中二路與臺灣大道10段路口",
    "id": "360ec6ae518e",
    "last_seen": "2026-08-11",
    "section_id": null,
    "section_role": null,
    "source": "gov.tw:7320",
    "speed_limit": 50,
    "type": "fixed"
   },
   "type": "Feature"
  },
  {
   "geometry": {
    "coordinates": [
     120.615295,
     24.220121
    ],
    "type": "Point"
   },
   "properties": {
    "bearing": 180.0,
    "city": "臺中市",
    "description": "大雅區東大路二段與月祥路口",
    "id": "36c8855a078d",
    "last_seen": "2026-08-11",
    "section_id": null,
    "section_role": null,
    "source": "gov.tw:7320",
    "speed_limit": 50,
    "type": "fixed"
   },
   "type": "Feature"
  },
  {
   "geometry": {
    "coordinates": [
     120.46638,
     22.584911
    ],
    "type": "Point"
   },
   "properties": {
    "bearing": 90.0,
    "city": "屏東縣",
    "description": "萬順路二段與南北路一段路口",
    "id": "36e7b2933e54",
    "last_seen": "2026-08-11",
    "section_id": null,
    "section_role": null,
    "source": "gov.tw:7320",
    "speed_limit": 50,
    "type": "fixed"
   },
   "type": "Feature"
  },
  {
   "geometry": {
    "coordinates": [
     120.52318,
     24.257414
    ],
    "type": "Point"
   },
   "properties": {
    "bearing": 180.0,
    "city": "臺中市",
    "description": "中二路與中橫一路路口",
    "id": "36fe6f346c66",
    "last_seen": "2026-08-11",
    "section_id": null,
    "section_role": null,
    "source": "gov.tw:7320",
    "speed_limit": 60,
    "type": "fixed"
   },
   "type": "Feature"
  },
  {
   "geometry": {
    "coordinates": [
     120.53984,
     24.208696
    ],
    "type": "Point"
   },
   "properties": {
    "bearing": 0.0,
    "city": "臺中市",
    "description": "龍井區中華路二段480號前",
    "id": "370810584cbe",
    "last_seen": "2026-08-11",
    "section_id": null,
    "section_role": null,
    "source": "gov.tw:7320",
    "speed_limit": 70,
    "type": "fixed"
   },
   "type": "Feature"
  },
  {
   "geometry": {
    "coordinates": [
     120.307785,
     23.589163
    ],
    "type": "Point"
   },
   "properties": {
    "bearing": 0.0,
    "city": "雲林縣",
    "description": "北港鎮145縣道42k+500m處(媽祖醫院前路口)",
    "id": "3742d946bc37",
    "last_seen": "2026-08-11",
    "section_id": null,
    "section_role": null,
    "source": "gov.tw:7320",
    "speed_limit": 60,
    "type": "fixed"
   },
   "type": "Feature"
  },
  {
   "geometry": {
    "coordinates": [
     121.5685,
     25.047688
    ],
    "type": "Point"
   },
   "properties": {
    "bearing": 0.0,
    "city": "臺北市",
    "description": "基隆路1段49號前",
    "id": "3761983286b6",
    "last_seen": "2026-08-11",
    "section_id": null,
    "section_role": null,
    "source": "gov.tw:7320",
    "speed_limit": 50,
    "type": "fixed"
   },
   "type": "Feature"
  },
  {
   "geometry": {
    "coordinates": [
     120.98113,
     24.814762
    ],
    "type": "Point"
   },
   "properties": {
    "bearing": 180.0,
    "city": "新竹市",
    "description": "經國路、鐵道路二段口",
    "id": "3777325f1668",
    "last_seen": "2026-08-11",
    "section_id": null,
    "section_role": null,
    "source": "gov.tw:7320",
    "speed_limit": 50,
    "type": "fixed"
   },
   "type": "Feature"
  },
  {
   "geometry": {
    "coordinates": [
     121.351234,
     24.849945
    ],
    "type": "Point"
   },
   "properties": {
    "bearing": null,
    "city": "桃園市",
    "description": "台七乙線9.1K處",
    "id": "379b2fb86585",
    "last_seen": "2026-08-11",
    "section_id": null,
    "section_role": null,
    "source": "gov.tw:7320",
    "speed_limit": 40,
    "type": "fixed"
   },
   "type": "Feature"
  },
  {
   "geometry": {
    "coordinates": [
     121.581245,
     25.008957
    ],
    "type": "Point"
   },
   "properties": {
    "bearing": 180.0,
    "city": "臺北市",
    "description": "信義快速道路(北往南文山隧道出口處)",
    "id": "37a68e1b4db7",
    "last_seen": "2026-08-11",
    "section_id": null,
    "section_role": null,
    "source": "gov.tw:7320",
    "speed_limit": 70,
    "type": "fixed"
   },
   "type": "Feature"
  },
  {
   "geometry": {
    "coordinates": [
     120.303604,
     22.616146
    ],
    "type": "Point"
   },
   "properties": {
    "bearing": 180.0,
    "city": "高雄市",
    "description": "中山二路361號前",
    "id": "37cea8899182",
    "last_seen": "2026-08-11",
    "section_id": null,
    "section_role": null,
    "source": "gov.tw:7320",
    "speed_limit": 50,
    "type": "fixed"
   },
   "type": "Feature"
  },
  {
   "geometry": {
    "coordinates": [
     120.27488,
     23.077768
    ],
    "type": "Point"
   },
   "properties": {
    "bearing": null,
    "city": "臺南市",
    "description": "社內里大洲五號橋T字路口",
    "id": "37e961e37909",
    "last_seen": "2026-08-11",
    "section_id": null,
    "section_role": null,
    "source": "gov.tw:7320",
    "speed_limit": 25,
    "type": "fixed"
   },
   "type": "Feature"
  },
  {
   "geometry": {
    "coordinates": [
     121.85278,
     24.611954
    ],
    "type": "Point"
   },
   "properties": {
    "bearing": null,
    "city": "宜蘭縣",
    "description": "台2線164k+390m港邊段南下",
    "id": "38198c5a4cc3",
    "last_seen": "2026-08-11",
    "section_id": null,
    "section_role": null,
    "source": "gov.tw:7320",
    "speed_limit": 70,
    "type": "fixed"
   },
   "type": "Feature"
  },
  {
   "geometry": {
    "coordinates": [
     121.55731,
     25.02906
    ],
    "type": "Point"
   },
   "properties": {
    "bearing": 0.0,
    "city": "臺北市",
    "description": "基隆路2段109號前",
    "id": "386002368147",
    "last_seen": "2026-08-11",
    "section_id": null,
    "section_role": null,
    "source": "gov.tw:7320",
    "speed_limit": 50,
    "type": "fixed"
   },
   "type": "Feature"
  },
  {
   "geometry": {
    "coordinates": [
     121.79962,
     25.129658
    ],
    "type": "Point"
   },
   "properties": {
    "bearing": null,
    "city": "基隆市",
    "description": "調和街242號對面處",
    "id": "38737c755f81",
    "last_seen": "2026-08-11",
    "section_id": null,
    "section_role": null,
    "source": "gov.tw:7320",
    "speed_limit": 50,
    "type": "fixed"
   },
   "type": "Feature"
  },
  {
   "geometry": {
    "coordinates": [
     120.723434,
     24.29135
    ],
    "type": "Point"
   },
   "properties": {
    "bearing": 180.0,
    "city": "臺中市",
    "description": "后里區三豐路三段與枋寮路口",
    "id": "3876438a7371",
    "last_seen": "2026-08-11",
    "section_id": null,
    "section_role": null,
    "source": "gov.tw:7320",
    "speed_limit": 60,
    "type": "fixed"
   },
   "type": "Feature"
  },
  {
   "geometry": {
    "coordinates": [
     121.85049,
     24.891298
    ],
    "type": "Point"
   },
   "properties": {
    "bearing": null,
    "city": "宜蘭縣",
    "description": "台2線131k+121m外澳段南下",
    "id": "38a9befba966",
    "last_seen": "2026-08-11",
    "section_id": null,
    "section_role": null,
    "source": "gov.tw:7320",
    "speed_limit": 50,
    "type": "fixed"
   },
   "type": "Feature"
  },
  {
   "geometry": {
    "coordinates": [
     120.40004,
     24.0196
    ],
    "type": "Point"
   },
   "properties": {
    "bearing": 0.0,
    "city": "彰化縣",
    "description": "福興鄉沿海路與麥厝街口",
    "id": "38b3e57aacd7",
    "last_seen": "2026-08-11",
    "section_id": null,
    "section_role": null,
    "source": "gov.tw:7320",
    "speed_limit": 70,
    "type": "fixed"
   },
   "type": "Feature"
  },
  {
   "geometry": {
    "coordinates": [
     120.425934,
     23.747486
    ],
    "type": "Point"
   },
   "properties": {
    "bearing": null,
    "city": "雲林縣",
    "description": "西螺鎮 145 縣道 16k+650m 處",
    "id": "38f0633091ca",
    "last_seen": "2026-08-11",
    "section_id": null,
    "section_role": null,
    "source": "gov.tw:7320",
    "speed_limit": 50,
    "type": "fixed"
   },
   "type": "Feature"
  },
  {
   "geometry": {
    "coordinates": [
     120.212944,
     23.001534
    ],
    "type": "Point"
   },
   "properties": {
    "bearing": 180.0,
    "city": "臺南市",
    "description": "北門路與小東路口",
    "id": "3912341a247a",
    "last_seen": "2026-08-11",
    "section_id": null,
    "section_role": null,
    "source": "gov.tw:7320",
    "speed_limit": 50,
    "type": "fixed"
   },
   "type": "Feature"
  },
  {
   "geometry": {
    "coordinates": [
     121.248886,
     24.957594
    ],
    "type": "Point"
   },
   "properties": {
    "bearing": null,
    "city": "桃園市",
    "description": "環中東路606之16號前",
    "id": "3976164d467d",
    "last_seen": "2026-08-11",
    "section_id": null,
    "section_role": null,
    "source": "gov.tw:7320",
    "speed_limit": 50,
    "type": "fixed"
   },
   "type": "Feature"
  },
  {
   "geometry": {
    "coordinates": [
     120.53471,
     22.720186
    ],
    "type": "Point"
   },
   "properties": {
    "bearing": null,
    "city": "屏東縣",
    "description": "德和路與園西路口",
    "id": "399e7514f1df",
    "last_seen": "2026-08-11",
    "section_id": null,
    "section_role": null,
    "source": "gov.tw:7320",
    "speed_limit": 50,
    "type": "fixed"
   },
   "type": "Feature"
  },
  {
   "geometry": {
    "coordinates": [
     120.27259,
     23.109247
    ],
    "type": "Point"
   },
   "properties": {
    "bearing": null,
    "city": "臺南市",
    "description": "環西路二段與南科七路口",
    "id": "39df3931ab24",
    "last_seen": "2026-08-11",
    "section_id": null,
    "section_role": null,
    "source": "gov.tw:7320",
    "speed_limit": 50,
    "type": "fixed"
   },
   "type": "Feature"
  },
  {
   "geometry": {
    "coordinates": [
     120.32598,
     22.6596
    ],
    "type": "Point"
   },
   "properties": {
    "bearing": 270.0,
    "city": "高雄市",
    "description": "明誠一路280號",
    "id": "39f31b3957b1",
    "last_seen": "2026-08-11",
    "section_id": null,
    "section_role": null,
    "source": "gov.tw:7320",
    "speed_limit": 50,
    "type": "fixed"
   },
   "type": "Feature"
  },
  {
   "geometry": {
    "coordinates": [
     120.823845,
     24.3246
    ],
    "type": "Point"
   },
   "properties": {
    "bearing": 180.0,
    "city": "苗栗縣",
    "description": "台3線146.8公里處（豐田國小旁）",
    "id": "39fbb500604f",
    "last_seen": "2026-08-11",
    "section_id": null,
    "section_role": null,
    "source": "gov.tw:7320",
    "speed_limit": 60,
    "type": "fixed"
   },
   "type": "Feature"
  },
  {
   "geometry": {
    "coordinates": [
     120.57624,
     24.098677
    ],
    "type": "Point"
   },
   "properties": {
    "bearing": 0.0,
    "city": "彰化縣",
    "description": "彰化市台1線186.95公里",
    "id": "3a3cbaeafb63",
    "last_seen": "2026-08-11",
    "section_id": null,
    "section_role": null,
    "source": "gov.tw:7320",
    "speed_limit": 70,
    "type": "fixed"
   },
   "type": "Feature"
  },
  {
   "geometry": {
    "coordinates": [
     120.945526,
     24.79362
    ],
    "type": "Point"
   },
   "properties": {
    "bearing": 0.0,
    "city": "新竹市",
    "description": "中華路四段、東華路口",
    "id": "3a4903eb56db",
    "last_seen": "2026-08-11",
    "section_id": null,
    "section_role": null,
    "source": "gov.tw:7320",
    "speed_limit": 60,
    "type": "fixed"
   },
   "type": "Feature"
  },
  {
   "geometry": {
    "coordinates": [
     121.20095,
     24.93786
    ],
    "type": "Point"
   },
   "properties": {
    "bearing": null,
    "city": "桃園市",
    "description": "延平路三段260巷口前",
    "id": "3a87bf495abd",
    "last_seen": "2026-08-11",
    "section_id": null,
    "section_role": null,
    "source": "gov.tw:7320",
    "speed_limit": 50,
    "type": "fixed"
   },
   "type": "Feature"
  },
  {
   "geometry": {
    "coordinates": [
     120.80329,
     22.008692
    ],
    "type": "Point"
   },
   "properties": {
    "bearing": null,
    "city": "屏東縣",
    "description": "200線8.2K",
    "id": "3b14294847cb",
    "last_seen": "2026-08-11",
    "section_id": null,
    "section_role": null,
    "source": "gov.tw:7320",
    "speed_limit": 60,
    "type": "fixed"
   },
   "type": "Feature"
  },
  {
   "geometry": {
    "coordinates": [
     120.43605,
     23.719143
    ],
    "type": "Point"
   },
   "properties": {
    "bearing": 90.0,
    "city": "雲林縣",
    "description": "虎尾鎮158縣道與博愛路口",
    "id": "3b2a38220329",
    "last_seen": "2026-08-11",
    "section_id": null,
    "section_role": null,
    "source": "gov.tw:7320",
    "speed_limit": 60,
    "type": "fixed"
   },
   "type": "Feature"
  },
  {
   "geometry": {
    "coordinates": [
     121.78361,
     25.13
    ],
    "type": "Point"
   },
   "properties": {
    "bearing": 90.0,
    "city": "基隆市",
    "description": "深澳坑路118號前",
    "id": "3b69a77145e6",
    "last_seen": "2026-08-11",
    "section_id": null,
    "section_role": null,
    "source": "gov.tw:7320",
    "speed_limit": 50,
    "type": "fixed"
   },
   "type": "Feature"
  },
  {
   "geometry": {
    "coordinates": [
     121.32434,
     24.893774
    ],
    "type": "Point"
   },
   "properties": {
    "bearing": null,
    "city": "桃園市",
    "description": "台三線31.8k至30.5k",
    "id": "3b86700fab69",
    "last_seen": "2026-08-11",
    "section_id": null,
    "section_role": null,
    "source": "gov.tw:7320",
    "speed_limit": 50,
    "type": "fixed"
   },
   "type": "Feature"
  },
  {
   "geometry": {
    "coordinates": [
     121.451836,
     25.00651
    ],
    "type": "Point"
   },
   "properties": {
    "bearing": 0.0,
    "city": "新北市",
    "description": "新北環河快速道路7公里處（往三重）",
    "id": "3bd5bc41068f",
    "last_seen": "2026-08-11",
    "section_id": null,
    "section_role": null,
    "source": "gov.tw:7320",
    "speed_limit": 70,
    "type": "fixed"
   },
   "type": "Feature"
  },
  {
   "geometry": {
    "coordinates": [
     120.30967,
     22.988716
    ],
    "type": "Point"
   },
   "properties": {
    "bearing": null,
    "city": "臺南市",
    "description": "臺19甲線41公里",
    "id": "3c13f581f99d",
    "last_seen": "2026-08-11",
    "section_id": null,
    "section_role": null,
    "source": "gov.tw:7320",
    "speed_limit": 60,
    "type": "fixed"
   },
   "type": "Feature"
  },
  {
   "geometry": {
    "coordinates": [
     120.35464,
     22.513891
    ],
    "type": "Point"
   },
   "properties": {
    "bearing": 180.0,
    "city": "高雄市",
    "description": "南星路段(沿海路以北700公尺處)",
    "id": "3c31a5662a20",
    "last_seen": "2026-08-11",
    "section_id": null,
    "section_role": null,
    "source": "gov.tw:7320",
    "speed_limit": 40,
    "type": "fixed"
   },
   "type": "Feature"
  },
  {
   "geometry": {
    "coordinates": [
     121.56065,
     23.778915
    ],
    "type": "Point"
   },
   "properties": {
    "bearing": null,
    "city": "花蓮縣",
    "description": "臺11線24.1K-26.6K",
    "id": "3c3639e3aa90",
    "last_seen": "2026-08-11",
    "section_id": null,
    "section_role": null,
    "source": "gov.tw:7320",
    "speed_limit": 50,
    "type": "fixed"
   },
   "type": "Feature"
  },
  {
   "geometry": {
    "coordinates": [
     120.52433,
     23.084084
    ],
    "type": "Point"
   },
   "properties": {
    "bearing": null,
    "city": "臺南市",
    "description": "玉山里臺20線46.95公里處",
    "id": "3c4726a0c104",
    "last_seen": "2026-08-11",
    "section_id": null,
    "section_role": null,
    "source": "gov.tw:7320",
    "speed_limit": 50,
    "type": "fixed"
   },
   "type": "Feature"
  },
  {
   "geometry": {
    "coordinates": [
     121.73988,
     25.112759
    ],
    "type": "Point"
   },
   "properties": {
    "bearing": 0.0,
    "city": "基隆市",
    "description": "南榮路509巷口",
    "id": "3c63890cfde3",
    "last_seen": "2026-08-11",
    "section_id": null,
    "section_role": null,
    "source": "gov.tw:7320",
    "speed_limit": 50,
    "type": "fixed"
   },
   "type": "Feature"
  },
  {
   "geometry": {
    "coordinates": [
     121.709625,
     24.707457
    ],
    "type": "Point"
   },
   "properties": {
    "bearing": null,
    "city": "宜蘭縣",
    "description": "宜18-2線9ｋ深溝段西向",
    "id": "3c6cacc31fdf",
    "last_seen": "2026-08-11",
    "section_id": null,
    "section_role": null,
    "source": "gov.tw:7320",
    "speed_limit": 60,
    "type": "fixed"
   },
   "type": "Feature"
  },
  {
   "geometry": {
    "coordinates": [
     121.47776,
     25.122429
    ],
    "type": "Point"
   },
   "properties": {
    "bearing": 180.0,
    "city": "臺北市",
    "description": "大度路往臺北方向",
    "id": "3c95b12e0262",
    "last_seen": "2026-08-11",
    "section_id": null,
    "section_role": null,
    "source": "gov.tw:7320",
    "speed_limit": 60,
    "type": "fixed"
   },
   "type": "Feature"
  },
  {
   "geometry": {
    "coordinates": [
     120.49447,
     24.108746
    ],
    "type": "Point"
   },
   "properties": {
    "bearing": null,
    "city": "彰化縣",
    "description": "和美鎮道周路與鹿和路6段路口",
    "id": "3c95de9b4956",
    "last_seen": "2026-08-11",
    "section_id": null,
    "section_role": null,
    "source": "gov.tw:7320",
    "speed_limit": 60,
    "type": "fixed"
   },
   "type": "Feature"
  },
  {
   "geometry": {
    "coordinates": [
     120.72484,
     24.180975
    ],
    "type": "Point"
   },
   "properties": {
    "bearing": 270.0,
    "city": "臺中市",
    "description": "北屯區松竹路一段360號前(往環中東路一段方向)",
    "id": "3cacfc894556",
    "last_seen": "2026-08-11",
    "section_id": null,
    "section_role": null,
    "source": "gov.tw:7320",
    "speed_limit": 50,
    "type": "fixed"
   },
   "type": "Feature"
  },
  {
   "geometry": {
    "coordinates": [
     121.551476,
     24.991692
    ],
    "type": "Point"
   },
   "properties": {
    "bearing": 180.0,
    "city": "臺北市",
    "description": "辛亥路6段懷恩隧道出口處（往木柵）",
    "id": "3ccc2d9c0f0e",
    "last_seen": "2026-08-11",
    "section_id": null,
    "section_role": null,
    "source": "gov.tw:7320",
    "speed_limit": 50,
    "type": "fixed"
   },
   "type": "Feature"
  },
  {
   "geometry": {
    "coordinates": [
     121.623634,
     24.95693
    ],
    "type": "Point"
   },
   "properties": {
    "bearing": null,
    "city": "新北市",
    "description": "台9線19K至23.1K（雙向）",
    "id": "3ce666497fcb",
    "last_seen": "2026-08-11",
    "section_id": null,
    "section_role": null,
    "source": "gov.tw:7320",
    "speed_limit": 40,
    "type": "fixed"
   },
   "type": "Feature"
  },
  {
   "geometry": {
    "coordinates": [
     120.94835,
     24.680124
    ],
    "type": "Point"
   },
   "properties": {
    "bearing": 90.0,
    "city": "苗栗縣",
    "description": "124線9.8公里處",
    "id": "3d46d8d7a062",
    "last_seen": "2026-08-11",
    "section_id": null,
    "section_role": null,
    "source": "gov.tw:7320",
    "speed_limit": 50,
    "type": "fixed"
   },
   "type": "Feature"
  },
  {
   "geometry": {
    "coordinates": [
     120.27672,
     23.110853
    ],
    "type": "Point"
   },
   "properties": {
    "bearing": 180.0,
    "city": "臺南市",
    "description": "南科北路與南科七路口",
    "id": "3d79afffe0bb",
    "last_seen": "2026-08-11",
    "section_id": null,
    "section_role": null,
    "source": "gov.tw:7320",
    "speed_limit": 60,
    "type": "fixed"
   },
   "type": "Feature"
  },
  {
   "geometry": {
    "coordinates": [
     120.4901,
     24.129986
    ],
    "type": "Point"
   },
   "properties": {
    "bearing": 180.0,
    "city": "彰化縣",
    "description": "和美鎮和港路與西興路口",
    "id": "3de265ddd462",
    "last_seen": "2026-08-11",
    "section_id": null,
    "section_role": null,
    "source": "gov.tw:7320",
    "speed_limit": 60,
    "type": "fixed"
   },
   "type": "Feature"
  },
  {
   "geometry": {
    "coordinates": [
     121.28683,
     25.002138
    ],
    "type": "Point"
   },
   "properties": {
    "bearing": null,
    "city": "桃園市",
    "description": "國際路二段與大興西路三段路口",
    "id": "3de2e6daa435",
    "last_seen": "2026-08-11",
    "section_id": null,
    "section_role": null,
    "source": "gov.tw:7320",
    "speed_limit": 50,
    "type": "fixed"
   },
   "type": "Feature"
  },
  {
   "geometry": {
    "coordinates": [
     121.754326,
     25.102283
    ],
    "type": "Point"
   },
   "properties": {
    "bearing": 90.0,
    "city": "基隆市",
    "description": "萬瑞快速道路(台62線)11K+470(東行)",
    "id": "3de32ac489c6",
    "last_seen": "2026-08-11",
    "section_id": null,
    "section_role": null,
    "source": "gov.tw:7320",
    "speed_limit": 80,
    "type": "fixed"
   },
   "type": "Feature"
  },
  {
   "geometry": {
    "coordinates": [
     121.613174,
     25.053974
    ],
    "type": "Point"
   },
   "properties": {
    "bearing": 90.0,
    "city": "臺北市",
    "description": "市民大道8段500號前",
    "id": "3dec0378e447",
    "last_seen": "2026-08-11",
    "section_id": null,
    "section_role": null,
    "source": "gov.tw:7320",
    "speed_limit": 50,
    "type": "fixed"
   },
   "type": "Feature"
  },
  {
   "geometry": {
    "coordinates": [
     120.45266,
     24.015472
    ],
    "type": "Point"
   },
   "properties": {
    "bearing": null,
    "city": "彰化縣",
    "description": "埔鹽鄉員鹿路3段與大新路口(彰39鄉道)",
    "id": "3e10975d1e5e",
    "last_seen": "2026-08-11",
    "section_id": null,
    "section_role": null,
    "source": "gov.tw:7320",
    "speed_limit": 50,
    "type": "fixed"
   },
   "type": "Feature"
  },
  {
   "geometry": {
    "coordinates": [
     120.84108,
     22.254738
    ],
    "type": "Point"
   },
   "properties": {
    "bearing": null,
    "city": "臺東縣",
    "description": "臺9戊線9.92K(壽卡休憩亭)至3.94K森永區間測速",
    "id": "3e214ea3877a",
    "last_seen": "2026-08-11",
    "section_id": null,
    "section_role": null,
    "source": "gov.tw:7320",
    "speed_limit": 40,
    "type": "fixed"
   },
   "type": "Feature"
  },
  {
   "geometry": {
    "coordinates": [
     120.34073,
     22.58326
    ],
    "type": "Point"
   },
   "properties": {
    "bearing": 270.0,
    "city": "高雄市",
    "description": "中安路223號前",
    "id": "3e27df6bf554",
    "last_seen": "2026-08-11",
    "section_id": null,
    "section_role": null,
    "source": "gov.tw:7320",
    "speed_limit": 50,
    "type": "fixed"
   },
   "type": "Feature"
  },
  {
   "geometry": {
    "coordinates": [
     121.75474,
     25.098783
    ],
    "type": "Point"
   },
   "properties": {
    "bearing": 270.0,
    "city": "基隆市",
    "description": "源遠路249巷口",
    "id": "3e4e4d803094",
    "last_seen": "2026-08-11",
    "section_id": null,
    "section_role": null,
    "source": "gov.tw:7320",
    "speed_limit": 50,
    "type": "fixed"
   },
   "type": "Feature"
  },
  {
   "geometry": {
    "coordinates": [
     120.587234,
     24.16113
    ],
    "type": "Point"
   },
   "properties": {
    "bearing": 270.0,
    "city": "臺中市",
    "description": "向上路五段往龍井方向(距五權西路1.2K處)",
    "id": "3e5cb4cb23f9",
    "last_seen": "2026-08-11",
    "section_id": null,
    "section_role": null,
    "source": "gov.tw:7320",
    "speed_limit": 60,
    "type": "fixed"
   },
   "type": "Feature"
  },
  {
   "geometry": {
    "coordinates": [
     120.49677,
     23.75775
    ],
    "type": "Point"
   },
   "properties": {
    "bearing": 180.0,
    "city": "雲林縣",
    "description": "台1線公路與中正路口",
    "id": "3e7398b97f00",
    "last_seen": "2026-08-11",
    "section_id": null,
    "section_role": null,
    "source": "gov.tw:7320",
    "speed_limit": 60,
    "type": "fixed"
   },
   "type": "Feature"
  },
  {
   "geometry": {
    "coordinates": [
     121.75933,
     24.778543
    ],
    "type": "Point"
   },
   "properties": {
    "bearing": null,
    "city": "宜蘭縣",
    "description": "台9線78k中山路五段南下",
    "id": "3e78316e5217",
    "last_seen": "2026-08-11",
    "section_id": null,
    "section_role": null,
    "source": "gov.tw:7320",
    "speed_limit": 60,
    "type": "fixed"
   },
   "type": "Feature"
  },
  {
   "geometry": {
    "coordinates": [
     120.68033,
     23.974607
    ],
    "type": "Point"
   },
   "properties": {
    "bearing": null,
    "city": "南投縣",
    "description": "成功路、草溪路及中興路口",
    "id": "3e7b903bc5e5",
    "last_seen": "2026-08-11",
    "section_id": null,
    "section_role": null,
    "source": "gov.tw:7320",
    "speed_limit": 60,
    "type": "fixed"
   },
   "type": "Feature"
  },
  {
   "geometry": {
    "coordinates": [
     120.49876,
     22.591784
    ],
    "type": "Point"
   },
   "properties": {
    "bearing": null,
    "city": "屏東縣",
    "description": "187甲線14.67K大學路段",
    "id": "3e7c4b1f7bef",
    "last_seen": "2026-08-11",
    "section_id": null,
    "section_role": null,
    "source": "gov.tw:7320",
    "speed_limit": 60,
    "type": "fixed"
   },
   "type": "Feature"
  },
  {
   "geometry": {
    "coordinates": [
     120.3888,
     22.772102
    ],
    "type": "Point"
   },
   "properties": {
    "bearing": 90.0,
    "city": "高雄市",
    "description": "燕巢區深興路130號前",
    "id": "3e9cebb2adf8",
    "last_seen": "2026-08-11",
    "section_id": null,
    "section_role": null,
    "source": "gov.tw:7320",
    "speed_limit": 50,
    "type": "fixed"
   },
   "type": "Feature"
  },
  {
   "geometry": {
    "coordinates": [
     121.53792,
     25.027754
    ],
    "type": "Point"
   },
   "properties": {
    "bearing": 0.0,
    "city": "臺北市",
    "description": "建國南路2段179號前",
    "id": "3ea142cd16fb",
    "last_seen": "2026-08-11",
    "section_id": null,
    "section_role": null,
    "source": "gov.tw:7320",
    "speed_limit": 50,
    "type": "fixed"
   },
   "type": "Feature"
  },
  {
   "geometry": {
    "coordinates": [
     121.06951,
     24.78052
    ],
    "type": "Point"
   },
   "properties": {
    "bearing": null,
    "city": "新竹縣",
    "description": "富林路三段與光明路口",
    "id": "3ec2592b9c16",
    "last_seen": "2026-08-11",
    "section_id": null,
    "section_role": null,
    "source": "gov.tw:7320",
    "speed_limit": 60,
    "type": "fixed"
   },
   "type": "Feature"
  },
  {
   "geometry": {
    "coordinates": [
     121.363235,
     25.075266
    ],
    "type": "Point"
   },
   "properties": {
    "bearing": 45.0,
    "city": "新北市",
    "description": "文化北路1段390號（雙向）",
    "id": "3eccf9cad8c2",
    "last_seen": "2026-08-11",
    "section_id": null,
    "section_role": null,
    "source": "gov.tw:7320",
    "speed_limit": 50,
    "type": "fixed"
   },
   "type": "Feature"
  },
  {
   "geometry": {
    "coordinates": [
     120.56305,
     22.442274
    ],
    "type": "Point"
   },
   "properties": {
    "bearing": null,
    "city": "屏東縣",
    "description": "台1線戰備道429.5-433K",
    "id": "3efd0a928e19",
    "last_seen": "2026-08-11",
    "section_id": null,
    "section_role": null,
    "source": "gov.tw:7320",
    "speed_limit": 70,
    "type": "fixed"
   },
   "type": "Feature"
  },
  {
   "geometry": {
    "coordinates": [
     120.57241,
     24.232698
    ],
    "type": "Point"
   },
   "properties": {
    "bearing": 270.0,
    "city": "臺中市",
    "description": "沙鹿區臺灣大道七段466號前",
    "id": "3efe138981f3",
    "last_seen": "2026-08-11",
    "section_id": null,
    "section_role": null,
    "source": "gov.tw:7320",
    "speed_limit": 60,
    "type": "fixed"
   },
   "type": "Feature"
  },
  {
   "geometry": {
    "coordinates": [
     120.99483,
     24.818113
    ],
    "type": "Point"
   },
   "properties": {
    "bearing": null,
    "city": "新竹市",
    "description": "新竹市東區中華路一段52號前",
    "id": "3f0bedea9c8a",
    "last_seen": "2026-08-11",
    "section_id": null,
    "section_role": null,
    "source": "gov.tw:7320",
    "speed_limit": 50,
    "type": "fixed"
   },
   "type": "Feature"
  },
  {
   "geometry": {
    "coordinates": [
     120.48557,
     22.640203
    ],
    "type": "Point"
   },
   "properties": {
    "bearing": null,
    "city": "屏東縣",
    "description": "台27線59.73K復興南路與公成路",
    "id": "3f1946f2d074",
    "last_seen": "2026-08-11",
    "section_id": null,
    "section_role": null,
    "source": "gov.tw:7320",
    "speed_limit": 50,
    "type": "fixed"
   },
   "type": "Feature"
  },
  {
   "geometry": {
    "coordinates": [
     120.17872,
     22.964375
    ],
    "type": "Point"
   },
   "properties": {
    "bearing": null,
    "city": "臺南市",
    "description": "新平路24號前",
    "id": "3f1f4b4d9f9a",
    "last_seen": "2026-08-11",
    "section_id": null,
    "section_role": null,
    "source": "gov.tw:7320",
    "speed_limit": 60,
    "type": "fixed"
   },
   "type": "Feature"
  },
  {
   "geometry": {
    "coordinates": [
     121.01837,
     24.784632
    ],
    "type": "Point"
   },
   "properties": {
    "bearing": 180.0,
    "city": "新竹市",
    "description": "關新路、關新一街口(往光復路)",
    "id": "3f2e382319ec",
    "last_seen": "2026-08-11",
    "section_id": null,
    "section_role": null,
    "source": "gov.tw:7320",
    "speed_limit": 30,
    "type": "fixed"
   },
   "type": "Feature"
  },
  {
   "geometry": {
    "coordinates": [
     120.422745,
     22.727495
    ],
    "type": "Point"
   },
   "properties": {
    "bearing": 90.0,
    "city": "高雄市",
    "description": "大樹區高186甲線(三和路)仙峰宮前",
    "id": "3f31db7d8df7",
    "last_seen": "2026-08-11",
    "section_id": null,
    "section_role": null,
    "source": "gov.tw:7320",
    "speed_limit": 40,
    "type": "fixed"
   },
   "type": "Feature"
  },
  {
   "geometry": {
    "coordinates": [
     118.36559,
     24.446032
    ],
    "type": "Point"
   },
   "properties": {
    "bearing": null,
    "city": "金門縣",
    "description": "金湖鎮伯玉路三段(中山路口)",
    "id": "3f61ee52e3f6",
    "last_seen": "2026-08-11",
    "section_id": null,
    "section_role": null,
    "source": "gov.tw:7320",
    "speed_limit": 70,
    "type": "fixed"
   },
   "type": "Feature"
  },
  {
   "geometry": {
    "coordinates": [
     121.716805,
     24.910906
    ],
    "type": "Point"
   },
   "properties": {
    "bearing": 90.0,
    "city": "新北市",
    "description": "台9線42.2公里（往宜蘭或坪林）",
    "id": "3f67110e8df3",
    "last_seen": "2026-08-11",
    "section_id": null,
    "section_role": null,
    "source": "gov.tw:7320",
    "speed_limit": 40,
    "type": "fixed"
   },
   "type": "Feature"
  },
  {
   "geometry": {
    "coordinates": [
     120.9342,
     24.842539
    ],
    "type": "Point"
   },
   "properties": {
    "bearing": 180.0,
    "city": "新竹市",
    "description": "西濱路、東大路四段口(南下)",
    "id": "3f76d3344aa7",
    "last_seen": "2026-08-11",
    "section_id": null,
    "section_role": null,
    "source": "gov.tw:7320",
    "speed_limit": 60,
    "type": "fixed"
   },
   "type": "Feature"
  },
  {
   "geometry": {
    "coordinates": [
     120.62967,
     24.12745
    ],
    "type": "Point"
   },
   "properties": {
    "bearing": 180.0,
    "city": "臺中市",
    "description": "南屯區環中路四段643號前",
    "id": "3f848db490a8",
    "last_seen": "2026-08-11",
    "section_id": null,
    "section_role": null,
    "source": "gov.tw:7320",
    "speed_limit": 60,
    "type": "fixed"
   },
   "type": "Feature"
  },
  {
   "geometry": {
    "coordinates": [
     120.57107,
     23.972256
    ],
    "type": "Point"
   },
   "properties": {
    "bearing": 90.0,
    "city": "彰化縣",
    "description": "員林市員林大道5段與中山路2段口",
    "id": "3f8ab787c3a3",
    "last_seen": "2026-08-11",
    "section_id": null,
    "section_role": null,
    "source": "gov.tw:7320",
    "speed_limit": 50,
    "type": "fixed"
   },
   "type": "Feature"
  },
  {
   "geometry": {
    "coordinates": [
     121.21827,
     24.950792
    ],
    "type": "Point"
   },
   "properties": {
    "bearing": null,
    "city": "桃園市",
    "description": "中豐路與延平路一段口",
    "id": "3ff7eabf19c2",
    "last_seen": "2026-08-11",
    "section_id": null,
    "section_role": null,
    "source": "gov.tw:7320",
    "speed_limit": 50,
    "type": "fixed"
   },
   "type": "Feature"
  },
  {
   "geometry": {
    "coordinates": [
     121.699745,
     25.149271
    ],
    "type": "Point"
   },
   "properties": {
    "bearing": 90.0,
    "city": "基隆市",
    "description": "基金三路、武訓街口(東向)",
    "id": "40aea9719da5",
    "last_seen": "2026-08-11",
    "section_id": null,
    "section_role": null,
    "source": "gov.tw:7320",
    "speed_limit": 50,
    "type": "fixed"
   },
   "type": "Feature"
  },
  {
   "geometry": {
    "coordinates": [
     120.46372,
     23.826359
    ],
    "type": "Point"
   },
   "properties": {
    "bearing": null,
    "city": "彰化縣",
    "description": "溪州鄉中山路1段與彰水路1段口",
    "id": "40b1e7eb04ef",
    "last_seen": "2026-08-11",
    "section_id": null,
    "section_role": null,
    "source": "gov.tw:7320",
    "speed_limit": 50,
    "type": "fixed"
   },
   "type": "Feature"
  },
  {
   "geometry": {
    "coordinates": [
     121.39822,
     25.031464
    ],
    "type": "Point"
   },
   "properties": {
    "bearing": null,
    "city": "桃園市",
    "description": "青山路二段(青山路一段200號-青山路二段文青路)",
    "id": "40c010d66a0d",
    "last_seen": "2026-08-11",
    "section_id": null,
    "section_role": null,
    "source": "gov.tw:7320",
    "speed_limit": 50,
    "type": "fixed"
   },
   "type": "Feature"
  },
  {
   "geometry": {
    "coordinates": [
     121.315125,
     24.991064
    ],
    "type": "Point"
   },
   "properties": {
    "bearing": null,
    "city": "桃園市",
    "description": "復興路與民生路口",
    "id": "40c464913673",
    "last_seen": "2026-08-11",
    "section_id": null,
    "section_role": null,
    "source": "gov.tw:7320",
    "speed_limit": 50,
    "type": "fixed"
   },
   "type": "Feature"
  },
  {
   "geometry": {
    "coordinates": [
     120.61238,
     24.209778
    ],
    "type": "Point"
   },
   "properties": {
    "bearing": 0.0,
    "city": "臺中市",
    "description": "臺中市西屯區東大路一段與中科路口",
    "id": "40ff1ecbee27",
    "last_seen": "2026-08-11",
    "section_id": null,
    "section_role": null,
    "source": "gov.tw:7320",
    "speed_limit": 60,
    "type": "fixed"
   },
   "type": "Feature"
  },
  {
   "geometry": {
    "coordinates": [
     120.62328,
     24.147081
    ],
    "type": "Point"
   },
   "properties": {
    "bearing": null,
    "city": "臺中市",
    "description": "南屯區環中路四段56-8號",
    "id": "41056b7aa94e",
    "last_seen": "2026-08-11",
    "section_id": null,
    "section_role": null,
    "source": "gov.tw:7320",
    "speed_limit": 60,
    "type": "fixed"
   },
   "type": "Feature"
  },
  {
   "geometry": {
    "coordinates": [
     121.47103,
     25.036417
    ],
    "type": "Point"
   },
   "properties": {
    "bearing": 90.0,
    "city": "新北市",
    "description": "環河西路4段與華江六路口（往土城或三重）",
    "id": "4112084634f6",
    "last_seen": "2026-08-11",
    "section_id": null,
    "section_role": null,
    "source": "gov.tw:7320",
    "speed_limit": 50,
    "type": "fixed"
   },
   "type": "Feature"
  },
  {
   "geometry": {
    "coordinates": [
     121.836655,
     24.536793
    ],
    "type": "Point"
   },
   "properties": {
    "bearing": null,
    "city": "宜蘭縣",
    "description": "南澳鄉台9線110k+960m至蘇澳鎮台9線108k+224m(東澳隧道)",
    "id": "41434bd0fd40",
    "last_seen": "2026-08-11",
    "section_id": null,
    "section_role": null,
    "source": "gov.tw:7320",
    "speed_limit": 70,
    "type": "fixed"
   },
   "type": "Feature"
  },
  {
   "geometry": {
    "coordinates": [
     120.49082,
     22.485254
    ],
    "type": "Point"
   },
   "properties": {
    "bearing": null,
    "city": "屏東縣",
    "description": "187乙線19.66K",
    "id": "4144878b6481",
    "last_seen": "2026-08-11",
    "section_id": null,
    "section_role": null,
    "source": "gov.tw:7320",
    "speed_limit": 60,
    "type": "fixed"
   },
   "type": "Feature"
  },
  {
   "geometry": {
    "coordinates": [
     120.484116,
     22.578241
    ],
    "type": "Point"
   },
   "properties": {
    "bearing": 0.0,
    "city": "屏東縣",
    "description": "中興路二段與丹榮路口",
    "id": "415db400adbc",
    "last_seen": "2026-08-11",
    "section_id": null,
    "section_role": null,
    "source": "gov.tw:7320",
    "speed_limit": 50,
    "type": "fixed"
   },
   "type": "Feature"
  },
  {
   "geometry": {
    "coordinates": [
     121.44082,
     25.15291
    ],
    "type": "Point"
   },
   "properties": {
    "bearing": 315.0,
    "city": "新北市",
    "description": "龍米路2段153之3號前（往八里）",
    "id": "41c3739a33ea",
    "last_seen": "2026-08-11",
    "section_id": null,
    "section_role": null,
    "source": "gov.tw:7320",
    "speed_limit": 50,
    "type": "fixed"
   },
   "type": "Feature"
  },
  {
   "geometry": {
    "coordinates": [
     120.52882,
     22.93752
    ],
    "type": "Point"
   },
   "properties": {
    "bearing": 180.0,
    "city": "高雄市",
    "description": "杉林區市道181線(杉美路1段)2K+675",
    "id": "41d6f879ab3c",
    "last_seen": "2026-08-11",
    "section_id": null,
    "section_role": null,
    "source": "gov.tw:7320",
    "speed_limit": 50,
    "type": "fixed"
   },
   "type": "Feature"
  },
  {
   "geometry": {
    "coordinates": [
     121.529236,
     24.97182
    ],
    "type": "Point"
   },
   "properties": {
    "bearing": null,
    "city": "新北市",
    "description": "環河路（中央路至白馬寺，雙向）",
    "id": "41f53d3cc286",
    "last_seen": "2026-08-11",
    "section_id": null,
    "section_role": null,
    "source": "gov.tw:7320",
    "speed_limit": 60,
    "type": "fixed"
   },
   "type": "Feature"
  },
  {
   "geometry": {
    "coordinates": [
     121.248314,
     24.880243
    ],
    "type": "Point"
   },
   "properties": {
    "bearing": null,
    "city": "桃園市",
    "description": "中興路九龍段104號前",
    "id": "421443fc7878",
    "last_seen": "2026-08-11",
    "section_id": null,
    "section_role": null,
    "source": "gov.tw:7320",
    "speed_limit": 50,
    "type": "fixed"
   },
   "type": "Feature"
  },
  {
   "geometry": {
    "coordinates": [
     120.980835,
     24.639002
    ],
    "type": "Point"
   },
   "properties": {
    "bearing": 270.0,
    "city": "苗栗縣",
    "description": "縣道124乙線2.9公里處",
    "id": "429daa9c13a3",
    "last_seen": "2026-08-11",
    "section_id": null,
    "section_role": null,
    "source": "gov.tw:7320",
    "speed_limit": 60,
    "type": "fixed"
   },
   "type": "Feature"
  },
  {
   "geometry": {
    "coordinates": [
     120.50892,
     23.750086
    ],
    "type": "Point"
   },
   "properties": {
    "bearing": null,
    "city": "雲林縣",
    "description": "莿桐鄉臺 1 丁線中正路與農校路 口(莿桐國中旁)",
    "id": "42a4c4653c78",
    "last_seen": "2026-08-11",
    "section_id": null,
    "section_role": null,
    "source": "gov.tw:7320",
    "speed_limit": 60,
    "type": "fixed"
   },
   "type": "Feature"
  },
  {
   "geometry": {
    "coordinates": [
     121.08957,
     25.027187
    ],
    "type": "Point"
   },
   "properties": {
    "bearing": null,
    "city": "桃園市",
    "description": "濱海路(台15線)近坑尾一路口",
    "id": "42b4c426b3f8",
    "last_seen": "2026-08-11",
    "section_id": null,
    "section_role": null,
    "source": "gov.tw:7320",
    "speed_limit": 70,
    "type": "fixed"
   },
   "type": "Feature"
  },
  {
   "geometry": {
    "coordinates": [
     120.16569,
     23.441223
    ],
    "type": "Point"
   },
   "properties": {
    "bearing": 0.0,
    "city": "嘉義縣",
    "description": "台61線東石鄉264.336K處(往北)",
    "id": "42c9224c6d5a",
    "last_seen": "2026-08-11",
    "section_id": null,
    "section_role": null,
    "source": "gov.tw:7320",
    "speed_limit": 90,
    "type": "fixed"
   },
   "type": "Feature"
  },
  {
   "geometry": {
    "coordinates": [
     120.33531,
     23.628597
    ],
    "type": "Point"
   },
   "properties": {
    "bearing": null,
    "city": "雲林縣",
    "description": "元長鄉縣道 145 線與雲 172 線 路口(客厝國小旁)",
    "id": "42cf65e8e23c",
    "last_seen": "2026-08-11",
    "section_id": null,
    "section_role": null,
    "source": "gov.tw:7320",
    "speed_limit": 50,
    "type": "fixed"
   },
   "type": "Feature"
  },
  {
   "geometry": {
    "coordinates": [
     121.45453,
     24.932032
    ],
    "type": "Point"
   },
   "properties": {
    "bearing": 225.0,
    "city": "新北市",
    "description": "安坑路40號前（往三峽）",
    "id": "43324bade310",
    "last_seen": "2026-08-11",
    "section_id": null,
    "section_role": null,
    "source": "gov.tw:7320",
    "speed_limit": 40,
    "type": "fixed"
   },
   "type": "Feature"
  },
  {
   "geometry": {
    "coordinates": [
     121.42565,
     24.962936
    ],
    "type": "Point"
   },
   "properties": {
    "bearing": 225.0,
    "city": "新北市",
    "description": "中央路3段與中興路口（往三峽）",
    "id": "4356c7343684",
    "last_seen": "2026-08-11",
    "section_id": null,
    "section_role": null,
    "source": "gov.tw:7320",
    "speed_limit": 50,
    "type": "fixed"
   },
   "type": "Feature"
  },
  {
   "geometry": {
    "coordinates": [
     120.79997,
     24.291922
    ],
    "type": "Point"
   },
   "properties": {
    "bearing": 180.0,
    "city": "臺中市",
    "description": "東勢區東蘭路(台3線152.3K)",
    "id": "43646e7694ea",
    "last_seen": "2026-08-11",
    "section_id": null,
    "section_role": null,
    "source": "gov.tw:7320",
    "speed_limit": 60,
    "type": "fixed"
   },
   "type": "Feature"
  },
  {
   "geometry": {
    "coordinates": [
     121.44341,
     25.086546
    ],
    "type": "Point"
   },
   "properties": {
    "bearing": 225.0,
    "city": "新北市",
    "description": "新五路2段347號前（往新莊或往五股）",
    "id": "4378ed4336a0",
    "last_seen": "2026-08-11",
    "section_id": null,
    "section_role": null,
    "source": "gov.tw:7320",
    "speed_limit": 50,
    "type": "fixed"
   },
   "type": "Feature"
  },
  {
   "geometry": {
    "coordinates": [
     121.68131,
     25.068539
    ],
    "type": "Point"
   },
   "properties": {
    "bearing": 90.0,
    "city": "新北市",
    "description": "台5線17.68公里處（往基隆或汐止）",
    "id": "437dafca9f7e",
    "last_seen": "2026-08-11",
    "section_id": null,
    "section_role": null,
    "source": "gov.tw:7320",
    "speed_limit": 50,
    "type": "fixed"
   },
   "type": "Feature"
  },
  {
   "geometry": {
    "coordinates": [
     121.80265,
     24.719269
    ],
    "type": "Point"
   },
   "properties": {
    "bearing": null,
    "city": "宜蘭縣",
    "description": "宜16線9ｋ+500ｍ美福段東向",
    "id": "43b4c2fd502c",
    "last_seen": "2026-08-11",
    "section_id": null,
    "section_role": null,
    "source": "gov.tw:7320",
    "speed_limit": 50,
    "type": "fixed"
   },
   "type": "Feature"
  },
  {
   "geometry": {
    "coordinates": [
     120.69913,
     24.496456
    ],
    "type": "Point"
   },
   "properties": {
    "bearing": 270.0,
    "city": "苗栗縣",
    "description": "128線2.4公里處",
    "id": "43fe038d3b93",
    "last_seen": "2026-08-11",
    "section_id": null,
    "section_role": null,
    "source": "gov.tw:7320",
    "speed_limit": 60,
    "type": "fixed"
   },
   "type": "Feature"
  },
  {
   "geometry": {
    "coordinates": [
     120.59652,
     23.843128
    ],
    "type": "Point"
   },
   "properties": {
    "bearing": null,
    "city": "彰化縣",
    "description": "田中鎮員集路1段與大安路1段路口",
    "id": "440409d8ef3d",
    "last_seen": "2026-08-11",
    "section_id": null,
    "section_role": null,
    "source": "gov.tw:7320",
    "speed_limit": 50,
    "type": "fixed"
   },
   "type": "Feature"
  },
  {
   "geometry": {
    "coordinates": [
     120.59659,
     22.636143
    ],
    "type": "Point"
   },
   "properties": {
    "bearing": null,
    "city": "屏東縣",
    "description": "壽比路與和成巷口",
    "id": "4405ee31ad7b",
    "last_seen": "2026-08-11",
    "section_id": null,
    "section_role": null,
    "source": "gov.tw:7320",
    "speed_limit": 40,
    "type": "fixed"
   },
   "type": "Feature"
  },
  {
   "geometry": {
    "coordinates": [
     121.53762,
     25.026205
    ],
    "type": "Point"
   },
   "properties": {
    "bearing": 180.0,
    "city": "臺北市",
    "description": "建國高架道和平東路上方",
    "id": "443c5aeec502",
    "last_seen": "2026-08-11",
    "section_id": null,
    "section_role": null,
    "source": "gov.tw:7320",
    "speed_limit": 70,
    "type": "fixed"
   },
   "type": "Feature"
  },
  {
   "geometry": {
    "coordinates": [
     120.25528,
     23.738638
    ],
    "type": "Point"
   },
   "properties": {
    "bearing": 180.0,
    "city": "雲林縣",
    "description": "東勢鄉153縣道1k處",
    "id": "4458946c924a",
    "last_seen": "2026-08-11",
    "section_id": null,
    "section_role": null,
    "source": "gov.tw:7320",
    "speed_limit": 60,
    "type": "fixed"
   },
   "type": "Feature"
  },
  {
   "geometry": {
    "coordinates": [
     120.71774,
     23.894646
    ],
    "type": "Point"
   },
   "properties": {
    "bearing": null,
    "city": "南投縣",
    "description": "139線47.5公里處",
    "id": "4495b494758c",
    "last_seen": "2026-08-11",
    "section_id": null,
    "section_role": null,
    "source": "gov.tw:7320",
    "speed_limit": 50,
    "type": "fixed"
   },
   "type": "Feature"
  },
  {
   "geometry": {
    "coordinates": [
     119.5844,
     23.55377
    ],
    "type": "Point"
   },
   "properties": {
    "bearing": 90.0,
    "city": "澎湖縣",
    "description": "縣道205線前寮段5.8K",
    "id": "4495c2019551",
    "last_seen": "2026-08-11",
    "section_id": null,
    "section_role": null,
    "source": "gov.tw:7320",
    "speed_limit": 50,
    "type": "fixed"
   },
   "type": "Feature"
  },
  {
   "geometry": {
    "coordinates": [
     121.61378,
     24.960901
    ],
    "type": "Point"
   },
   "properties": {
    "bearing": 45.0,
    "city": "新北市",
    "description": "北宜路4段6號（21.3公里）往坪林方向",
    "id": "44e6b12c71ff",
    "last_seen": "2026-08-11",
    "section_id": null,
    "section_role": null,
    "source": "gov.tw:7320",
    "speed_limit": 40,
    "type": "fixed"
   },
   "type": "Feature"
  },
  {
   "geometry": {
    "coordinates": [
     121.6918,
     25.076023
    ],
    "type": "Point"
   },
   "properties": {
    "bearing": 0.0,
    "city": "基隆市",
    "description": "新台五線五堵橋頭(台5線19K+107)",
    "id": "44fdbcec5b76",
    "last_seen": "2026-08-11",
    "section_id": null,
    "section_role": null,
    "source": "gov.tw:7320",
    "speed_limit": 50,
    "type": "fixed"
   },
   "type": "Feature"
  },
  {
   "geometry": {
    "coordinates": [
     120.509766,
     24.149263
    ],
    "type": "Point"
   },
   "properties": {
    "bearing": null,
    "city": "彰化縣",
    "description": "和美鎮台61乙與彰新路6段路口",
    "id": "45242e8a488c",
    "last_seen": "2026-08-11",
    "section_id": null,
    "section_role": null,
    "source": "gov.tw:7320",
    "speed_limit": 60,
    "type": "fixed"
   },
   "type": "Feature"
  },
  {
   "geometry": {
    "coordinates": [
     120.86456,
     22.277948
    ],
    "type": "Point"
   },
   "properties": {
    "bearing": null,
    "city": "臺東縣",
    "description": "臺9戊線3.94K(森永所)至9.92K壽卡休息亭區間測速",
    "id": "452efe4a9e78",
    "last_seen": "2026-08-11",
    "section_id": null,
    "section_role": null,
    "source": "gov.tw:7320",
    "speed_limit": 40,
    "type": "fixed"
   },
   "type": "Feature"
  },
  {
   "geometry": {
    "coordinates": [
     121.39537,
     25.014334
    ],
    "type": "Point"
   },
   "properties": {
    "bearing": 45.0,
    "city": "新北市",
    "description": "三興路61號前（往樹林）",
    "id": "456583e74850",
    "last_seen": "2026-08-11",
    "section_id": null,
    "section_role": null,
    "source": "gov.tw:7320",
    "speed_limit": 50,
    "type": "fixed"
   },
   "type": "Feature"
  },
  {
   "geometry": {
    "coordinates": [
     121.52794,
     24.978975
    ],
    "type": "Point"
   },
   "properties": {
    "bearing": 135.0,
    "city": "新北市",
    "description": "央北二路與啓文路口（往中央路）",
    "id": "45df4d4d2d96",
    "last_seen": "2026-08-11",
    "section_id": null,
    "section_role": null,
    "source": "gov.tw:7320",
    "speed_limit": 50,
    "type": "fixed"
   },
   "type": "Feature"
  },
  {
   "geometry": {
    "coordinates": [
     120.36396,
     23.661173
    ],
    "type": "Point"
   },
   "properties": {
    "bearing": null,
    "city": "雲林縣",
    "description": "土庫鎮 145 縣道 32 公里處",
    "id": "45f26f2336a2",
    "last_seen": "2026-08-11",
    "section_id": null,
    "section_role": null,
    "source": "gov.tw:7320",
    "speed_limit": 60,
    "type": "fixed"
   },
   "type": "Feature"
  },
  {
   "geometry": {
    "coordinates": [
     120.49234,
     22.589718
    ],
    "type": "Point"
   },
   "properties": {
    "bearing": null,
    "city": "屏東縣",
    "description": "台27線65.6K丹榮路段",
    "id": "4606ab3bde2e",
    "last_seen": "2026-08-11",
    "section_id": null,
    "section_role": null,
    "source": "gov.tw:7320",
    "speed_limit": 50,
    "type": "fixed"
   },
   "type": "Feature"
  },
  {
   "geometry": {
    "coordinates": [
     121.82302,
     25.120869
    ],
    "type": "Point"
   },
   "properties": {
    "bearing": null,
    "city": "新北市",
    "description": "省道台2線73.7K至79.6K（雙向）",
    "id": "4618de8c1b84",
    "last_seen": "2026-08-11",
    "section_id": null,
    "section_role": null,
    "source": "gov.tw:7320",
    "speed_limit": 60,
    "type": "fixed"
   },
   "type": "Feature"
  },
  {
   "geometry": {
    "coordinates": [
     121.23075,
     25.023808
    ],
    "type": "Point"
   },
   "properties": {
    "bearing": null,
    "city": "桃園市",
    "description": "中正東路二段586號前",
    "id": "464a69b5a5ac",
    "last_seen": "2026-08-11",
    "section_id": null,
    "section_role": null,
    "source": "gov.tw:7320",
    "speed_limit": 50,
    "type": "fixed"
   },
   "type": "Feature"
  },
  {
   "geometry": {
    "coordinates": [
     121.83554,
     24.871765
    ],
    "type": "Point"
   },
   "properties": {
    "bearing": null,
    "city": "宜蘭縣",
    "description": "台2線133k+769ｍ港口段南下",
    "id": "4656daa29148",
    "last_seen": "2026-08-11",
    "section_id": null,
    "section_role": null,
    "source": "gov.tw:7320",
    "speed_limit": 60,
    "type": "fixed"
   },
   "type": "Feature"
  },
  {
   "geometry": {
    "coordinates": [
     121.55737,
     25.009752
    ],
    "type": "Point"
   },
   "properties": {
    "bearing": 180.0,
    "city": "臺北市",
    "description": "辛亥路4段辛亥隧道出口",
    "id": "46609b7b22f7",
    "last_seen": "2026-08-11",
    "section_id": null,
    "section_role": null,
    "source": "gov.tw:7320",
    "speed_limit": 50,
    "type": "fixed"
   },
   "type": "Feature"
  },
  {
   "geometry": {
    "coordinates": [
     120.88549,
     24.69416
    ],
    "type": "Point"
   },
   "properties": {
    "bearing": 0.0,
    "city": "苗栗縣",
    "description": "中央路與永貞路口",
    "id": "469afd1693d6",
    "last_seen": "2026-08-11",
    "section_id": null,
    "section_role": null,
    "source": "gov.tw:7320",
    "speed_limit": 60,
    "type": "fixed"
   },
   "type": "Feature"
  },
  {
   "geometry": {
    "coordinates": [
     120.51382,
     24.198784
    ],
    "type": "Point"
   },
   "properties": {
    "bearing": 180.0,
    "city": "臺中市",
    "description": "龍井區西濱路二段與臨港東路二段路口",
    "id": "46c0379b9154",
    "last_seen": "2026-08-11",
    "section_id": null,
    "section_role": null,
    "source": "gov.tw:7320",
    "speed_limit": 60,
    "type": "fixed"
   },
   "type": "Feature"
  },
  {
   "geometry": {
    "coordinates": [
     121.56998,
     25.08173
    ],
    "type": "Point"
   },
   "properties": {
    "bearing": 90.0,
    "city": "臺北市",
    "description": "內湖路1段324號前",
    "id": "47163b11d6c6",
    "last_seen": "2026-08-11",
    "section_id": null,
    "section_role": null,
    "source": "gov.tw:7320",
    "speed_limit": 50,
    "type": "fixed"
   },
   "type": "Feature"
  },
  {
   "geometry": {
    "coordinates": [
     120.30265,
     22.619112
    ],
    "type": "Point"
   },
   "properties": {
    "bearing": 0.0,
    "city": "高雄市",
    "description": "中山二路432號前",
    "id": "472da7b2c2a4",
    "last_seen": "2026-08-11",
    "section_id": null,
    "section_role": null,
    "source": "gov.tw:7320",
    "speed_limit": 50,
    "type": "fixed"
   },
   "type": "Feature"
  },
  {
   "geometry": {
    "coordinates": [
     120.46642,
     22.9106
    ],
    "type": "Point"
   },
   "properties": {
    "bearing": 180.0,
    "city": "高雄市",
    "description": "旗文路(台三線401.88K)",
    "id": "4745070e2af9",
    "last_seen": "2026-08-11",
    "section_id": null,
    "section_role": null,
    "source": "gov.tw:7320",
    "speed_limit": 60,
    "type": "fixed"
   },
   "type": "Feature"
  },
  {
   "geometry": {
    "coordinates": [
     121.32408,
     24.89424
    ],
    "type": "Point"
   },
   "properties": {
    "bearing": null,
    "city": "桃園市",
    "description": "信義路永福派出所前",
    "id": "47570e511701",
    "last_seen": "2026-08-11",
    "section_id": null,
    "section_role": null,
    "source": "gov.tw:7320",
    "speed_limit": 50,
    "type": "fixed"
   },
   "type": "Feature"
  },
  {
   "geometry": {
    "coordinates": [
     120.64623,
     24.126032
    ],
    "type": "Point"
   },
   "properties": {
    "bearing": 180.0,
    "city": "臺中市",
    "description": "文心南路近三民西路",
    "id": "47a0f7e75538",
    "last_seen": "2026-08-11",
    "section_id": null,
    "section_role": null,
    "source": "gov.tw:7320",
    "speed_limit": 50,
    "type": "fixed"
   },
   "type": "Feature"
  },
  {
   "geometry": {
    "coordinates": [
     121.28657,
     24.907955
    ],
    "type": "Point"
   },
   "properties": {
    "bearing": null,
    "city": "桃園市",
    "description": "介壽路與仁善街路口",
    "id": "47b4035a8b91",
    "last_seen": "2026-08-11",
    "section_id": null,
    "section_role": null,
    "source": "gov.tw:7320",
    "speed_limit": 50,
    "type": "fixed"
   },
   "type": "Feature"
  },
  {
   "geometry": {
    "coordinates": [
     121.78401,
     24.8297
    ],
    "type": "Point"
   },
   "properties": {
    "bearing": null,
    "city": "宜蘭縣",
    "description": "份尾三路北上(份尾橋南側100公尺處)",
    "id": "47c1cd6d4969",
    "last_seen": "2026-08-11",
    "section_id": null,
    "section_role": null,
    "source": "gov.tw:7320",
    "speed_limit": 50,
    "type": "fixed"
   },
   "type": "Feature"
  },
  {
   "geometry": {
    "coordinates": [
     120.21172,
     23.637644
    ],
    "type": "Point"
   },
   "properties": {
    "bearing": null,
    "city": "雲林縣",
    "description": "四湖鄉160縣道6k+850m處(施湖村中山西路前)",
    "id": "47ceb1e54cb7",
    "last_seen": "2026-08-11",
    "section_id": null,
    "section_role": null,
    "source": "gov.tw:7320",
    "speed_limit": 50,
    "type": "fixed"
   },
   "type": "Feature"
  },
  {
   "geometry": {
    "coordinates": [
     121.22935,
     25.002476
    ],
    "type": "Point"
   },
   "properties": {
    "bearing": null,
    "city": "桃園市",
    "description": "中園路421號前",
    "id": "484ffb749125",
    "last_seen": "2026-08-11",
    "section_id": null,
    "section_role": null,
    "source": "gov.tw:7320",
    "speed_limit": 50,
    "type": "fixed"
   },
   "type": "Feature"
  },
  {
   "geometry": {
    "coordinates": [
     120.175964,
     22.99816
    ],
    "type": "Point"
   },
   "properties": {
    "bearing": null,
    "city": "臺南市",
    "description": "安平路與華平路口",
    "id": "488b232fa7f1",
    "last_seen": "2026-08-11",
    "section_id": null,
    "section_role": null,
    "source": "gov.tw:7320",
    "speed_limit": 50,
    "type": "fixed"
   },
   "type": "Feature"
  },
  {
   "geometry": {
    "coordinates": [
     121.5277,
     25.066557
    ],
    "type": "Point"
   },
   "properties": {
    "bearing": 180.0,
    "city": "臺北市",
    "description": "新生北路高架道民族東路入口",
    "id": "488e42b03d2f",
    "last_seen": "2026-08-11",
    "section_id": null,
    "section_role": null,
    "source": "gov.tw:7320",
    "speed_limit": 70,
    "type": "fixed"
   },
   "type": "Feature"
  },
  {
   "geometry": {
    "coordinates": [
     121.45938,
     25.153019
    ],
    "type": "Point"
   },
   "properties": {
    "bearing": 0.0,
    "city": "新北市",
    "description": "中正東路與八勢路口（往淡水）",
    "id": "489afafe92f2",
    "last_seen": "2026-08-11",
    "section_id": null,
    "section_role": null,
    "source": "gov.tw:7320",
    "speed_limit": 50,
    "type": "fixed"
   },
   "type": "Feature"
  },
  {
   "geometry": {
    "coordinates": [
     120.42458,
     23.479553
    ],
    "type": "Point"
   },
   "properties": {
    "bearing": null,
    "city": "嘉義市",
    "description": "高鐵大道與四維路口",
    "id": "48d283c2cf7c",
    "last_seen": "2026-08-11",
    "section_id": null,
    "section_role": null,
    "source": "gov.tw:7320",
    "speed_limit": 50,
    "type": "fixed"
   },
   "type": "Feature"
  },
  {
   "geometry": {
    "coordinates": [
     121.58095,
     25.078457
    ],
    "type": "Point"
   },
   "properties": {
    "bearing": 90.0,
    "city": "臺北市",
    "description": "文德路66巷口",
    "id": "48df0c35e054",
    "last_seen": "2026-08-11",
    "section_id": null,
    "section_role": null,
    "source": "gov.tw:7320",
    "speed_limit": 50,
    "type": "fixed"
   },
   "type": "Feature"
  },
  {
   "geometry": {
    "coordinates": [
     120.65899,
     24.085323
    ],
    "type": "Point"
   },
   "properties": {
    "bearing": 270.0,
    "city": "臺中市",
    "description": "環河路一段638號",
    "id": "49008f0ad0c1",
    "last_seen": "2026-08-11",
    "section_id": null,
    "section_role": null,
    "source": "gov.tw:7320",
    "speed_limit": 60,
    "type": "fixed"
   },
   "type": "Feature"
  },
  {
   "geometry": {
    "coordinates": [
     120.6484,
     24.111053
    ],
    "type": "Point"
   },
   "properties": {
    "bearing": 270.0,
    "city": "臺中市",
    "description": "南區復興路一段129號前",
    "id": "491696413cb5",
    "last_seen": "2026-08-11",
    "section_id": null,
    "section_role": null,
    "source": "gov.tw:7320",
    "speed_limit": 60,
    "type": "fixed"
   },
   "type": "Feature"
  },
  {
   "geometry": {
    "coordinates": [
     121.55998,
     25.04131
    ],
    "type": "Point"
   },
   "properties": {
    "bearing": null,
    "city": "臺北市",
    "description": "忠孝東路四段逸仙路口附近",
    "id": "49362cd381f3",
    "last_seen": "2026-08-11",
    "section_id": null,
    "section_role": null,
    "source": "gov.tw:7320",
    "speed_limit": 50,
    "type": "fixed"
   },
   "type": "Feature"
  },
  {
   "geometry": {
    "coordinates": [
     121.02348,
     24.81359
    ],
    "type": "Point"
   },
   "properties": {
    "bearing": null,
    "city": "新竹縣",
    "description": "自強南路與文興路口",
    "id": "49409e177c43",
    "last_seen": "2026-08-11",
    "section_id": null,
    "section_role": null,
    "source": "gov.tw:7320",
    "speed_limit": 50,
    "type": "fixed"
   },
   "type": "Feature"
  },
  {
   "geometry": {
    "coordinates": [
     119.56263,
     23.65979
    ],
    "type": "Point"
   },
   "properties": {
    "bearing": 135.0,
    "city": "澎湖縣",
    "description": "縣道203線通梁段19.9K",
    "id": "4940c11853e9",
    "last_seen": "2026-08-11",
    "section_id": null,
    "section_role": null,
    "source": "gov.tw:7320",
    "speed_limit": 50,
    "type": "fixed"
   },
   "type": "Feature"
  },
  {
   "geometry": {
    "coordinates": [
     121.02655,
     24.770788
    ],
    "type": "Point"
   },
   "properties": {
    "bearing": 0.0,
    "city": "新竹市",
    "description": "新竹科學園區力行路近世界先進便道",
    "id": "494397ee00bc",
    "last_seen": "2026-08-11",
    "section_id": null,
    "section_role": null,
    "source": "gov.tw:7320",
    "speed_limit": 50,
    "type": "fixed"
   },
   "type": "Feature"
  },
  {
   "geometry": {
    "coordinates": [
     120.48086,
     23.68034
    ],
    "type": "Point"
   },
   "properties": {
    "bearing": 180.0,
    "city": "雲林縣",
    "description": "台1線公路與文昌路口(北向南)",
    "id": "4960478a0381",
    "last_seen": "2026-08-11",
    "section_id": null,
    "section_role": null,
    "source": "gov.tw:7320",
    "speed_limit": 60,
    "type": "fixed"
   },
   "type": "Feature"
  },
  {
   "geometry": {
    "coordinates": [
     120.9245,
     24.818996
    ],
    "type": "Point"
   },
   "properties": {
    "bearing": 180.0,
    "city": "新竹市",
    "description": "西濱路、海埔路口",
    "id": "4971a620b057",
    "last_seen": "2026-08-11",
    "section_id": null,
    "section_role": null,
    "source": "gov.tw:7320",
    "speed_limit": 60,
    "type": "fixed"
   },
   "type": "Feature"
  },
  {
   "geometry": {
    "coordinates": [
     121.71404,
     25.095709
    ],
    "type": "Point"
   },
   "properties": {
    "bearing": null,
    "city": "基隆市",
    "description": "光明路106號前",
    "id": "4978d5821c71",
    "last_seen": "2026-08-11",
    "section_id": null,
    "section_role": null,
    "source": "gov.tw:7320",
    "speed_limit": 50,
    "type": "fixed"
   },
   "type": "Feature"
  },
  {
   "geometry": {
    "coordinates": [
     121.695404,
     25.157051
    ],
    "type": "Point"
   },
   "properties": {
    "bearing": 90.0,
    "city": "基隆市",
    "description": "基金三路、武隆街口",
    "id": "497d6e659c08",
    "last_seen": "2026-08-11",
    "section_id": null,
    "section_role": null,
    "source": "gov.tw:7320",
    "speed_limit": 50,
    "type": "fixed"
   },
   "type": "Feature"
  },
  {
   "geometry": {
    "coordinates": [
     121.49679,
     25.033098
    ],
    "type": "Point"
   },
   "properties": {
    "bearing": 270.0,
    "city": "臺北市",
    "description": "艋舺大道297號台糖公司前",
    "id": "49b8706cf922",
    "last_seen": "2026-08-11",
    "section_id": null,
    "section_role": null,
    "source": "gov.tw:7320",
    "speed_limit": 50,
    "type": "fixed"
   },
   "type": "Feature"
  },
  {
   "geometry": {
    "coordinates": [
     120.25057,
     23.015137
    ],
    "type": "Point"
   },
   "properties": {
    "bearing": 0.0,
    "city": "臺南市",
    "description": "近高速一街二段與永二街245巷26弄路口",
    "id": "4a1ea0089cb4",
    "last_seen": "2026-08-11",
    "section_id": null,
    "section_role": null,
    "source": "gov.tw:7320",
    "speed_limit": 50,
    "type": "fixed"
   },
   "type": "Feature"
  },
  {
   "geometry": {
    "coordinates": [
     120.67085,
     24.215734
    ],
    "type": "Point"
   },
   "properties": {
    "bearing": 270.0,
    "city": "臺中市",
    "description": "大雅區雅潭路三段與雅潭路三段400巷口(橋上)",
    "id": "4a250882ec9f",
    "last_seen": "2026-08-11",
    "section_id": null,
    "section_role": null,
    "source": "gov.tw:7320",
    "speed_limit": 50,
    "type": "fixed"
   },
   "type": "Feature"
  },
  {
   "geometry": {
    "coordinates": [
     120.29865,
     23.055922
    ],
    "type": "Point"
   },
   "properties": {
    "bearing": null,
    "city": "臺南市",
    "description": "臺19甲線33.5公里",
    "id": "4a7ae78dae95",
    "last_seen": "2026-08-11",
    "section_id": null,
    "section_role": null,
    "source": "gov.tw:7320",
    "speed_limit": 70,
    "type": "fixed"
   },
   "type": "Feature"
  },
  {
   "geometry": {
    "coordinates": [
     120.271,
     23.788769
    ],
    "type": "Point"
   },
   "properties": {
    "bearing": 0.0,
    "city": "雲林縣",
    "description": "麥寮鄉台17線公路與工業路口",
    "id": "4ad243c4b657",
    "last_seen": "2026-08-11",
    "section_id": null,
    "section_role": null,
    "source": "gov.tw:7320",
    "speed_limit": 60,
    "type": "fixed"
   },
   "type": "Feature"
  },
  {
   "geometry": {
    "coordinates": [
     120.22093,
     22.931923
    ],
    "type": "Point"
   },
   "properties": {
    "bearing": 180.0,
    "city": "臺南市",
    "description": "臺1線342.7公里臺86線匝道路口",
    "id": "4ae858ad73f3",
    "last_seen": "2026-08-11",
    "section_id": null,
    "section_role": null,
    "source": "gov.tw:7320",
    "speed_limit": 70,
    "type": "fixed"
   },
   "type": "Feature"
  },
  {
   "geometry": {
    "coordinates": [
     121.7971,
     25.11254
    ],
    "type": "Point"
   },
   "properties": {
    "bearing": 90.0,
    "city": "新北市",
    "description": "台62線下明燈路3段匝道（往瑞芳方向）",
    "id": "4b069d0054f1",
    "last_seen": "2026-08-11",
    "section_id": null,
    "section_role": null,
    "source": "gov.tw:7320",
    "speed_limit": 40,
    "type": "fixed"
   },
   "type": "Feature"
  },
  {
   "geometry": {
    "coordinates": [
     120.40342,
     23.486872
    ],
    "type": "Point"
   },
   "properties": {
    "bearing": null,
    "city": "嘉義市",
    "description": "高鐵大道925號前",
    "id": "4b18248e7be6",
    "last_seen": "2026-08-11",
    "section_id": null,
    "section_role": null,
    "source": "gov.tw:7320",
    "speed_limit": 70,
    "type": "fixed"
   },
   "type": "Feature"
  },
  {
   "geometry": {
    "coordinates": [
     120.32359,
     22.676704
    ],
    "type": "Point"
   },
   "properties": {
    "bearing": 270.0,
    "city": "高雄市",
    "description": "大中一路/鼎中路口",
    "id": "4b316589f3f8",
    "last_seen": "2026-08-11",
    "section_id": null,
    "section_role": null,
    "source": "gov.tw:7320",
    "speed_limit": 50,
    "type": "fixed"
   },
   "type": "Feature"
  },
  {
   "geometry": {
    "coordinates": [
     121.37707,
     25.043844
    ],
    "type": "Point"
   },
   "properties": {
    "bearing": null,
    "city": "桃園市",
    "description": "華亞三路近文化二路口",
    "id": "4b6e9d758361",
    "last_seen": "2026-08-11",
    "section_id": null,
    "section_role": null,
    "source": "gov.tw:7320",
    "speed_limit": 50,
    "type": "fixed"
   },
   "type": "Feature"
  },
  {
   "geometry": {
    "coordinates": [
     121.72194,
     25.12111
    ],
    "type": "Point"
   },
   "properties": {
    "bearing": 270.0,
    "city": "基隆市",
    "description": "麥金路222號(長庚醫院)前",
    "id": "4ba561ea0390",
    "last_seen": "2026-08-11",
    "section_id": null,
    "section_role": null,
    "source": "gov.tw:7320",
    "speed_limit": 50,
    "type": "fixed"
   },
   "type": "Feature"
  },
  {
   "geometry": {
    "coordinates": [
     121.51083,
     25.06288
    ],
    "type": "Point"
   },
   "properties": {
    "bearing": 90.0,
    "city": "臺北市",
    "description": "臺北橋機車道下橋近民權西路與延平北路口",
    "id": "4baad917904e",
    "last_seen": "2026-08-11",
    "section_id": null,
    "section_role": null,
    "source": "gov.tw:7320",
    "speed_limit": 40,
    "type": "fixed"
   },
   "type": "Feature"
  },
  {
   "geometry": {
    "coordinates": [
     121.552055,
     25.05797
    ],
    "type": "Point"
   },
   "properties": {
    "bearing": 90.0,
    "city": "臺北市",
    "description": "民生東路四段97巷口",
    "id": "4bb495a2140f",
    "last_seen": "2026-08-11",
    "section_id": null,
    "section_role": null,
    "source": "gov.tw:7320",
    "speed_limit": 50,
    "type": "fixed"
   },
   "type": "Feature"
  },
  {
   "geometry": {
    "coordinates": [
     120.621956,
     24.218575
    ],
    "type": "Point"
   },
   "properties": {
    "bearing": 0.0,
    "city": "臺中市",
    "description": "臺中市大雅區科雅西路段(橋椿公司旁)",
    "id": "4c13c50fcbfe",
    "last_seen": "2026-08-11",
    "section_id": null,
    "section_role": null,
    "source": "gov.tw:7320",
    "speed_limit": 60,
    "type": "fixed"
   },
   "type": "Feature"
  },
  {
   "geometry": {
    "coordinates": [
     120.24821,
     22.972763
    ],
    "type": "Point"
   },
   "properties": {
    "bearing": null,
    "city": "臺南市",
    "description": "文德路與中山路口",
    "id": "4c1a010e54bf",
    "last_seen": "2026-08-11",
    "section_id": null,
    "section_role": null,
    "source": "gov.tw:7320",
    "speed_limit": 50,
    "type": "fixed"
   },
   "type": "Feature"
  },
  {
   "geometry": {
    "coordinates": [
     121.193665,
     24.898373
    ],
    "type": "Point"
   },
   "properties": {
    "bearing": null,
    "city": "桃園市",
    "description": "中興路與南豐路口",
    "id": "4c776fd7c52a",
    "last_seen": "2026-08-11",
    "section_id": null,
    "section_role": null,
    "source": "gov.tw:7320",
    "speed_limit": 50,
    "type": "fixed"
   },
   "type": "Feature"
  },
  {
   "geometry": {
    "coordinates": [
     121.33557,
     24.939499
    ],
    "type": "Point"
   },
   "properties": {
    "bearing": 225.0,
    "city": "新北市",
    "description": "中正三路193巷口（往大溪）",
    "id": "4c8975b53f0f",
    "last_seen": "2026-08-11",
    "section_id": null,
    "section_role": null,
    "source": "gov.tw:7320",
    "speed_limit": 40,
    "type": "fixed"
   },
   "type": "Feature"
  },
  {
   "geometry": {
    "coordinates": [
     121.695755,
     25.156769
    ],
    "type": "Point"
   },
   "properties": {
    "bearing": 270.0,
    "city": "基隆市",
    "description": "基金三路、武聖街口",
    "id": "4c9d0197773a",
    "last_seen": "2026-08-11",
    "section_id": null,
    "section_role": null,
    "source": "gov.tw:7320",
    "speed_limit": 50,
    "type": "fixed"
   },
   "type": "Feature"
  },
  {
   "geometry": {
    "coordinates": [
     120.20016,
     23.703785
    ],
    "type": "Point"
   },
   "properties": {
    "bearing": 180.0,
    "city": "雲林縣",
    "description": "臺西鄉155縣道民權路47-8號前",
    "id": "4cb688524e7c",
    "last_seen": "2026-08-11",
    "section_id": null,
    "section_role": null,
    "source": "gov.tw:7320",
    "speed_limit": 50,
    "type": "fixed"
   },
   "type": "Feature"
  },
  {
   "geometry": {
    "coordinates": [
     118.26236,
     24.44675
    ],
    "type": "Point"
   },
   "properties": {
    "bearing": null,
    "city": "金門縣",
    "description": "金門大橋0.4K至5.1K(東向)",
    "id": "4cd989ce5a34",
    "last_seen": "2026-08-11",
    "section_id": null,
    "section_role": null,
    "source": "gov.tw:7320",
    "speed_limit": 60,
    "type": "fixed"
   },
   "type": "Feature"
  },
  {
   "geometry": {
    "coordinates": [
     120.45549,
     23.658314
    ],
    "type": "Point"
   },
   "properties": {
    "bearing": null,
    "city": "雲林縣",
    "description": "大埤鄉157線公路2k+130m",
    "id": "4d1b9fa15d28",
    "last_seen": "2026-08-11",
    "section_id": null,
    "section_role": null,
    "source": "gov.tw:7320",
    "speed_limit": 60,
    "type": "fixed"
   },
   "type": "Feature"
  },
  {
   "geometry": {
    "coordinates": [
     118.34556,
     24.432312
    ],
    "type": "Point"
   },
   "properties": {
    "bearing": null,
    "city": "金門縣",
    "description": "金寧鄉桃園路(盤果路口)",
    "id": "4d3a01da6a30",
    "last_seen": "2026-08-11",
    "section_id": null,
    "section_role": null,
    "source": "gov.tw:7320",
    "speed_limit": 60,
    "type": "fixed"
   },
   "type": "Feature"
  },
  {
   "geometry": {
    "coordinates": [
     121.78557,
     24.645603
    ],
    "type": "Point"
   },
   "properties": {
    "bearing": null,
    "city": "宜蘭縣",
    "description": "台9線94k+450ｍ冬山段南下",
    "id": "4d4d4364d7e3",
    "last_seen": "2026-08-11",
    "section_id": null,
    "section_role": null,
    "source": "gov.tw:7320",
    "speed_limit": 60,
    "type": "fixed"
   },
   "type": "Feature"
  },
  {
   "geometry": {
    "coordinates": [
     121.738014,
     25.147667
    ],
    "type": "Point"
   },
   "properties": {
    "bearing": 90.0,
    "city": "基隆市",
    "description": "中華路97巷口",
    "id": "4d72b06a2d29",
    "last_seen": "2026-08-11",
    "section_id": null,
    "section_role": null,
    "source": "gov.tw:7320",
    "speed_limit": 50,
    "type": "fixed"
   },
   "type": "Feature"
  },
  {
   "geometry": {
    "coordinates": [
     121.784225,
     24.789581
    ],
    "type": "Point"
   },
   "properties": {
    "bearing": null,
    "city": "宜蘭縣",
    "description": "191甲線6ｋ+600ｍ玉田段北上",
    "id": "4d8288c0def9",
    "last_seen": "2026-08-11",
    "section_id": null,
    "section_role": null,
    "source": "gov.tw:7320",
    "speed_limit": 60,
    "type": "fixed"
   },
   "type": "Feature"
  },
  {
   "geometry": {
    "coordinates": [
     121.279785,
     24.894299
    ],
    "type": "Point"
   },
   "properties": {
    "bearing": null,
    "city": "桃園市",
    "description": "崎頂下坡路段",
    "id": "4d88e96678f6",
    "last_seen": "2026-08-11",
    "section_id": null,
    "section_role": null,
    "source": "gov.tw:7320",
    "speed_limit": 50,
    "type": "fixed"
   },
   "type": "Feature"
  },
  {
   "geometry": {
    "coordinates": [
     120.71485,
     24.149885
    ],
    "type": "Point"
   },
   "properties": {
    "bearing": 0.0,
    "city": "臺中市",
    "description": "太平區中彰快速道路25.9K(往潭子方向)",
    "id": "4dbb5ff13e5d",
    "last_seen": "2026-08-11",
    "section_id": null,
    "section_role": null,
    "source": "gov.tw:7320",
    "speed_limit": 80,
    "type": "fixed"
   },
   "type": "Feature"
  },
  {
   "geometry": {
    "coordinates": [
     121.288216,
     25.020542
    ],
    "type": "Point"
   },
   "properties": {
    "bearing": null,
    "city": "桃園市",
    "description": "莊敬路二段路燈桿(0716800)旁",
    "id": "4dbcb825a366",
    "last_seen": "2026-08-11",
    "section_id": null,
    "section_role": null,
    "source": "gov.tw:7320",
    "speed_limit": 50,
    "type": "fixed"
   },
   "type": "Feature"
  },
  {
   "geometry": {
    "coordinates": [
     120.913246,
     24.76286
    ],
    "type": "Point"
   },
   "properties": {
    "bearing": 180.0,
    "city": "新竹市",
    "description": "中華路五段832號前(香山火車)",
    "id": "4df256db28dd",
    "last_seen": "2026-08-11",
    "section_id": null,
    "section_role": null,
    "source": "gov.tw:7320",
    "speed_limit": 60,
    "type": "fixed"
   },
   "type": "Feature"
  },
  {
   "geometry": {
    "coordinates": [
     120.80374,
     24.578798
    ],
    "type": "Point"
   },
   "properties": {
    "bearing": 270.0,
    "city": "苗栗縣",
    "description": "新川里柑園5號前處",
    "id": "4df7a400bec9",
    "last_seen": "2026-08-11",
    "section_id": null,
    "section_role": null,
    "source": "gov.tw:7320",
    "speed_limit": 60,
    "type": "fixed"
   },
   "type": "Feature"
  },
  {
   "geometry": {
    "coordinates": [
     120.41329,
     22.641577
    ],
    "type": "Point"
   },
   "properties": {
    "bearing": null,
    "city": "高雄市",
    "description": "鳳屏二路/鳳屏二路180巷口(高屏大橋下橋處)",
    "id": "4e0abe2af90a",
    "last_seen": "2026-08-11",
    "section_id": null,
    "section_role": null,
    "source": "gov.tw:7320",
    "speed_limit": 70,
    "type": "fixed"
   },
   "type": "Feature"
  },
  {
   "geometry": {
    "coordinates": [
     120.25655,
     23.721605
    ],
    "type": "Point"
   },
   "properties": {
    "bearing": 180.0,
    "city": "雲林縣",
    "description": "東勢鄉153縣道與158甲縣道路口",
    "id": "4e24536c85e1",
    "last_seen": "2026-08-11",
    "section_id": null,
    "section_role": null,
    "source": "gov.tw:7320",
    "speed_limit": 60,
    "type": "fixed"
   },
   "type": "Feature"
  },
  {
   "geometry": {
    "coordinates": [
     120.48668,
     23.956186
    ],
    "type": "Point"
   },
   "properties": {
    "bearing": null,
    "city": "彰化縣",
    "description": "溪湖鎮員鹿路2段與忠溪路口",
    "id": "4e37ab5851fe",
    "last_seen": "2026-08-11",
    "section_id": null,
    "section_role": null,
    "source": "gov.tw:7320",
    "speed_limit": 60,
    "type": "fixed"
   },
   "type": "Feature"
  },
  {
   "geometry": {
    "coordinates": [
     121.77798,
     24.365217
    ],
    "type": "Point"
   },
   "properties": {
    "bearing": null,
    "city": "宜蘭縣",
    "description": "台9線137K+295m至141K+458m(谷風隧道)",
    "id": "4e38cdc45d20",
    "last_seen": "2026-08-11",
    "section_id": null,
    "section_role": null,
    "source": "gov.tw:7320",
    "speed_limit": 70,
    "type": "fixed"
   },
   "type": "Feature"
  },
  {
   "geometry": {
    "coordinates": [
     121.28101,
     24.985947
    ],
    "type": "Point"
   },
   "properties": {
    "bearing": null,
    "city": "桃園市",
    "description": "中華路與茄苳路口",
    "id": "4e3f206af39a",
    "last_seen": "2026-08-11",
    "section_id": null,
    "section_role": null,
    "source": "gov.tw:7320",
    "speed_limit": 50,
    "type": "fixed"
   },
   "type": "Feature"
  },
  {
   "geometry": {
    "coordinates": [
     120.26041,
     22.880974
    ],
    "type": "Point"
   },
   "properties": {
    "bearing": 90.0,
    "city": "高雄市",
    "description": "路竹區環球路與樹人醫事學校前路口",
    "id": "4ea8eaaec8a3",
    "last_seen": "2026-08-11",
    "section_id": null,
    "section_role": null,
    "source": "gov.tw:7320",
    "speed_limit": 50,
    "type": "fixed"
   },
   "type": "Feature"
  },
  {
   "geometry": {
    "coordinates": [
     121.519936,
     25.074507
    ],
    "type": "Point"
   },
   "properties": {
    "bearing": null,
    "city": "臺北市",
    "description": "承德路3段敦煌路口",
    "id": "4eac7ec4b600",
    "last_seen": "2026-08-11",
    "section_id": null,
    "section_role": null,
    "source": "gov.tw:7320",
    "speed_limit": 50,
    "type": "fixed"
   },
   "type": "Feature"
  },
  {
   "geometry": {
    "coordinates": [
     120.381226,
     22.556417
    ],
    "type": "Point"
   },
   "properties": {
    "bearing": 270.0,
    "city": "高雄市",
    "description": "小港區高坪二十二路近高坪七路口",
    "id": "4ec636e9afd6",
    "last_seen": "2026-08-11",
    "section_id": null,
    "section_role": null,
    "source": "gov.tw:7320",
    "speed_limit": 50,
    "type": "fixed"
   },
   "type": "Feature"
  },
  {
   "geometry": {
    "coordinates": [
     120.497154,
     24.077213
    ],
    "type": "Point"
   },
   "properties": {
    "bearing": null,
    "city": "彰化縣",
    "description": "秀水鄉環河南路2段與雅興街路口",
    "id": "4eda38d3d853",
    "last_seen": "2026-08-11",
    "section_id": null,
    "section_role": null,
    "source": "gov.tw:7320",
    "speed_limit": 50,
    "type": "fixed"
   },
   "type": "Feature"
  },
  {
   "geometry": {
    "coordinates": [
     121.549255,
     25.090601
    ],
    "type": "Point"
   },
   "properties": {
    "bearing": null,
    "city": "臺北市",
    "description": "自強隧道區間測速",
    "id": "4ee26497ee02",
    "last_seen": "2026-08-11",
    "section_id": null,
    "section_role": null,
    "source": "gov.tw:7320",
    "speed_limit": 50,
    "type": "fixed"
   },
   "type": "Feature"
  },
  {
   "geometry": {
    "coordinates": [
     120.94431,
     24.833956
    ],
    "type": "Point"
   },
   "properties": {
    "bearing": 90.0,
    "city": "新竹市",
    "description": "天府路一段、東大路三段291巷口",
    "id": "4f3b8ee42e3d",
    "last_seen": "2026-08-11",
    "section_id": null,
    "section_role": null,
    "source": "gov.tw:7320",
    "speed_limit": 50,
    "type": "fixed"
   },
   "type": "Feature"
  },
  {
   "geometry": {
    "coordinates": [
     121.442406,
     25.051252
    ],
    "type": "Point"
   },
   "properties": {
    "bearing": 0.0,
    "city": "新北市",
    "description": "中環路3段台65線下橋墩（往中原路）",
    "id": "4f6205c01017",
    "last_seen": "2026-08-11",
    "section_id": null,
    "section_role": null,
    "source": "gov.tw:7320",
    "speed_limit": 50,
    "type": "fixed"
   },
   "type": "Feature"
  },
  {
   "geometry": {
    "coordinates": [
     120.442024,
     23.479103
    ],
    "type": "Point"
   },
   "properties": {
    "bearing": null,
    "city": "嘉義市",
    "description": "嘉義市中山路與林森西路口",
    "id": "4f72666105c7",
    "last_seen": "2026-08-11",
    "section_id": null,
    "section_role": null,
    "source": "gov.tw:7320",
    "speed_limit": 50,
    "type": "fixed"
   },
   "type": "Feature"
  },
  {
   "geometry": {
    "coordinates": [
     121.23086,
     24.906776
    ],
    "type": "Point"
   },
   "properties": {
    "bearing": null,
    "city": "桃園市",
    "description": "金陵路與快速路口",
    "id": "4f7402f9a0ad",
    "last_seen": "2026-08-11",
    "section_id": null,
    "section_role": null,
    "source": "gov.tw:7320",
    "speed_limit": 50,
    "type": "fixed"
   },
   "type": "Feature"
  },
  {
   "geometry": {
    "coordinates": [
     121.697624,
     24.667261
    ],
    "type": "Point"
   },
   "properties": {
    "bearing": null,
    "city": "宜蘭縣",
    "description": "台7丙線18ｋ+342ｍ大隱段東向",
    "id": "4f810fae7b6c",
    "last_seen": "2026-08-11",
    "section_id": null,
    "section_role": null,
    "source": "gov.tw:7320",
    "speed_limit": 60,
    "type": "fixed"
   },
   "type": "Feature"
  },
  {
   "geometry": {
    "coordinates": [
     120.74986,
     24.378527
    ],
    "type": "Point"
   },
   "properties": {
    "bearing": 180.0,
    "city": "苗栗縣",
    "description": "台13線52.4公里處(龍騰派出所前)",
    "id": "4fa5812ba8c6",
    "last_seen": "2026-08-11",
    "section_id": null,
    "section_role": null,
    "source": "gov.tw:7320",
    "speed_limit": 60,
    "type": "fixed"
   },
   "type": "Feature"
  },
  {
   "geometry": {
    "coordinates": [
     120.2346,
     23.792048
    ],
    "type": "Point"
   },
   "properties": {
    "bearing": 90.0,
    "city": "雲林縣",
    "description": "麥寮鄉工業路與雲3號路口(西向東)",
    "id": "4fc7fc473282",
    "last_seen": "2026-08-11",
    "section_id": null,
    "section_role": null,
    "source": "gov.tw:7320",
    "speed_limit": 60,
    "type": "fixed"
   },
   "type": "Feature"
  },
  {
   "geometry": {
    "coordinates": [
     120.965706,
     22.522211
    ],
    "type": "Point"
   },
   "properties": {
    "bearing": null,
    "city": "臺東縣",
    "description": "臺9線398.65K(金崙大橋南端)",
    "id": "4febea9c7bd3",
    "last_seen": "2026-08-11",
    "section_id": null,
    "section_role": null,
    "source": "gov.tw:7320",
    "speed_limit": 60,
    "type": "fixed"
   },
   "type": "Feature"
  },
  {
   "geometry": {
    "coordinates": [
     121.2054,
     24.929602
    ],
    "type": "Point"
   },
   "properties": {
    "bearing": 0.0,
    "city": "桃園市",
    "description": "陸橋南路與平德路口前",
    "id": "4feef6db29a8",
    "last_seen": "2026-08-11",
    "section_id": null,
    "section_role": null,
    "source": "gov.tw:7320",
    "speed_limit": 50,
    "type": "fixed"
   },
   "type": "Feature"
  },
  {
   "geometry": {
    "coordinates": [
     120.61284,
     24.186693
    ],
    "type": "Point"
   },
   "properties": {
    "bearing": 90.0,
    "city": "臺中市",
    "description": "西屯區福科路617號前往福林路方向中央分隔島",
    "id": "501a61bd269c",
    "last_seen": "2026-08-11",
    "section_id": null,
    "section_role": null,
    "source": "gov.tw:7320",
    "speed_limit": 50,
    "type": "fixed"
   },
   "type": "Feature"
  },
  {
   "geometry": {
    "coordinates": [
     120.97911,
     23.9741
    ],
    "type": "Point"
   },
   "properties": {
    "bearing": null,
    "city": "南投縣",
    "description": "中山路一段及信義路口",
    "id": "5038307990bf",
    "last_seen": "2026-08-11",
    "section_id": null,
    "section_role": null,
    "source": "gov.tw:7320",
    "speed_limit": 50,
    "type": "fixed"
   },
   "type": "Feature"
  },
  {
   "geometry": {
    "coordinates": [
     121.7342,
     25.153727
    ],
    "type": "Point"
   },
   "properties": {
    "bearing": null,
    "city": "基隆市",
    "description": "文化路116號前",
    "id": "50c18a8fdfd2",
    "last_seen": "2026-08-11",
    "section_id": null,
    "section_role": null,
    "source": "gov.tw:7320",
    "speed_limit": 50,
    "type": "fixed"
   },
   "type": "Feature"
  },
  {
   "geometry": {
    "coordinates": [
     120.50838,
     23.8635
    ],
    "type": "Point"
   },
   "properties": {
    "bearing": null,
    "city": "彰化縣",
    "description": "溪州鄉中山路4段287號(台1線218.4公里處)",
    "id": "50f2073242f8",
    "last_seen": "2026-08-11",
    "section_id": null,
    "section_role": null,
    "source": "gov.tw:7320",
    "speed_limit": 70,
    "type": "fixed"
   },
   "type": "Feature"
  },
  {
   "geometry": {
    "coordinates": [
     121.3009,
     24.991867
    ],
    "type": "Point"
   },
   "properties": {
    "bearing": null,
    "city": "桃園市",
    "description": "縣府路與中山路口",
    "id": "51023dfb3601",
    "last_seen": "2026-08-11",
    "section_id": null,
    "section_role": null,
    "source": "gov.tw:7320",
    "speed_limit": 50,
    "type": "fixed"
   },
   "type": "Feature"
  },
  {
   "geometry": {
    "coordinates": [
     120.3066,
     23.685007
    ],
    "type": "Point"
   },
   "properties": {
    "bearing": 270.0,
    "city": "雲林縣",
    "description": "東勢鄉台78線快速公路13k處(東向西)",
    "id": "5185e0bc043f",
    "last_seen": "2026-08-11",
    "section_id": null,
    "section_role": null,
    "source": "gov.tw:7320",
    "speed_limit": 100,
    "type": "fixed"
   },
   "type": "Feature"
  },
  {
   "geometry": {
    "coordinates": [
     120.40027,
     23.847757
    ],
    "type": "Point"
   },
   "properties": {
    "bearing": 180.0,
    "city": "彰化縣",
    "description": "竹塘鄉中央路1段與東陽路2段口",
    "id": "51a2e51b1538",
    "last_seen": "2026-08-11",
    "section_id": null,
    "section_role": null,
    "source": "gov.tw:7320",
    "speed_limit": 70,
    "type": "fixed"
   },
   "type": "Feature"
  },
  {
   "geometry": {
    "coordinates": [
     121.27842,
     24.874975
    ],
    "type": "Point"
   },
   "properties": {
    "bearing": null,
    "city": "桃園市",
    "description": "瑞安路一段(台4線29K+650)崁津橋前)",
    "id": "51c6594acce5",
    "last_seen": "2026-08-11",
    "section_id": null,
    "section_role": null,
    "source": "gov.tw:7320",
    "speed_limit": 60,
    "type": "fixed"
   },
   "type": "Feature"
  },
  {
   "geometry": {
    "coordinates": [
     121.52218,
     25.013403
    ],
    "type": "Point"
   },
   "properties": {
    "bearing": 135.0,
    "city": "新北市",
    "description": "環河東路2段10號（往中和或永和方向）",
    "id": "51cd77f55d66",
    "last_seen": "2026-08-11",
    "section_id": null,
    "section_role": null,
    "source": "gov.tw:7320",
    "speed_limit": 50,
    "type": "fixed"
   },
   "type": "Feature"
  },
  {
   "geometry": {
    "coordinates": [
     120.54701,
     24.019365
    ],
    "type": "Point"
   },
   "properties": {
    "bearing": null,
    "city": "彰化縣",
    "description": "花壇鄉台1線198.4公里",
    "id": "51f2c0ca9e7b",
    "last_seen": "2026-08-11",
    "section_id": null,
    "section_role": null,
    "source": "gov.tw:7320",
    "speed_limit": 70,
    "type": "fixed"
   },
   "type": "Feature"
  },
  {
   "geometry": {
    "coordinates": [
     121.43178,
     24.972385
    ],
    "type": "Point"
   },
   "properties": {
    "bearing": 45.0,
    "city": "新北市",
    "description": "擺接堡路2.5公里處與自強街口（往板橋）",
    "id": "520cf2811b03",
    "last_seen": "2026-08-11",
    "section_id": null,
    "section_role": null,
    "source": "gov.tw:7320",
    "speed_limit": 50,
    "type": "fixed"
   },
   "type": "Feature"
  },
  {
   "geometry": {
    "coordinates": [
     120.68987,
     23.888296
    ],
    "type": "Point"
   },
   "properties": {
    "bearing": null,
    "city": "南投縣",
    "description": "臺3線215.5公里",
    "id": "5211d998874e",
    "last_seen": "2026-08-11",
    "section_id": null,
    "section_role": null,
    "source": "gov.tw:7320",
    "speed_limit": 60,
    "type": "fixed"
   },
   "type": "Feature"
  },
  {
   "geometry": {
    "coordinates": [
     120.76548,
     24.198912
    ],
    "type": "Point"
   },
   "properties": {
    "bearing": 270.0,
    "city": "臺中市",
    "description": "北屯區東山路二段151-3號前",
    "id": "52309a141206",
    "last_seen": "2026-08-11",
    "section_id": null,
    "section_role": null,
    "source": "gov.tw:7320",
    "speed_limit": 50,
    "type": "fixed"
   },
   "type": "Feature"
  },
  {
   "geometry": {
    "coordinates": [
     121.396095,
     23.491833
    ],
    "type": "Point"
   },
   "properties": {
    "bearing": 90.0,
    "city": "花蓮縣",
    "description": "縣道193線88.15K",
    "id": "527c430ebba3",
    "last_seen": "2026-08-11",
    "section_id": null,
    "section_role": null,
    "source": "gov.tw:7320",
    "speed_limit": 50,
    "type": "fixed"
   },
   "type": "Feature"
  },
  {
   "geometry": {
    "coordinates": [
     120.230774,
     22.942245
    ],
    "type": "Point"
   },
   "properties": {
    "bearing": null,
    "city": "臺南市",
    "description": "文華路虎山橋下橋處",
    "id": "52a7f7a04c07",
    "last_seen": "2026-08-11",
    "section_id": null,
    "section_role": null,
    "source": "gov.tw:7320",
    "speed_limit": 50,
    "type": "fixed"
   },
   "type": "Feature"
  },
  {
   "geometry": {
    "coordinates": [
     121.49684,
     25.13034
    ],
    "type": "Point"
   },
   "properties": {
    "bearing": 0.0,
    "city": "臺北市",
    "description": "大業路412號前",
    "id": "52e0b7dca093",
    "last_seen": "2026-08-11",
    "section_id": null,
    "section_role": null,
    "source": "gov.tw:7320",
    "speed_limit": 60,
    "type": "fixed"
   },
   "type": "Feature"
  },
  {
   "geometry": {
    "coordinates": [
     120.71781,
     24.163551
    ],
    "type": "Point"
   },
   "properties": {
    "bearing": 90.0,
    "city": "臺中市",
    "description": "北屯區太原路三段1027-1號前",
    "id": "52efaa527c10",
    "last_seen": "2026-08-11",
    "section_id": null,
    "section_role": null,
    "source": "gov.tw:7320",
    "speed_limit": 60,
    "type": "fixed"
   },
   "type": "Feature"
  },
  {
   "geometry": {
    "coordinates": [
     118.38353,
     24.449205
    ],
    "type": "Point"
   },
   "properties": {
    "bearing": null,
    "city": "金門縣",
    "description": "金湖鎮瓊徑路(小徑路段)",
    "id": "52f1ffd81a69",
    "last_seen": "2026-08-11",
    "section_id": null,
    "section_role": null,
    "source": "gov.tw:7320",
    "speed_limit": 50,
    "type": "fixed"
   },
   "type": "Feature"
  },
  {
   "geometry": {
    "coordinates": [
     121.12524,
     24.72474
    ],
    "type": "Point"
   },
   "properties": {
    "bearing": null,
    "city": "新竹縣",
    "description": "中豐路與中豐路二段12巷口",
    "id": "53163a6957e2",
    "last_seen": "2026-08-11",
    "section_id": null,
    "section_role": null,
    "source": "gov.tw:7320",
    "speed_limit": 60,
    "type": "fixed"
   },
   "type": "Feature"
  },
  {
   "geometry": {
    "coordinates": [
     120.74759,
     24.196503
    ],
    "type": "Point"
   },
   "properties": {
    "bearing": 90.0,
    "city": "臺中市",
    "description": "東山路二段100巷(大坑國小往新社)",
    "id": "535d01150a22",
    "last_seen": "2026-08-11",
    "section_id": null,
    "section_role": null,
    "source": "gov.tw:7320",
    "speed_limit": 50,
    "type": "fixed"
   },
   "type": "Feature"
  },
  {
   "geometry": {
    "coordinates": [
     120.35221,
     23.701073
    ],
    "type": "Point"
   },
   "properties": {
    "bearing": 90.0,
    "city": "雲林縣",
    "description": "土庫鎮158縣道18k處",
    "id": "537fa1eda40c",
    "last_seen": "2026-08-11",
    "section_id": null,
    "section_role": null,
    "source": "gov.tw:7320",
    "speed_limit": 70,
    "type": "fixed"
   },
   "type": "Feature"
  },
  {
   "geometry": {
    "coordinates": [
     120.722466,
     23.996405
    ],
    "type": "Point"
   },
   "properties": {
    "bearing": null,
    "city": "南投縣",
    "description": "永安路1.8公里處(永安路與玉屏路口）",
    "id": "5381f463a0f4",
    "last_seen": "2026-08-11",
    "section_id": null,
    "section_role": null,
    "source": "gov.tw:7320",
    "speed_limit": 50,
    "type": "fixed"
   },
   "type": "Feature"
  },
  {
   "geometry": {
    "coordinates": [
     121.24305,
     25.008162
    ],
    "type": "Point"
   },
   "properties": {
    "bearing": null,
    "city": "桃園市",
    "description": "中興路一段206號前",
    "id": "538bd5169935",
    "last_seen": "2026-08-11",
    "section_id": null,
    "section_role": null,
    "source": "gov.tw:7320",
    "speed_limit": 50,
    "type": "fixed"
   },
   "type": "Feature"
  },
  {
   "geometry": {
    "coordinates": [
     121.2313,
     24.90953
    ],
    "type": "Point"
   },
   "properties": {
    "bearing": null,
    "city": "桃園市",
    "description": "金陵路五段96號",
    "id": "539261756fd6",
    "last_seen": "2026-08-11",
    "section_id": null,
    "section_role": null,
    "source": "gov.tw:7320",
    "speed_limit": 50,
    "type": "fixed"
   },
   "type": "Feature"
  },
  {
   "geometry": {
    "coordinates": [
     121.73884,
     25.141909
    ],
    "type": "Point"
   },
   "properties": {
    "bearing": 180.0,
    "city": "基隆市",
    "description": "中山二路、健民街口(南向)",
    "id": "53c25f1445ec",
    "last_seen": "2026-08-11",
    "section_id": null,
    "section_role": null,
    "source": "gov.tw:7320",
    "speed_limit": 50,
    "type": "fixed"
   },
   "type": "Feature"
  },
  {
   "geometry": {
    "coordinates": [
     120.712036,
     24.14412
    ],
    "type": "Point"
   },
   "properties": {
    "bearing": 0.0,
    "city": "臺中市",
    "description": "東區環中東路四段近東義街口",
    "id": "53d9359b0cf4",
    "last_seen": "2026-08-11",
    "section_id": null,
    "section_role": null,
    "source": "gov.tw:7320",
    "speed_limit": 50,
    "type": "fixed"
   },
   "type": "Feature"
  },
  {
   "geometry": {
    "coordinates": [
     120.566765,
     23.959564
    ],
    "type": "Point"
   },
   "properties": {
    "bearing": null,
    "city": "彰化縣",
    "description": "員林市莒光路與至善街口",
    "id": "5406ba0d7882",
    "last_seen": "2026-08-11",
    "section_id": null,
    "section_role": null,
    "source": "gov.tw:7320",
    "speed_limit": 60,
    "type": "fixed"
   },
   "type": "Feature"
  },
  {
   "geometry": {
    "coordinates": [
     121.41917,
     24.97285
    ],
    "type": "Point"
   },
   "properties": {
    "bearing": 45.0,
    "city": "新北市",
    "description": "環漢路5段與東豐街口（往板橋）",
    "id": "542953d24f42",
    "last_seen": "2026-08-11",
    "section_id": null,
    "section_role": null,
    "source": "gov.tw:7320",
    "speed_limit": 50,
    "type": "fixed"
   },
   "type": "Feature"
  },
  {
   "geometry": {
    "coordinates": [
     121.40706,
     25.15087
    ],
    "type": "Point"
   },
   "properties": {
    "bearing": 45.0,
    "city": "新北市",
    "description": "中華路2段165巷（往龍米路3段）",
    "id": "543c8da55749",
    "last_seen": "2026-08-11",
    "section_id": null,
    "section_role": null,
    "source": "gov.tw:7320",
    "speed_limit": 50,
    "type": "fixed"
   },
   "type": "Feature"
  },
  {
   "geometry": {
    "coordinates": [
     120.2877,
     23.101562
    ],
    "type": "Point"
   },
   "properties": {
    "bearing": 180.0,
    "city": "臺南市",
    "description": "大順七路與大順二路口",
    "id": "544226737e78",
    "last_seen": "2026-08-11",
    "section_id": null,
    "section_role": null,
    "source": "gov.tw:7320",
    "speed_limit": 40,
    "type": "fixed"
   },
   "type": "Feature"
  },
  {
   "geometry": {
    "coordinates": [
     120.95191,
     24.614372
    ],
    "type": "Point"
   },
   "properties": {
    "bearing": 0.0,
    "city": "苗栗縣",
    "description": "台3線103.1公里處",
    "id": "54c4c46b9a2a",
    "last_seen": "2026-08-11",
    "section_id": null,
    "section_role": null,
    "source": "gov.tw:7320",
    "speed_limit": 60,
    "type": "fixed"
   },
   "type": "Feature"
  },
  {
   "geometry": {
    "coordinates": [
     118.303474,
     24.452068
    ],
    "type": "Point"
   },
   "properties": {
    "bearing": null,
    "city": "金門縣",
    "description": "金門大橋5K至0.5K(西向)",
    "id": "54c8cbd2862b",
    "last_seen": "2026-08-11",
    "section_id": null,
    "section_role": null,
    "source": "gov.tw:7320",
    "speed_limit": 60,
    "type": "fixed"
   },
   "type": "Feature"
  },
  {
   "geometry": {
    "coordinates": [
     121.22922,
     25.0271
    ],
    "type": "Point"
   },
   "properties": {
    "bearing": null,
    "city": "桃園市",
    "description": "台31線近6K處(高鐵北路三段與中正東路二段口)",
    "id": "54f2b0c933cf",
    "last_seen": "2026-08-11",
    "section_id": null,
    "section_role": null,
    "source": "gov.tw:7320",
    "speed_limit": 50,
    "type": "fixed"
   },
   "type": "Feature"
  },
  {
   "geometry": {
    "coordinates": [
     120.52638,
     22.600435
    ],
    "type": "Point"
   },
   "properties": {
    "bearing": null,
    "city": "屏東縣",
    "description": "屏50線文華路段",
    "id": "556cd21f8a18",
    "last_seen": "2026-08-11",
    "section_id": null,
    "section_role": null,
    "source": "gov.tw:7320",
    "speed_limit": 60,
    "type": "fixed"
   },
   "type": "Feature"
  },
  {
   "geometry": {
    "coordinates": [
     120.98497,
     24.778402
    ],
    "type": "Point"
   },
   "properties": {
    "bearing": null,
    "city": "新竹市",
    "description": "高翠路311號前",
    "id": "5599b7398a7c",
    "last_seen": "2026-08-11",
    "section_id": null,
    "section_role": null,
    "source": "gov.tw:7320",
    "speed_limit": 40,
    "type": "fixed"
   },
   "type": "Feature"
  },
  {
   "geometry": {
    "coordinates": [
     121.52306,
     25.08667
    ],
    "type": "Point"
   },
   "properties": {
    "bearing": 0.0,
    "city": "臺北市",
    "description": "承德路四段百齡高中前",
    "id": "55b28bc15362",
    "last_seen": "2026-08-11",
    "section_id": null,
    "section_role": null,
    "source": "gov.tw:7320",
    "speed_limit": 50,
    "type": "fixed"
   },
   "type": "Feature"
  },
  {
   "geometry": {
    "coordinates": [
     120.98258,
     24.83195
    ],
    "type": "Point"
   },
   "properties": {
    "bearing": 0.0,
    "city": "新竹縣",
    "description": "溪洲路與新溪街口",
    "id": "55ca3e1dce4c",
    "last_seen": "2026-08-11",
    "section_id": null,
    "section_role": null,
    "source": "gov.tw:7320",
    "speed_limit": 50,
    "type": "fixed"
   },
   "type": "Feature"
  },
  {
   "geometry": {
    "coordinates": [
     120.292694,
     23.539839
    ],
    "type": "Point"
   },
   "properties": {
    "bearing": 0.0,
    "city": "嘉義縣",
    "description": "台19線73.1K(六美國小)",
    "id": "55d0b36f189b",
    "last_seen": "2026-08-11",
    "section_id": null,
    "section_role": null,
    "source": "gov.tw:7320",
    "speed_limit": 50,
    "type": "fixed"
   },
   "type": "Feature"
  },
  {
   "geometry": {
    "coordinates": [
     120.4359,
     23.93027
    ],
    "type": "Point"
   },
   "properties": {
    "bearing": null,
    "city": "彰化縣",
    "description": "彰化縣二林鎮中科二林大道近產學三路(彰130鄉道)",
    "id": "55df8a0309b9",
    "last_seen": "2026-08-11",
    "section_id": null,
    "section_role": null,
    "source": "gov.tw:7320",
    "speed_limit": 60,
    "type": "fixed"
   },
   "type": "Feature"
  },
  {
   "geometry": {
    "coordinates": [
     121.74583,
     25.134758
    ],
    "type": "Point"
   },
   "properties": {
    "bearing": 0.0,
    "city": "基隆市",
    "description": "中正路信五路口",
    "id": "561a929d6206",
    "last_seen": "2026-08-11",
    "section_id": null,
    "section_role": null,
    "source": "gov.tw:7320",
    "speed_limit": 50,
    "type": "fixed"
   },
   "type": "Feature"
  },
  {
   "geometry": {
    "coordinates": [
     120.30748,
     23.611443
    ],
    "type": "Point"
   },
   "properties": {
    "bearing": null,
    "city": "雲林縣",
    "description": "元長鄉台19線64k+450m",
    "id": "561ac6d12a71",
    "last_seen": "2026-08-11",
    "section_id": null,
    "section_role": null,
    "source": "gov.tw:7320",
    "speed_limit": 60,
    "type": "fixed"
   },
   "type": "Feature"
  },
  {
   "geometry": {
    "coordinates": [
     120.96524,
     24.817877
    ],
    "type": "Point"
   },
   "properties": {
    "bearing": 180.0,
    "city": "新竹市",
    "description": "武陵路61巷口",
    "id": "561b99ce693e",
    "last_seen": "2026-08-11",
    "section_id": null,
    "section_role": null,
    "source": "gov.tw:7320",
    "speed_limit": 50,
    "type": "fixed"
   },
   "type": "Feature"
  },
  {
   "geometry": {
    "coordinates": [
     121.26988,
     24.977488
    ],
    "type": "Point"
   },
   "properties": {
    "bearing": null,
    "city": "桃園市",
    "description": "中華路龍壽街口署立桃園醫院前",
    "id": "566da30501be",
    "last_seen": "2026-08-11",
    "section_id": null,
    "section_role": null,
    "source": "gov.tw:7320",
    "speed_limit": 50,
    "type": "fixed"
   },
   "type": "Feature"
  },
  {
   "geometry": {
    "coordinates": [
     120.28789,
     23.48825
    ],
    "type": "Point"
   },
   "properties": {
    "bearing": null,
    "city": "嘉義縣",
    "description": "六腳鄉157線29.8K(蒜頭大橋)",
    "id": "566ef3fb3ef0",
    "last_seen": "2026-08-11",
    "section_id": null,
    "section_role": null,
    "source": "gov.tw:7320",
    "speed_limit": 50,
    "type": "fixed"
   },
   "type": "Feature"
  },
  {
   "geometry": {
    "coordinates": [
     121.77978,
     25.124207
    ],
    "type": "Point"
   },
   "properties": {
    "bearing": 0.0,
    "city": "基隆市",
    "description": "台62甲線3號隧道內北上3.7K處",
    "id": "56713ed46933",
    "last_seen": "2026-08-11",
    "section_id": null,
    "section_role": null,
    "source": "gov.tw:7320",
    "speed_limit": 60,
    "type": "fixed"
   },
   "type": "Feature"
  },
  {
   "geometry": {
    "coordinates": [
     120.574715,
     23.863333
    ],
    "type": "Point"
   },
   "properties": {
    "bearing": 270.0,
    "city": "彰化縣",
    "description": "田中鎮斗中路1段與東彰南路4段(彰95高鐵站連接道路)路口",
    "id": "5676acaae0a6",
    "last_seen": "2026-08-11",
    "section_id": null,
    "section_role": null,
    "source": "gov.tw:7320",
    "speed_limit": 60,
    "type": "fixed"
   },
   "type": "Feature"
  },
  {
   "geometry": {
    "coordinates": [
     121.04484,
     24.987537
    ],
    "type": "Point"
   },
   "properties": {
    "bearing": null,
    "city": "桃園市",
    "description": "中山西路三段62號前",
    "id": "56827d592614",
    "last_seen": "2026-08-11",
    "section_id": null,
    "section_role": null,
    "source": "gov.tw:7320",
    "speed_limit": 50,
    "type": "fixed"
   },
   "type": "Feature"
  },
  {
   "geometry": {
    "coordinates": [
     121.78592,
     24.401218
    ],
    "type": "Point"
   },
   "properties": {
    "bearing": null,
    "city": "宜蘭縣",
    "description": "台9線133k+289m觀音隧道南下",
    "id": "56b373f387d3",
    "last_seen": "2026-08-11",
    "section_id": null,
    "section_role": null,
    "source": "gov.tw:7320",
    "speed_limit": 70,
    "type": "fixed"
   },
   "type": "Feature"
  },
  {
   "geometry": {
    "coordinates": [
     121.30795,
     24.800322
    ],
    "type": "Point"
   },
   "properties": {
    "bearing": null,
    "city": "桃園市",
    "description": "桃118縣道49K處",
    "id": "56e6265973a8",
    "last_seen": "2026-08-11",
    "section_id": null,
    "section_role": null,
    "source": "gov.tw:7320",
    "speed_limit": 30,
    "type": "fixed"
   },
   "type": "Feature"
  },
  {
   "geometry": {
    "coordinates": [
     121.0755,
     24.7525
    ],
    "type": "Point"
   },
   "properties": {
    "bearing": 180.0,
    "city": "新竹縣",
    "description": "中興路一段94-2號",
    "id": "5766fba11540",
    "last_seen": "2026-08-11",
    "section_id": null,
    "section_role": null,
    "source": "gov.tw:7320",
    "speed_limit": 50,
    "type": "fixed"
   },
   "type": "Feature"
  },
  {
   "geometry": {
    "coordinates": [
     121.0071,
     24.87972
    ],
    "type": "Point"
   },
   "properties": {
    "bearing": null,
    "city": "新竹縣",
    "description": "新興路與中華路口",
    "id": "576a7c667424",
    "last_seen": "2026-08-11",
    "section_id": null,
    "section_role": null,
    "source": "gov.tw:7320",
    "speed_limit": 60,
    "type": "fixed"
   },
   "type": "Feature"
  },
  {
   "geometry": {
    "coordinates": [
     121.568436,
     25.06195
    ],
    "type": "Point"
   },
   "properties": {
    "bearing": 180.0,
    "city": "臺北市",
    "description": "塔悠路近撫遠街261巷口",
    "id": "576add18a7bb",
    "last_seen": "2026-08-11",
    "section_id": null,
    "section_role": null,
    "source": "gov.tw:7320",
    "speed_limit": 50,
    "type": "fixed"
   },
   "type": "Feature"
  },
  {
   "geometry": {
    "coordinates": [
     121.50257,
     25.114443
    ],
    "type": "Point"
   },
   "properties": {
    "bearing": 0.0,
    "city": "臺北市",
    "description": "立賢路101號前",
    "id": "5791ae217113",
    "last_seen": "2026-08-11",
    "section_id": null,
    "section_role": null,
    "source": "gov.tw:7320",
    "speed_limit": 50,
    "type": "fixed"
   },
   "type": "Feature"
  },
  {
   "geometry": {
    "coordinates": [
     121.777985,
     25.151018
    ],
    "type": "Point"
   },
   "properties": {
    "bearing": null,
    "city": "基隆市",
    "description": "北寧路(海洋大學前)",
    "id": "57948b2db236",
    "last_seen": "2026-08-11",
    "section_id": null,
    "section_role": null,
    "source": "gov.tw:7320",
    "speed_limit": 50,
    "type": "fixed"
   },
   "type": "Feature"
  },
  {
   "geometry": {
    "coordinates": [
     120.446365,
     23.508509
    ],
    "type": "Point"
   },
   "properties": {
    "bearing": null,
    "city": "嘉義市",
    "description": "忠孝路750-2號前",
    "id": "57cb9f819a8b",
    "last_seen": "2026-08-11",
    "section_id": null,
    "section_role": null,
    "source": "gov.tw:7320",
    "speed_limit": 50,
    "type": "fixed"
   },
   "type": "Feature"
  },
  {
   "geometry": {
    "coordinates": [
     120.411224,
     23.918367
    ],
    "type": "Point"
   },
   "properties": {
    "bearing": null,
    "city": "彰化縣",
    "description": "二林鎮太平路與修心路口(縣道)",
    "id": "57f6580aaba6",
    "last_seen": "2026-08-11",
    "section_id": null,
    "section_role": null,
    "source": "gov.tw:7320",
    "speed_limit": 60,
    "type": "fixed"
   },
   "type": "Feature"
  },
  {
   "geometry": {
    "coordinates": [
     120.29237,
     22.702114
    ],
    "type": "Point"
   },
   "properties": {
    "bearing": 180.0,
    "city": "高雄市",
    "description": "左營區軍校路國軍高雄總醫院左營分院前",
    "id": "57f78770dfe1",
    "last_seen": "2026-08-11",
    "section_id": null,
    "section_role": null,
    "source": "gov.tw:7320",
    "speed_limit": 50,
    "type": "fixed"
   },
   "type": "Feature"
  },
  {
   "geometry": {
    "coordinates": [
     120.20804,
     23.046125
    ],
    "type": "Point"
   },
   "properties": {
    "bearing": null,
    "city": "臺南市",
    "description": "北安路3段396巷前",
    "id": "5801eb826d2a",
    "last_seen": "2026-08-11",
    "section_id": null,
    "section_role": null,
    "source": "gov.tw:7320",
    "speed_limit": 60,
    "type": "fixed"
   },
   "type": "Feature"
  },
  {
   "geometry": {
    "coordinates": [
     120.65735,
     24.142597
    ],
    "type": "Point"
   },
   "properties": {
    "bearing": 0.0,
    "city": "臺中市",
    "description": "西區福人街與忠明南路",
    "id": "581df5f5b2b2",
    "last_seen": "2026-08-11",
    "section_id": null,
    "section_role": null,
    "source": "gov.tw:7320",
    "speed_limit": 50,
    "type": "fixed"
   },
   "type": "Feature"
  },
  {
   "geometry": {
    "coordinates": [
     120.69613,
     24.087082
    ],
    "type": "Point"
   },
   "properties": {
    "bearing": 180.0,
    "city": "臺中市",
    "description": "中興路一段288號(財政部印刷廠後門前往霧峰方向)",
    "id": "58413a6b4162",
    "last_seen": "2026-08-11",
    "section_id": null,
    "section_role": null,
    "source": "gov.tw:7320",
    "speed_limit": 50,
    "type": "fixed"
   },
   "type": "Feature"
  },
  {
   "geometry": {
    "coordinates": [
     120.209946,
     22.9689
    ],
    "type": "Point"
   },
   "properties": {
    "bearing": 180.0,
    "city": "臺南市",
    "description": "中華南路-國民路口",
    "id": "5851d69da002",
    "last_seen": "2026-08-11",
    "section_id": null,
    "section_role": null,
    "source": "gov.tw:7320",
    "speed_limit": 50,
    "type": "fixed"
   },
   "type": "Feature"
  },
  {
   "geometry": {
    "coordinates": [
     120.46381,
     22.471855
    ],
    "type": "Point"
   },
   "properties": {
    "bearing": null,
    "city": "屏東縣",
    "description": "台17線255.8K",
    "id": "5860903570f3",
    "last_seen": "2026-08-11",
    "section_id": null,
    "section_role": null,
    "source": "gov.tw:7320",
    "speed_limit": 50,
    "type": "fixed"
   },
   "type": "Feature"
  },
  {
   "geometry": {
    "coordinates": [
     120.39001,
     22.715528
    ],
    "type": "Point"
   },
   "properties": {
    "bearing": 180.0,
    "city": "高雄市",
    "description": "義大二路與公館1巷3號前",
    "id": "58c2ff66c214",
    "last_seen": "2026-08-11",
    "section_id": null,
    "section_role": null,
    "source": "gov.tw:7320",
    "speed_limit": 60,
    "type": "fixed"
   },
   "type": "Feature"
  },
  {
   "geometry": {
    "coordinates": [
     121.70324,
     25.081923
    ],
    "type": "Point"
   },
   "properties": {
    "bearing": 0.0,
    "city": "基隆市",
    "description": "明德二路(台5線20.5K處)北向",
    "id": "58d4b1d08ebb",
    "last_seen": "2026-08-11",
    "section_id": null,
    "section_role": null,
    "source": "gov.tw:7320",
    "speed_limit": 50,
    "type": "fixed"
   },
   "type": "Feature"
  },
  {
   "geometry": {
    "coordinates": [
     121.45585,
     25.089067
    ],
    "type": "Point"
   },
   "properties": {
    "bearing": 0.0,
    "city": "新北市",
    "description": "環堤大道與永樂街口（雙向）",
    "id": "58d986dac2c2",
    "last_seen": "2026-08-11",
    "section_id": null,
    "section_role": null,
    "source": "gov.tw:7320",
    "speed_limit": 50,
    "type": "fixed"
   },
   "type": "Feature"
  },
  {
   "geometry": {
    "coordinates": [
     121.33215,
     23.027685
    ],
    "type": "Point"
   },
   "properties": {
    "bearing": null,
    "city": "臺東縣",
    "description": "臺11線123.75K(都歷段)",
    "id": "59428eb5fd26",
    "last_seen": "2026-08-11",
    "section_id": null,
    "section_role": null,
    "source": "gov.tw:7320",
    "speed_limit": 50,
    "type": "fixed"
   },
   "type": "Feature"
  },
  {
   "geometry": {
    "coordinates": [
     120.39789,
     23.491566
    ],
    "type": "Point"
   },
   "properties": {
    "bearing": 90.0,
    "city": "嘉義市",
    "description": "北港路與埤竹路口",
    "id": "5952d813d5da",
    "last_seen": "2026-08-11",
    "section_id": null,
    "section_role": null,
    "source": "gov.tw:7320",
    "speed_limit": 60,
    "type": "fixed"
   },
   "type": "Feature"
  },
  {
   "geometry": {
    "coordinates": [
     120.42427,
     22.625746
    ],
    "type": "Point"
   },
   "properties": {
    "bearing": 0.0,
    "city": "高雄市",
    "description": "台29線96.5公里處",
    "id": "5953a64c0897",
    "last_seen": "2026-08-11",
    "section_id": null,
    "section_role": null,
    "source": "gov.tw:7320",
    "speed_limit": 50,
    "type": "fixed"
   },
   "type": "Feature"
  },
  {
   "geometry": {
    "coordinates": [
     121.26314,
     24.8736
    ],
    "type": "Point"
   },
   "properties": {
    "bearing": null,
    "city": "桃園市",
    "description": "石園路327號前",
    "id": "59871fb2f60d",
    "last_seen": "2026-08-11",
    "section_id": null,
    "section_role": null,
    "source": "gov.tw:7320",
    "speed_limit": 60,
    "type": "fixed"
   },
   "type": "Feature"
  },
  {
   "geometry": {
    "coordinates": [
     120.915436,
     24.731752
    ],
    "type": "Point"
   },
   "properties": {
    "bearing": 180.0,
    "city": "新竹市",
    "description": "中華路六段、南隘路口",
    "id": "59913e875b74",
    "last_seen": "2026-08-11",
    "section_id": null,
    "section_role": null,
    "source": "gov.tw:7320",
    "speed_limit": 60,
    "type": "fixed"
   },
   "type": "Feature"
  },
  {
   "geometry": {
    "coordinates": [
     121.707184,
     25.090446
    ],
    "type": "Point"
   },
   "properties": {
    "bearing": 0.0,
    "city": "基隆市",
    "description": "明德二路2之1號前",
    "id": "59933a6bee95",
    "last_seen": "2026-08-11",
    "section_id": null,
    "section_role": null,
    "source": "gov.tw:7320",
    "speed_limit": 50,
    "type": "fixed"
   },
   "type": "Feature"
  },
  {
   "geometry": {
    "coordinates": [
     121.33674,
     23.401014
    ],
    "type": "Point"
   },
   "properties": {
    "bearing": null,
    "city": "花蓮縣",
    "description": "臺9線269.3K",
    "id": "59ad83bc9969",
    "last_seen": "2026-08-11",
    "section_id": null,
    "section_role": null,
    "source": "gov.tw:7320",
    "speed_limit": 60,
    "type": "fixed"
   },
   "type": "Feature"
  },
  {
   "geometry": {
    "coordinates": [
     120.58576,
     24.092712
    ],
    "type": "Point"
   },
   "properties": {
    "bearing": 0.0,
    "city": "彰化縣",
    "description": "彰化市彰興路1段與聖安路口",
    "id": "59d1a5899049",
    "last_seen": "2026-08-11",
    "section_id": null,
    "section_role": null,
    "source": "gov.tw:7320",
    "speed_limit": 70,
    "type": "fixed"
   },
   "type": "Feature"
  },
  {
   "geometry": {
    "coordinates": [
     120.60589,
     22.420538
    ],
    "type": "Point"
   },
   "properties": {
    "bearing": null,
    "city": "屏東縣",
    "description": "185線62.62K",
    "id": "59f647140afe",
    "last_seen": "2026-08-11",
    "section_id": null,
    "section_role": null,
    "source": "gov.tw:7320",
    "speed_limit": 60,
    "type": "fixed"
   },
   "type": "Feature"
  },
  {
   "geometry": {
    "coordinates": [
     121.38972,
     25.065548
    ],
    "type": "Point"
   },
   "properties": {
    "bearing": 90.0,
    "city": "新北市",
    "description": "大科路686號前（往泰山方向）",
    "id": "59fcf0239a6a",
    "last_seen": "2026-08-11",
    "section_id": null,
    "section_role": null,
    "source": "gov.tw:7320",
    "speed_limit": 40,
    "type": "fixed"
   },
   "type": "Feature"
  },
  {
   "geometry": {
    "coordinates": [
     121.81058,
     24.709387
    ],
    "type": "Point"
   },
   "properties": {
    "bearing": null,
    "city": "宜蘭縣",
    "description": "宜22線6ｋ錦草段西向",
    "id": "59fd1fa80f46",
    "last_seen": "2026-08-11",
    "section_id": null,
    "section_role": null,
    "source": "gov.tw:7320",
    "speed_limit": 60,
    "type": "fixed"
   },
   "type": "Feature"
  },
  {
   "geometry": {
    "coordinates": [
     120.506424,
     23.766708
    ],
    "type": "Point"
   },
   "properties": {
    "bearing": 180.0,
    "city": "雲林縣",
    "description": "156縣道與莿桐外環道(孩沙里)路口",
    "id": "5a40ba627904",
    "last_seen": "2026-08-11",
    "section_id": null,
    "section_role": null,
    "source": "gov.tw:7320",
    "speed_limit": 60,
    "type": "fixed"
   },
   "type": "Feature"
  },
  {
   "geometry": {
    "coordinates": [
     121.737,
     25.13015
    ],
    "type": "Point"
   },
   "properties": {
    "bearing": 180.0,
    "city": "基隆市",
    "description": "西岸高架橋南下0K+460處",
    "id": "5a62eccbb01a",
    "last_seen": "2026-08-11",
    "section_id": null,
    "section_role": null,
    "source": "gov.tw:7320",
    "speed_limit": 50,
    "type": "fixed"
   },
   "type": "Feature"
  },
  {
   "geometry": {
    "coordinates": [
     120.628395,
     24.140207
    ],
    "type": "Point"
   },
   "properties": {
    "bearing": 270.0,
    "city": "臺中市",
    "description": "南屯區永春東路與益豐路口",
    "id": "5a8178fe63d7",
    "last_seen": "2026-08-11",
    "section_id": null,
    "section_role": null,
    "source": "gov.tw:7320",
    "speed_limit": 50,
    "type": "fixed"
   },
   "type": "Feature"
  },
  {
   "geometry": {
    "coordinates": [
     120.25464,
     23.698496
    ],
    "type": "Point"
   },
   "properties": {
    "bearing": 0.0,
    "city": "雲林縣",
    "description": "東勢鄉 153 縣道安南與昌南路口 (4k+700m 處)",
    "id": "5b46537b1432",
    "last_seen": "2026-08-11",
    "section_id": null,
    "section_role": null,
    "source": "gov.tw:7320",
    "speed_limit": 60,
    "type": "fixed"
   },
   "type": "Feature"
  },
  {
   "geometry": {
    "coordinates": [
     120.54993,
     24.093788
    ],
    "type": "Point"
   },
   "properties": {
    "bearing": 0.0,
    "city": "彰化縣",
    "description": "彰化市建國北路",
    "id": "5b5ca25a317a",
    "last_seen": "2026-08-11",
    "section_id": null,
    "section_role": null,
    "source": "gov.tw:7320",
    "speed_limit": 50,
    "type": "fixed"
   },
   "type": "Feature"
  },
  {
   "geometry": {
    "coordinates": [
     121.48048,
     25.059704
    ],
    "type": "Point"
   },
   "properties": {
    "bearing": 135.0,
    "city": "新北市",
    "description": "水漾路1段300號前（雙向）",
    "id": "5b66881c66f4",
    "last_seen": "2026-08-11",
    "section_id": null,
    "section_role": null,
    "source": "gov.tw:7320",
    "speed_limit": 50,
    "type": "fixed"
   },
   "type": "Feature"
  },
  {
   "geometry": {
    "coordinates": [
     121.24809,
     25.034035
    ],
    "type": "Point"
   },
   "properties": {
    "bearing": null,
    "city": "桃園市",
    "description": "大竹北路386號旁",
    "id": "5bc80b9ea98d",
    "last_seen": "2026-08-11",
    "section_id": null,
    "section_role": null,
    "source": "gov.tw:7320",
    "speed_limit": 50,
    "type": "fixed"
   },
   "type": "Feature"
  },
  {
   "geometry": {
    "coordinates": [
     120.63997,
     24.158367
    ],
    "type": "Point"
   },
   "properties": {
    "bearing": 90.0,
    "city": "臺中市",
    "description": "西屯區市政路123號前",
    "id": "5bceb882a3cd",
    "last_seen": "2026-08-11",
    "section_id": null,
    "section_role": null,
    "source": "gov.tw:7320",
    "speed_limit": 60,
    "type": "fixed"
   },
   "type": "Feature"
  },
  {
   "geometry": {
    "coordinates": [
     120.706635,
     24.24755
    ],
    "type": "Point"
   },
   "properties": {
    "bearing": null,
    "city": "臺中市",
    "description": "豐原區豐原大道八段(愛心紀念公園前)",
    "id": "5bf74489a7ab",
    "last_seen": "2026-08-11",
    "section_id": null,
    "section_role": null,
    "source": "gov.tw:7320",
    "speed_limit": 60,
    "type": "fixed"
   },
   "type": "Feature"
  },
  {
   "geometry": {
    "coordinates": [
     120.83142,
     24.544853
    ],
    "type": "Point"
   },
   "properties": {
    "bearing": null,
    "city": "苗栗縣",
    "description": "台72線13.8公里處",
    "id": "5c3e5dbf9b8c",
    "last_seen": "2026-08-11",
    "section_id": null,
    "section_role": null,
    "source": "gov.tw:7320",
    "speed_limit": 90,
    "type": "fixed"
   },
   "type": "Feature"
  },
  {
   "geometry": {
    "coordinates": [
     120.97564,
     24.825012
    ],
    "type": "Point"
   },
   "properties": {
    "bearing": 90.0,
    "city": "新竹市",
    "description": "公道五路四段127號前",
    "id": "5c879e19bc03",
    "last_seen": "2026-08-11",
    "section_id": null,
    "section_role": null,
    "source": "gov.tw:7320",
    "speed_limit": 40,
    "type": "fixed"
   },
   "type": "Feature"
  },
  {
   "geometry": {
    "coordinates": [
     120.462135,
     22.5101
    ],
    "type": "Point"
   },
   "properties": {
    "bearing": null,
    "city": "屏東縣",
    "description": "台27線75.8K",
    "id": "5c8fa3f0859c",
    "last_seen": "2026-08-11",
    "section_id": null,
    "section_role": null,
    "source": "gov.tw:7320",
    "speed_limit": 60,
    "type": "fixed"
   },
   "type": "Feature"
  },
  {
   "geometry": {
    "coordinates": [
     121.74951,
     25.137762
    ],
    "type": "Point"
   },
   "properties": {
    "bearing": 180.0,
    "city": "基隆市",
    "description": "中正路中船路口(南口)",
    "id": "5cc93e88ff89",
    "last_seen": "2026-08-11",
    "section_id": null,
    "section_role": null,
    "source": "gov.tw:7320",
    "speed_limit": 50,
    "type": "fixed"
   },
   "type": "Feature"
  },
  {
   "geometry": {
    "coordinates": [
     121.213455,
     24.928421
    ],
    "type": "Point"
   },
   "properties": {
    "bearing": null,
    "city": "桃園市",
    "description": "中豐路一段166號前",
    "id": "5ce2c6a957a7",
    "last_seen": "2026-08-11",
    "section_id": null,
    "section_role": null,
    "source": "gov.tw:7320",
    "speed_limit": 50,
    "type": "fixed"
   },
   "type": "Feature"
  },
  {
   "geometry": {
    "coordinates": [
     120.95567,
     24.677471
    ],
    "type": "Point"
   },
   "properties": {
    "bearing": null,
    "city": "苗栗縣",
    "description": "縣道124丙線9.7公里處",
    "id": "5d30c4f9aaf9",
    "last_seen": "2026-08-11",
    "section_id": null,
    "section_role": null,
    "source": "gov.tw:7320",
    "speed_limit": 60,
    "type": "fixed"
   },
   "type": "Feature"
  },
  {
   "geometry": {
    "coordinates": [
     121.67725,
     24.677273
    ],
    "type": "Point"
   },
   "properties": {
    "bearing": null,
    "city": "宜蘭縣",
    "description": "196線3ｋ+800ｍ萬富段東向",
    "id": "5de973697772",
    "last_seen": "2026-08-11",
    "section_id": null,
    "section_role": null,
    "source": "gov.tw:7320",
    "speed_limit": 60,
    "type": "fixed"
   },
   "type": "Feature"
  },
  {
   "geometry": {
    "coordinates": [
     121.29937,
     24.918503
    ],
    "type": "Point"
   },
   "properties": {
    "bearing": null,
    "city": "桃園市",
    "description": "大鶯路769巷口",
    "id": "5df036ec92a7",
    "last_seen": "2026-08-11",
    "section_id": null,
    "section_role": null,
    "source": "gov.tw:7320",
    "speed_limit": 40,
    "type": "fixed"
   },
   "type": "Feature"
  },
  {
   "geometry": {
    "coordinates": [
     120.52357,
     24.30896
    ],
    "type": "Point"
   },
   "properties": {
    "bearing": 0.0,
    "city": "臺中市",
    "description": "清水區臨港路5段與北堤路與漁港路口",
    "id": "5e356db2f0e9",
    "last_seen": "2026-08-11",
    "section_id": null,
    "section_role": null,
    "source": "gov.tw:7320",
    "speed_limit": 70,
    "type": "fixed"
   },
   "type": "Feature"
  },
  {
   "geometry": {
    "coordinates": [
     120.54064,
     22.569527
    ],
    "type": "Point"
   },
   "properties": {
    "bearing": null,
    "city": "屏東縣",
    "description": "屏85線與屏83線路口",
    "id": "5e5fbbbe8aef",
    "last_seen": "2026-08-11",
    "section_id": null,
    "section_role": null,
    "source": "gov.tw:7320",
    "speed_limit": 60,
    "type": "fixed"
   },
   "type": "Feature"
  },
  {
   "geometry": {
    "coordinates": [
     121.04233,
     24.89645
    ],
    "type": "Point"
   },
   "properties": {
    "bearing": null,
    "city": "新竹縣",
    "description": "中山路一段與達生路口",
    "id": "5e746fb2aae1",
    "last_seen": "2026-08-11",
    "section_id": null,
    "section_role": null,
    "source": "gov.tw:7320",
    "speed_limit": 50,
    "type": "fixed"
   },
   "type": "Feature"
  },
  {
   "geometry": {
    "coordinates": [
     120.485054,
     23.830542
    ],
    "type": "Point"
   },
   "properties": {
    "bearing": 0.0,
    "city": "國道一號",
    "description": "國道一號北向224.9公里",
    "id": "5e8ff728864f",
    "last_seen": "2026-08-11",
    "section_id": null,
    "section_role": null,
    "source": "gov.tw:7320",
    "speed_limit": 110,
    "type": "fixed"
   },
   "type": "Feature"
  },
  {
   "geometry": {
    "coordinates": [
     120.497734,
     24.220963
    ],
    "type": "Point"
   },
   "properties": {
    "bearing": 0.0,
    "city": "臺中市",
    "description": "中南一路6K+222公尺處(中龍鋼鐵旁)",
    "id": "5e944a0bb88a",
    "last_seen": "2026-08-11",
    "section_id": null,
    "section_role": null,
    "source": "gov.tw:7320",
    "speed_limit": 50,
    "type": "fixed"
   },
   "type": "Feature"
  },
  {
   "geometry": {
    "coordinates": [
     120.919395,
     24.793509
    ],
    "type": "Point"
   },
   "properties": {
    "bearing": 0.0,
    "city": "新竹市",
    "description": "西濱快速公路、宮口街口",
    "id": "5e97a231cf6a",
    "last_seen": "2026-08-11",
    "section_id": null,
    "section_role": null,
    "source": "gov.tw:7320",
    "speed_limit": 80,
    "type": "fixed"
   },
   "type": "Feature"
  },
  {
   "geometry": {
    "coordinates": [
     121.17447,
     24.911541
    ],
    "type": "Point"
   },
   "properties": {
    "bearing": null,
    "city": "桃園市",
    "description": "中山北路二段與梅獅路一段口",
    "id": "5ec1505dab64",
    "last_seen": "2026-08-11",
    "section_id": null,
    "section_role": null,
    "source": "gov.tw:7320",
    "speed_limit": 50,
    "type": "fixed"
   },
   "type": "Feature"
  },
  {
   "geometry": {
    "coordinates": [
     121.54244,
     25.044632
    ],
    "type": "Point"
   },
   "properties": {
    "bearing": null,
    "city": "臺北市",
    "description": "市民高架道下建國南路",
    "id": "5ee1937da6db",
    "last_seen": "2026-08-11",
    "section_id": null,
    "section_role": null,
    "source": "gov.tw:7320",
    "speed_limit": 80,
    "type": "fixed"
   },
   "type": "Feature"
  },
  {
   "geometry": {
    "coordinates": [
     121.71865,
     24.71743
    ],
    "type": "Point"
   },
   "properties": {
    "bearing": null,
    "city": "宜蘭縣",
    "description": "宜61線1ｋ+200ｍ深溝段北上",
    "id": "5f066a1c2259",
    "last_seen": "2026-08-11",
    "section_id": null,
    "section_role": null,
    "source": "gov.tw:7320",
    "speed_limit": 60,
    "type": "fixed"
   },
   "type": "Feature"
  },
  {
   "geometry": {
    "coordinates": [
     120.27038,
     23.789198
    ],
    "type": "Point"
   },
   "properties": {
    "bearing": 90.0,
    "city": "雲林縣",
    "description": "麥寮鄉台17線公路與工業路口",
    "id": "5f1e154b4be4",
    "last_seen": "2026-08-11",
    "section_id": null,
    "section_role": null,
    "source": "gov.tw:7320",
    "speed_limit": 70,
    "type": "fixed"
   },
   "type": "Feature"
  },
  {
   "geometry": {
    "coordinates": [
     120.345924,
     22.67725
    ],
    "type": "Point"
   },
   "properties": {
    "bearing": 90.0,
    "city": "高雄市",
    "description": "仁雄路與澄仁路口",
    "id": "5f251acfcd0f",
    "last_seen": "2026-08-11",
    "section_id": null,
    "section_role": null,
    "source": "gov.tw:7320",
    "speed_limit": 50,
    "type": "fixed"
   },
   "type": "Feature"
  },
  {
   "geometry": {
    "coordinates": [
     121.3567,
     25.132078
    ],
    "type": "Point"
   },
   "properties": {
    "bearing": 225.0,
    "city": "新北市",
    "description": "台61線8.95公里處（往林口）",
    "id": "5f421706fc39",
    "last_seen": "2026-08-11",
    "section_id": null,
    "section_role": null,
    "source": "gov.tw:7320",
    "speed_limit": 80,
    "type": "fixed"
   },
   "type": "Feature"
  },
  {
   "geometry": {
    "coordinates": [
     120.68279,
     24.036856
    ],
    "type": "Point"
   },
   "properties": {
    "bearing": 0.0,
    "city": "臺中市",
    "description": "霧峰區中投公路11.5K(北上)",
    "id": "5f48869f72af",
    "last_seen": "2026-08-11",
    "section_id": null,
    "section_role": null,
    "source": "gov.tw:7320",
    "speed_limit": 70,
    "type": "fixed"
   },
   "type": "Feature"
  },
  {
   "geometry": {
    "coordinates": [
     120.38432,
     22.589376
    ],
    "type": "Point"
   },
   "properties": {
    "bearing": 270.0,
    "city": "高雄市",
    "description": "市道188 號(內坑路)與高72線路口",
    "id": "5f66a21c2a62",
    "last_seen": "2026-08-11",
    "section_id": null,
    "section_role": null,
    "source": "gov.tw:7320",
    "speed_limit": 60,
    "type": "fixed"
   },
   "type": "Feature"
  },
  {
   "geometry": {
    "coordinates": [
     120.53655,
     22.912996
    ],
    "type": "Point"
   },
   "properties": {
    "bearing": 0.0,
    "city": "高雄市",
    "description": "美興街232號前(月光山隧道)",
    "id": "5f75862890ff",
    "last_seen": "2026-08-11",
    "section_id": null,
    "section_role": null,
    "source": "gov.tw:7320",
    "speed_limit": 50,
    "type": "fixed"
   },
   "type": "Feature"
  },
  {
   "geometry": {
    "coordinates": [
     118.31088,
     24.419437
    ],
    "type": "Point"
   },
   "properties": {
    "bearing": null,
    "city": "金門縣",
    "description": "金城鎮西海路三段(金城消防隊段)",
    "id": "5f9795d05d1f",
    "last_seen": "2026-08-11",
    "section_id": null,
    "section_role": null,
    "source": "gov.tw:7320",
    "speed_limit": 50,
    "type": "fixed"
   },
   "type": "Feature"
  },
  {
   "geometry": {
    "coordinates": [
     120.74129,
     24.131016
    ],
    "type": "Point"
   },
   "properties": {
    "bearing": 90.0,
    "city": "臺中市",
    "description": "長龍路一段139號對面",
    "id": "5fa0719b9659",
    "last_seen": "2026-08-11",
    "section_id": null,
    "section_role": null,
    "source": "gov.tw:7320",
    "speed_limit": 50,
    "type": "fixed"
   },
   "type": "Feature"
  },
  {
   "geometry": {
    "coordinates": [
     120.51959,
     22.702332
    ],
    "type": "Point"
   },
   "properties": {
    "bearing": null,
    "city": "屏東縣",
    "description": "屏17線10K",
    "id": "5faa982ed4a5",
    "last_seen": "2026-08-11",
    "section_id": null,
    "section_role": null,
    "source": "gov.tw:7320",
    "speed_limit": 60,
    "type": "fixed"
   },
   "type": "Feature"
  },
  {
   "geometry": {
    "coordinates": [
     120.66404,
     24.12225
    ],
    "type": "Point"
   },
   "properties": {
    "bearing": null,
    "city": "臺中市",
    "description": "南區南平路97號前",
    "id": "5fbd6322b47c",
    "last_seen": "2026-08-11",
    "section_id": null,
    "section_role": null,
    "source": "gov.tw:7320",
    "speed_limit": 50,
    "type": "fixed"
   },
   "type": "Feature"
  },
  {
   "geometry": {
    "coordinates": [
     120.22557,
     23.038078
    ],
    "type": "Point"
   },
   "properties": {
    "bearing": null,
    "city": "臺南市",
    "description": "河堤道路與洲工街175巷口",
    "id": "5fd6f43af15f",
    "last_seen": "2026-08-11",
    "section_id": null,
    "section_role": null,
    "source": "gov.tw:7320",
    "speed_limit": 40,
    "type": "fixed"
   },
   "type": "Feature"
  },
  {
   "geometry": {
    "coordinates": [
     120.533394,
     23.89537
    ],
    "type": "Point"
   },
   "properties": {
    "bearing": 0.0,
    "city": "彰化縣",
    "description": "田尾鄉台1線214公里",
    "id": "5ff9c8072c82",
    "last_seen": "2026-08-11",
    "section_id": null,
    "section_role": null,
    "source": "gov.tw:7320",
    "speed_limit": 70,
    "type": "fixed"
   },
   "type": "Feature"
  },
  {
   "geometry": {
    "coordinates": [
     120.98239,
     24.788258
    ],
    "type": "Point"
   },
   "properties": {
    "bearing": 270.0,
    "city": "新竹市",
    "description": "寶山路317巷口(高峰植物園)",
    "id": "607c891cde50",
    "last_seen": "2026-08-11",
    "section_id": null,
    "section_role": null,
    "source": "gov.tw:7320",
    "speed_limit": 50,
    "type": "fixed"
   },
   "type": "Feature"
  },
  {
   "geometry": {
    "coordinates": [
     121.21205,
     24.893105
    ],
    "type": "Point"
   },
   "properties": {
    "bearing": null,
    "city": "桃園市",
    "description": "中豐路山頂段531號前",
    "id": "609262435381",
    "last_seen": "2026-08-11",
    "section_id": null,
    "section_role": null,
    "source": "gov.tw:7320",
    "speed_limit": 50,
    "type": "fixed"
   },
   "type": "Feature"
  },
  {
   "geometry": {
    "coordinates": [
     120.67903,
     23.928667
    ],
    "type": "Point"
   },
   "properties": {
    "bearing": null,
    "city": "南投縣",
    "description": "華陽路850號",
    "id": "60b2f167a355",
    "last_seen": "2026-08-11",
    "section_id": null,
    "section_role": null,
    "source": "gov.tw:7320",
    "speed_limit": 60,
    "type": "fixed"
   },
   "type": "Feature"
  },
  {
   "geometry": {
    "coordinates": [
     121.385414,
     25.040264
    ],
    "type": "Point"
   },
   "properties": {
    "bearing": null,
    "city": "桃園市",
    "description": "文化一路與文青路口",
    "id": "60c5bc58b754",
    "last_seen": "2026-08-11",
    "section_id": null,
    "section_role": null,
    "source": "gov.tw:7320",
    "speed_limit": 60,
    "type": "fixed"
   },
   "type": "Feature"
  },
  {
   "geometry": {
    "coordinates": [
     120.795944,
     22.222355
    ],
    "type": "Point"
   },
   "properties": {
    "bearing": null,
    "city": "屏東縣",
    "description": "台9線440K",
    "id": "60cd25203216",
    "last_seen": "2026-08-11",
    "section_id": null,
    "section_role": null,
    "source": "gov.tw:7320",
    "speed_limit": 40,
    "type": "fixed"
   },
   "type": "Feature"
  },
  {
   "geometry": {
    "coordinates": [
     120.59756,
     23.853165
    ],
    "type": "Point"
   },
   "properties": {
    "bearing": null,
    "city": "彰化縣",
    "description": "田中鎮東閔路2段與中南路3段路口",
    "id": "60edb7518450",
    "last_seen": "2026-08-11",
    "section_id": null,
    "section_role": null,
    "source": "gov.tw:7320",
    "speed_limit": 60,
    "type": "fixed"
   },
   "type": "Feature"
  },
  {
   "geometry": {
    "coordinates": [
     120.42086,
     23.050117
    ],
    "type": "Point"
   },
   "properties": {
    "bearing": null,
    "city": "臺南市",
    "description": "臺20乙線0.7公里處(近睦光橋)",
    "id": "60f27798f2f2",
    "last_seen": "2026-08-11",
    "section_id": null,
    "section_role": null,
    "source": "gov.tw:7320",
    "speed_limit": 50,
    "type": "fixed"
   },
   "type": "Feature"
  },
  {
   "geometry": {
    "coordinates": [
     119.61402,
     23.571623
    ],
    "type": "Point"
   },
   "properties": {
    "bearing": 270.0,
    "city": "澎湖縣",
    "description": "縣道202線成功段1.6K",
    "id": "611b25ac1c02",
    "last_seen": "2026-08-11",
    "section_id": null,
    "section_role": null,
    "source": "gov.tw:7320",
    "speed_limit": 70,
    "type": "fixed"
   },
   "type": "Feature"
  },
  {
   "geometry": {
    "coordinates": [
     119.58647,
     23.65534
    ],
    "type": "Point"
   },
   "properties": {
    "bearing": 0.0,
    "city": "澎湖縣",
    "description": "澎8號道瓦硐段",
    "id": "61353cb71b0a",
    "last_seen": "2026-08-11",
    "section_id": null,
    "section_role": null,
    "source": "gov.tw:7320",
    "speed_limit": 50,
    "type": "fixed"
   },
   "type": "Feature"
  },
  {
   "geometry": {
    "coordinates": [
     120.55724,
     23.712954
    ],
    "type": "Point"
   },
   "properties": {
    "bearing": null,
    "city": "雲林縣",
    "description": "斗六市文化路與大學路口",
    "id": "61772e26af7a",
    "last_seen": "2026-08-11",
    "section_id": null,
    "section_role": null,
    "source": "gov.tw:7320",
    "speed_limit": 50,
    "type": "fixed"
   },
   "type": "Feature"
  },
  {
   "geometry": {
    "coordinates": [
     120.710976,
     24.319153
    ],
    "type": "Point"
   },
   "properties": {
    "bearing": 90.0,
    "city": "臺中市",
    "description": "后科路三段與二圳路口(G6281BA14燈桿)",
    "id": "617bd5eced73",
    "last_seen": "2026-08-11",
    "section_id": null,
    "section_role": null,
    "source": "gov.tw:7320",
    "speed_limit": 60,
    "type": "fixed"
   },
   "type": "Feature"
  },
  {
   "geometry": {
    "coordinates": [
     119.59909,
     23.569069
    ],
    "type": "Point"
   },
   "properties": {
    "bearing": 270.0,
    "city": "澎湖縣",
    "description": "縣道203線與東衛岔路口(兼闖紅燈)",
    "id": "618a62900e05",
    "last_seen": "2026-08-11",
    "section_id": null,
    "section_role": null,
    "source": "gov.tw:7320",
    "speed_limit": 50,
    "type": "fixed"
   },
   "type": "Feature"
  },
  {
   "geometry": {
    "coordinates": [
     120.425064,
     23.464802
    ],
    "type": "Point"
   },
   "properties": {
    "bearing": null,
    "city": "嘉義市",
    "description": "博愛路與自強街口",
    "id": "61a9edcace83",
    "last_seen": "2026-08-11",
    "section_id": null,
    "section_role": null,
    "source": "gov.tw:7320",
    "speed_limit": 50,
    "type": "fixed"
   },
   "type": "Feature"
  },
  {
   "geometry": {
    "coordinates": [
     121.86355,
     25.122597
    ],
    "type": "Point"
   },
   "properties": {
    "bearing": 135.0,
    "city": "新北市",
    "description": "台2線78.4公里處與北34路口（往貢寮方向）",
    "id": "61cdb522559d",
    "last_seen": "2026-08-11",
    "section_id": null,
    "section_role": null,
    "source": "gov.tw:7320",
    "speed_limit": 60,
    "type": "fixed"
   },
   "type": "Feature"
  },
  {
   "geometry": {
    "coordinates": [
     121.50368,
     25.06275
    ],
    "type": "Point"
   },
   "properties": {
    "bearing": 180.0,
    "city": "新北市",
    "description": "環河南路17號前（雙向）",
    "id": "622251d420c8",
    "last_seen": "2026-08-11",
    "section_id": null,
    "section_role": null,
    "source": "gov.tw:7320",
    "speed_limit": 50,
    "type": "fixed"
   },
   "type": "Feature"
  },
  {
   "geometry": {
    "coordinates": [
     120.95467,
     24.87992
    ],
    "type": "Point"
   },
   "properties": {
    "bearing": null,
    "city": "新竹縣",
    "description": "台15線鳳鼻隧道",
    "id": "622f09334fff",
    "last_seen": "2026-08-11",
    "section_id": null,
    "section_role": null,
    "source": "gov.tw:7320",
    "speed_limit": 60,
    "type": "fixed"
   },
   "type": "Feature"
  },
  {
   "geometry": {
    "coordinates": [
     121.323524,
     23.007769
    ],
    "type": "Point"
   },
   "properties": {
    "bearing": null,
    "city": "臺東縣",
    "description": "臺11線126.13K至129.61(小馬)",
    "id": "624cfd54f451",
    "last_seen": "2026-08-11",
    "section_id": null,
    "section_role": null,
    "source": "gov.tw:7320",
    "speed_limit": 60,
    "type": "fixed"
   },
   "type": "Feature"
  },
  {
   "geometry": {
    "coordinates": [
     120.326035,
     22.578098
    ],
    "type": "Point"
   },
   "properties": {
    "bearing": 180.0,
    "city": "高雄市",
    "description": "高速公路接金福路之高架聯絡道南下（離金福路出口900公尺處)",
    "id": "6254e1868ae7",
    "last_seen": "2026-08-11",
    "section_id": null,
    "section_role": null,
    "source": "gov.tw:7320",
    "speed_limit": 40,
    "type": "fixed"
   },
   "type": "Feature"
  },
  {
   "geometry": {
    "coordinates": [
     121.40115,
     24.943188
    ],
    "type": "Point"
   },
   "properties": {
    "bearing": 45.0,
    "city": "新北市",
    "description": "介壽路3段148號前（往土城）",
    "id": "626b3945016e",
    "last_seen": "2026-08-11",
    "section_id": null,
    "section_role": null,
    "source": "gov.tw:7320",
    "speed_limit": 50,
    "type": "fixed"
   },
   "type": "Feature"
  },
  {
   "geometry": {
    "coordinates": [
     120.35717,
     22.96794
    ],
    "type": "Point"
   },
   "properties": {
    "bearing": 270.0,
    "city": "臺南市",
    "description": "市道182線中正路與南屏路口",
    "id": "629c16770e36",
    "last_seen": "2026-08-11",
    "section_id": null,
    "section_role": null,
    "source": "gov.tw:7320",
    "speed_limit": 50,
    "type": "fixed"
   },
   "type": "Feature"
  },
  {
   "geometry": {
    "coordinates": [
     121.203674,
     25.014406
    ],
    "type": "Point"
   },
   "properties": {
    "bearing": null,
    "city": "桃園市",
    "description": "民權路五段65號前",
    "id": "62a433619cb7",
    "last_seen": "2026-08-11",
    "section_id": null,
    "section_role": null,
    "source": "gov.tw:7320",
    "speed_limit": 50,
    "type": "fixed"
   },
   "type": "Feature"
  },
  {
   "geometry": {
    "coordinates": [
     120.58485,
     23.990818
    ],
    "type": "Point"
   },
   "properties": {
    "bearing": null,
    "city": "彰化縣",
    "description": "大村鄉山腳路與學府路口",
    "id": "62c29fe746b8",
    "last_seen": "2026-08-11",
    "section_id": null,
    "section_role": null,
    "source": "gov.tw:7320",
    "speed_limit": 40,
    "type": "fixed"
   },
   "type": "Feature"
  },
  {
   "geometry": {
    "coordinates": [
     120.4732,
     22.883623
    ],
    "type": "Point"
   },
   "properties": {
    "bearing": 90.0,
    "city": "高雄市",
    "description": "台28線29.2公里處",
    "id": "62c9d12ab1de",
    "last_seen": "2026-08-11",
    "section_id": null,
    "section_role": null,
    "source": "gov.tw:7320",
    "speed_limit": 50,
    "type": "fixed"
   },
   "type": "Feature"
  },
  {
   "geometry": {
    "coordinates": [
     121.37548,
     25.07782
    ],
    "type": "Point"
   },
   "properties": {
    "bearing": 225.0,
    "city": "新北市",
    "description": "文化二路1段571號（雙向）",
    "id": "62d31c60d05f",
    "last_seen": "2026-08-11",
    "section_id": null,
    "section_role": null,
    "source": "gov.tw:7320",
    "speed_limit": 50,
    "type": "fixed"
   },
   "type": "Feature"
  },
  {
   "geometry": {
    "coordinates": [
     120.5833,
     23.722673
    ],
    "type": "Point"
   },
   "properties": {
    "bearing": null,
    "city": "雲林縣",
    "description": "斗六市台3線公路247k+450m處(榴中派出所前)",
    "id": "62e2a727f31e",
    "last_seen": "2026-08-11",
    "section_id": null,
    "section_role": null,
    "source": "gov.tw:7320",
    "speed_limit": 50,
    "type": "fixed"
   },
   "type": "Feature"
  },
  {
   "geometry": {
    "coordinates": [
     120.9964,
     24.93193
    ],
    "type": "Point"
   },
   "properties": {
    "bearing": null,
    "city": "新竹縣",
    "description": "濱海公路埔和村189號之1",
    "id": "62f4b7a46c9a",
    "last_seen": "2026-08-11",
    "section_id": null,
    "section_role": null,
    "source": "gov.tw:7320",
    "speed_limit": 60,
    "type": "fixed"
   },
   "type": "Feature"
  },
  {
   "geometry": {
    "coordinates": [
     121.56291,
     24.953762
    ],
    "type": "Point"
   },
   "properties": {
    "bearing": 270.0,
    "city": "新北市",
    "description": "北宜路2段348號對面（往新店）",
    "id": "63100086dbaf",
    "last_seen": "2026-08-11",
    "section_id": null,
    "section_role": null,
    "source": "gov.tw:7320",
    "speed_limit": 50,
    "type": "fixed"
   },
   "type": "Feature"
  },
  {
   "geometry": {
    "coordinates": [
     121.39826,
     25.043957
    ],
    "type": "Point"
   },
   "properties": {
    "bearing": null,
    "city": "新北市",
    "description": "新莊區壽山路（北118線0K至1.2K）（往新莊方向）",
    "id": "63160ff3b462",
    "last_seen": "2026-08-11",
    "section_id": null,
    "section_role": null,
    "source": "gov.tw:7320",
    "speed_limit": 40,
    "type": "fixed"
   },
   "type": "Feature"
  },
  {
   "geometry": {
    "coordinates": [
     120.7308,
     24.33512
    ],
    "type": "Point"
   },
   "properties": {
    "bearing": 180.0,
    "city": "臺中市",
    "description": "后里區三豐路五段(中社花市前)",
    "id": "631f32b39fe7",
    "last_seen": "2026-08-11",
    "section_id": null,
    "section_role": null,
    "source": "gov.tw:7320",
    "speed_limit": 60,
    "type": "fixed"
   },
   "type": "Feature"
  },
  {
   "geometry": {
    "coordinates": [
     121.43192,
     24.965427
    ],
    "type": "Point"
   },
   "properties": {
    "bearing": 90.0,
    "city": "新北市",
    "description": "中央路3段與大安路（往土城交流道）",
    "id": "6340e478e9d9",
    "last_seen": "2026-08-11",
    "section_id": null,
    "section_role": null,
    "source": "gov.tw:7320",
    "speed_limit": 50,
    "type": "fixed"
   },
   "type": "Feature"
  },
  {
   "geometry": {
    "coordinates": [
     121.70153,
     25.162273
    ],
    "type": "Point"
   },
   "properties": {
    "bearing": 90.0,
    "city": "基隆市",
    "description": "北濱公路(台2線)、武聖街144巷口",
    "id": "63646a7a2488",
    "last_seen": "2026-08-11",
    "section_id": null,
    "section_role": null,
    "source": "gov.tw:7320",
    "speed_limit": 50,
    "type": "fixed"
   },
   "type": "Feature"
  },
  {
   "geometry": {
    "coordinates": [
     120.953094,
     24.75506
    ],
    "type": "Point"
   },
   "properties": {
    "bearing": 180.0,
    "city": "新竹市",
    "description": "新竹市香山區景觀大道、五福路二段口",
    "id": "6377fcf5945d",
    "last_seen": "2026-08-11",
    "section_id": null,
    "section_role": null,
    "source": "gov.tw:7320",
    "speed_limit": 50,
    "type": "fixed"
   },
   "type": "Feature"
  },
  {
   "geometry": {
    "coordinates": [
     120.17002,
     23.06164
    ],
    "type": "Point"
   },
   "properties": {
    "bearing": null,
    "city": "臺南市",
    "description": "臺江大道三段近安中路320巷口",
    "id": "63da331083c2",
    "last_seen": "2026-08-11",
    "section_id": null,
    "section_role": null,
    "source": "gov.tw:7320",
    "speed_limit": 70,
    "type": "fixed"
   },
   "type": "Feature"
  },
  {
   "geometry": {
    "coordinates": [
     121.440865,
     24.997871
    ],
    "type": "Point"
   },
   "properties": {
    "bearing": 0.0,
    "city": "新北市",
    "description": "堤外便道1K+900（往板橋）",
    "id": "63e8a90576ed",
    "last_seen": "2026-08-11",
    "section_id": null,
    "section_role": null,
    "source": "gov.tw:7320",
    "speed_limit": 40,
    "type": "fixed"
   },
   "type": "Feature"
  },
  {
   "geometry": {
    "coordinates": [
     118.340614,
     24.441227
    ],
    "type": "Point"
   },
   "properties": {
    "bearing": null,
    "city": "金門縣",
    "description": "金寧鄉伯玉路二段(盤果路口)",
    "id": "642684020d9d",
    "last_seen": "2026-08-11",
    "section_id": null,
    "section_role": null,
    "source": "gov.tw:7320",
    "speed_limit": 70,
    "type": "fixed"
   },
   "type": "Feature"
  },
  {
   "geometry": {
    "coordinates": [
     121.771355,
     24.756819
    ],
    "type": "Point"
   },
   "properties": {
    "bearing": null,
    "city": "宜蘭縣",
    "description": "台9線80k+700m環市東路黎霧橋南端南下",
    "id": "643f2c8b94bb",
    "last_seen": "2026-08-11",
    "section_id": null,
    "section_role": null,
    "source": "gov.tw:7320",
    "speed_limit": 70,
    "type": "fixed"
   },
   "type": "Feature"
  },
  {
   "geometry": {
    "coordinates": [
     120.447655,
     23.462564
    ],
    "type": "Point"
   },
   "properties": {
    "bearing": null,
    "city": "嘉義市",
    "description": "世賢路四段與美源街、興安街口",
    "id": "64413ae4c35a",
    "last_seen": "2026-08-11",
    "section_id": null,
    "section_role": null,
    "source": "gov.tw:7320",
    "speed_limit": 50,
    "type": "fixed"
   },
   "type": "Feature"
  },
  {
   "geometry": {
    "coordinates": [
     120.84806,
     24.01532
    ],
    "type": "Point"
   },
   "properties": {
    "bearing": null,
    "city": "南投縣",
    "description": "臺14線40.1公里處",
    "id": "6444971b0335",
    "last_seen": "2026-08-11",
    "section_id": null,
    "section_role": null,
    "source": "gov.tw:7320",
    "speed_limit": 70,
    "type": "fixed"
   },
   "type": "Feature"
  },
  {
   "geometry": {
    "coordinates": [
     120.35681,
     22.654182
    ],
    "type": "Point"
   },
   "properties": {
    "bearing": null,
    "city": "高雄市",
    "description": "鳥松區大埤路32號自來水廠前",
    "id": "645d56ed490a",
    "last_seen": "2026-08-11",
    "section_id": null,
    "section_role": null,
    "source": "gov.tw:7320",
    "speed_limit": 50,
    "type": "fixed"
   },
   "type": "Feature"
  },
  {
   "geometry": {
    "coordinates": [
     120.78141,
     24.494358
    ],
    "type": "Point"
   },
   "properties": {
    "bearing": null,
    "city": "苗栗縣",
    "description": "台13線與縣道128線口處",
    "id": "647cd1e2f73b",
    "last_seen": "2026-08-11",
    "section_id": null,
    "section_role": null,
    "source": "gov.tw:7320",
    "speed_limit": 60,
    "type": "fixed"
   },
   "type": "Feature"
  },
  {
   "geometry": {
    "coordinates": [
     120.4515,
     23.498264
    ],
    "type": "Point"
   },
   "properties": {
    "bearing": null,
    "city": "嘉義市",
    "description": "忠孝路與義教街口",
    "id": "64c06cafd797",
    "last_seen": "2026-08-11",
    "section_id": null,
    "section_role": null,
    "source": "gov.tw:7320",
    "speed_limit": 50,
    "type": "fixed"
   },
   "type": "Feature"
  },
  {
   "geometry": {
    "coordinates": [
     120.421616,
     22.924803
    ],
    "type": "Point"
   },
   "properties": {
    "bearing": null,
    "city": "高雄市",
    "description": "內門區市道182號28.9K至31.8K",
    "id": "64e6997d4ca8",
    "last_seen": "2026-08-11",
    "section_id": null,
    "section_role": null,
    "source": "gov.tw:7320",
    "speed_limit": 50,
    "type": "fixed"
   },
   "type": "Feature"
  },
  {
   "geometry": {
    "coordinates": [
     120.69852,
     24.05517
    ],
    "type": "Point"
   },
   "properties": {
    "bearing": 180.0,
    "city": "臺中市",
    "description": "霧峰區林森路與草湖路口",
    "id": "654e637f0e0c",
    "last_seen": "2026-08-11",
    "section_id": null,
    "section_role": null,
    "source": "gov.tw:7320",
    "speed_limit": 60,
    "type": "fixed"
   },
   "type": "Feature"
  },
  {
   "geometry": {
    "coordinates": [
     121.39088,
     25.12536
    ],
    "type": "Point"
   },
   "properties": {
    "bearing": 0.0,
    "city": "新北市",
    "description": "中華路3段236號長坑國小前（往八里）",
    "id": "65ad25607022",
    "last_seen": "2026-08-11",
    "section_id": null,
    "section_role": null,
    "source": "gov.tw:7320",
    "speed_limit": 40,
    "type": "fixed"
   },
   "type": "Feature"
  },
  {
   "geometry": {
    "coordinates": [
     120.32285,
     22.84498
    ],
    "type": "Point"
   },
   "properties": {
    "bearing": 0.0,
    "city": "高雄市",
    "description": "復安路與玉庫路口(台19甲線往阿蓮市區)",
    "id": "65c8245f6d2b",
    "last_seen": "2026-08-11",
    "section_id": null,
    "section_role": null,
    "source": "gov.tw:7320",
    "speed_limit": 50,
    "type": "fixed"
   },
   "type": "Feature"
  },
  {
   "geometry": {
    "coordinates": [
     120.56561,
     24.088907
    ],
    "type": "Point"
   },
   "properties": {
    "bearing": 180.0,
    "city": "彰化縣",
    "description": "彰化市中山路3段與彰南路1段口",
    "id": "65d531c16ca5",
    "last_seen": "2026-08-11",
    "section_id": null,
    "section_role": null,
    "source": "gov.tw:7320",
    "speed_limit": 50,
    "type": "fixed"
   },
   "type": "Feature"
  },
  {
   "geometry": {
    "coordinates": [
     120.59788,
     22.774559
    ],
    "type": "Point"
   },
   "properties": {
    "bearing": null,
    "city": "屏東縣",
    "description": "世一路1號",
    "id": "66029f35e67d",
    "last_seen": "2026-08-11",
    "section_id": null,
    "section_role": null,
    "source": "gov.tw:7320",
    "speed_limit": 50,
    "type": "fixed"
   },
   "type": "Feature"
  },
  {
   "geometry": {
    "coordinates": [
     121.646545,
     25.21232
    ],
    "type": "Point"
   },
   "properties": {
    "bearing": 135.0,
    "city": "新北市",
    "description": "台2線43.5公里大鵬派出所前（往基隆）",
    "id": "661010e06ed3",
    "last_seen": "2026-08-11",
    "section_id": null,
    "section_role": null,
    "source": "gov.tw:7320",
    "speed_limit": 50,
    "type": "fixed"
   },
   "type": "Feature"
  },
  {
   "geometry": {
    "coordinates": [
     120.40746,
     24.0669
    ],
    "type": "Point"
   },
   "properties": {
    "bearing": 180.0,
    "city": "臺中市",
    "description": "大里區國光路二段505號前",
    "id": "6611b1f478f1",
    "last_seen": "2026-08-11",
    "section_id": null,
    "section_role": null,
    "source": "gov.tw:7320",
    "speed_limit": 50,
    "type": "fixed"
   },
   "type": "Feature"
  },
  {
   "geometry": {
    "coordinates": [
     120.60919,
     22.46825
    ],
    "type": "Point"
   },
   "properties": {
    "bearing": null,
    "city": "屏東縣",
    "description": "185線56.9K",
    "id": "662cf979cc72",
    "last_seen": "2026-08-11",
    "section_id": null,
    "section_role": null,
    "source": "gov.tw:7320",
    "speed_limit": 60,
    "type": "fixed"
   },
   "type": "Feature"
  },
  {
   "geometry": {
    "coordinates": [
     121.30966,
     22.980171
    ],
    "type": "Point"
   },
   "properties": {
    "bearing": null,
    "city": "臺東縣",
    "description": "臺11線129.61至126.13K(小馬)",
    "id": "663f77cbfc8d",
    "last_seen": "2026-08-11",
    "section_id": null,
    "section_role": null,
    "source": "gov.tw:7320",
    "speed_limit": 60,
    "type": "fixed"
   },
   "type": "Feature"
  },
  {
   "geometry": {
    "coordinates": [
     121.54622,
     24.96975
    ],
    "type": "Point"
   },
   "properties": {
    "bearing": 225.0,
    "city": "新北市",
    "description": "中興路2段39號前（往碧潭或景美）",
    "id": "667212d210e3",
    "last_seen": "2026-08-11",
    "section_id": null,
    "section_role": null,
    "source": "gov.tw:7320",
    "speed_limit": 50,
    "type": "fixed"
   },
   "type": "Feature"
  },
  {
   "geometry": {
    "coordinates": [
     120.28276,
     22.678333
    ],
    "type": "Point"
   },
   "properties": {
    "bearing": 0.0,
    "city": "高雄市",
    "description": "左營區先鋒路293號對面",
    "id": "66892f80e814",
    "last_seen": "2026-08-11",
    "section_id": null,
    "section_role": null,
    "source": "gov.tw:7320",
    "speed_limit": 40,
    "type": "fixed"
   },
   "type": "Feature"
  },
  {
   "geometry": {
    "coordinates": [
     121.55749,
     25.06205
    ],
    "type": "Point"
   },
   "properties": {
    "bearing": null,
    "city": "臺北市",
    "description": "民權東路4段民權公園前",
    "id": "66989252379e",
    "last_seen": "2026-08-11",
    "section_id": null,
    "section_role": null,
    "source": "gov.tw:7320",
    "speed_limit": 50,
    "type": "fixed"
   },
   "type": "Feature"
  },
  {
   "geometry": {
    "coordinates": [
     121.5559,
     25.011496
    ],
    "type": "Point"
   },
   "properties": {
    "bearing": null,
    "city": "臺北市",
    "description": "辛亥隧道區間測速",
    "id": "669a1e493560",
    "last_seen": "2026-08-11",
    "section_id": null,
    "section_role": null,
    "source": "gov.tw:7320",
    "speed_limit": 50,
    "type": "fixed"
   },
   "type": "Feature"
  },
  {
   "geometry": {
    "coordinates": [
     121.15602,
     25.053802
    ],
    "type": "Point"
   },
   "properties": {
    "bearing": null,
    "city": "桃園市",
    "description": "大觀路一段80號前",
    "id": "66e68d1b86f5",
    "last_seen": "2026-08-11",
    "section_id": null,
    "section_role": null,
    "source": "gov.tw:7320",
    "speed_limit": 50,
    "type": "fixed"
   },
   "type": "Feature"
  },
  {
   "geometry": {
    "coordinates": [
     121.59436,
     23.995966
    ],
    "type": "Point"
   },
   "properties": {
    "bearing": null,
    "city": "花蓮縣",
    "description": "花蓮市中央路與中山路口",
    "id": "670443a712d0",
    "last_seen": "2026-08-11",
    "section_id": null,
    "section_role": null,
    "source": "gov.tw:7320",
    "speed_limit": 50,
    "type": "fixed"
   },
   "type": "Feature"
  },
  {
   "geometry": {
    "coordinates": [
     120.25645,
     23.59391
    ],
    "type": "Point"
   },
   "properties": {
    "bearing": null,
    "city": "雲林縣",
    "description": "水林鄉雲 156 縣道 1k+700m (水林鄉 51-2 號)",
    "id": "672574d22d5d",
    "last_seen": "2026-08-11",
    "section_id": null,
    "section_role": null,
    "source": "gov.tw:7320",
    "speed_limit": 50,
    "type": "fixed"
   },
   "type": "Feature"
  },
  {
   "geometry": {
    "coordinates": [
     121.762505,
     25.06859
    ],
    "type": "Point"
   },
   "properties": {
    "bearing": null,
    "city": "基隆市",
    "description": "基平隧道5K+120往基隆",
    "id": "672b58bcb59a",
    "last_seen": "2026-08-11",
    "section_id": null,
    "section_role": null,
    "source": "gov.tw:7320",
    "speed_limit": 50,
    "type": "fixed"
   },
   "type": "Feature"
  },
  {
   "geometry": {
    "coordinates": [
     120.57575,
     24.093752
    ],
    "type": "Point"
   },
   "properties": {
    "bearing": 180.0,
    "city": "彰化縣",
    "description": "彰化市金馬東路與金馬東路317巷口",
    "id": "675bb953d026",
    "last_seen": "2026-08-11",
    "section_id": null,
    "section_role": null,
    "source": "gov.tw:7320",
    "speed_limit": 70,
    "type": "fixed"
   },
   "type": "Feature"
  },
  {
   "geometry": {
    "coordinates": [
     120.278656,
     23.796333
    ],
    "type": "Point"
   },
   "properties": {
    "bearing": 180.0,
    "city": "雲林縣",
    "description": "麥寮鄉台17線公路與154縣道路口(橋頭)",
    "id": "67642691cfe3",
    "last_seen": "2026-08-11",
    "section_id": null,
    "section_role": null,
    "source": "gov.tw:7320",
    "speed_limit": 60,
    "type": "fixed"
   },
   "type": "Feature"
  },
  {
   "geometry": {
    "coordinates": [
     121.08766,
     24.83135
    ],
    "type": "Point"
   },
   "properties": {
    "bearing": 270.0,
    "city": "新竹縣",
    "description": "楊新路楊新路一段322號",
    "id": "678c7727b756",
    "last_seen": "2026-08-11",
    "section_id": null,
    "section_role": null,
    "source": "gov.tw:7320",
    "speed_limit": 50,
    "type": "fixed"
   },
   "type": "Feature"
  },
  {
   "geometry": {
    "coordinates": [
     120.56328,
     23.9462
    ],
    "type": "Point"
   },
   "properties": {
    "bearing": 180.0,
    "city": "彰化縣",
    "description": "員林市(埔心鄉)中山路1段與柳橋東路口",
    "id": "67bc82572df2",
    "last_seen": "2026-08-11",
    "section_id": null,
    "section_role": null,
    "source": "gov.tw:7320",
    "speed_limit": 60,
    "type": "fixed"
   },
   "type": "Feature"
  },
  {
   "geometry": {
    "coordinates": [
     120.690674,
     23.907316
    ],
    "type": "Point"
   },
   "properties": {
    "bearing": null,
    "city": "南投縣",
    "description": "臺14乙線及南陽路口",
    "id": "67effdda4dca",
    "last_seen": "2026-08-11",
    "section_id": null,
    "section_role": null,
    "source": "gov.tw:7320",
    "speed_limit": 50,
    "type": "fixed"
   },
   "type": "Feature"
  },
  {
   "geometry": {
    "coordinates": [
     121.72598,
     25.103748
    ],
    "type": "Point"
   },
   "properties": {
    "bearing": 180.0,
    "city": "基隆市",
    "description": "八堵路185巷口(南下)",
    "id": "67fda116c5f4",
    "last_seen": "2026-08-11",
    "section_id": null,
    "section_role": null,
    "source": "gov.tw:7320",
    "speed_limit": 50,
    "type": "fixed"
   },
   "type": "Feature"
  },
  {
   "geometry": {
    "coordinates": [
     121.586845,
     25.048782
    ],
    "type": "Point"
   },
   "properties": {
    "bearing": 270.0,
    "city": "臺北市",
    "description": "忠孝東路6段159巷口",
    "id": "6845377976ae",
    "last_seen": "2026-08-11",
    "section_id": null,
    "section_role": null,
    "source": "gov.tw:7320",
    "speed_limit": 50,
    "type": "fixed"
   },
   "type": "Feature"
  },
  {
   "geometry": {
    "coordinates": [
     120.56641,
     24.23361
    ],
    "type": "Point"
   },
   "properties": {
    "bearing": 180.0,
    "city": "臺中市",
    "description": "沙鹿區臺灣大道七段與英才路口",
    "id": "6847c84b8fd5",
    "last_seen": "2026-08-11",
    "section_id": null,
    "section_role": null,
    "source": "gov.tw:7320",
    "speed_limit": 60,
    "type": "fixed"
   },
   "type": "Feature"
  },
  {
   "geometry": {
    "coordinates": [
     121.03028,
     24.78785
    ],
    "type": "Point"
   },
   "properties": {
    "bearing": 270.0,
    "city": "新竹縣",
    "description": "公道路616號前",
    "id": "6861c29c61d5",
    "last_seen": "2026-08-11",
    "section_id": null,
    "section_role": null,
    "source": "gov.tw:7320",
    "speed_limit": 50,
    "type": "fixed"
   },
   "type": "Feature"
  },
  {
   "geometry": {
    "coordinates": [
     121.35199,
     24.85182
    ],
    "type": "Point"
   },
   "properties": {
    "bearing": null,
    "city": "桃園市",
    "description": "台七乙線8.8K處",
    "id": "689055de7376",
    "last_seen": "2026-08-11",
    "section_id": null,
    "section_role": null,
    "source": "gov.tw:7320",
    "speed_limit": 40,
    "type": "fixed"
   },
   "type": "Feature"
  },
  {
   "geometry": {
    "coordinates": [
     121.0167,
     22.640696
    ],
    "type": "Point"
   },
   "properties": {
    "bearing": null,
    "city": "臺東縣",
    "description": "臺9線383.65K(代天宮)",
    "id": "68f9f249fc09",
    "last_seen": "2026-08-11",
    "section_id": null,
    "section_role": null,
    "source": "gov.tw:7320",
    "speed_limit": 60,
    "type": "fixed"
   },
   "type": "Feature"
  },
  {
   "geometry": {
    "coordinates": [
     120.497734,
     22.654818
    ],
    "type": "Point"
   },
   "properties": {
    "bearing": null,
    "city": "屏東縣",
    "description": "和生路一段與工業六路口",
    "id": "69409e4c9772",
    "last_seen": "2026-08-11",
    "section_id": null,
    "section_role": null,
    "source": "gov.tw:7320",
    "speed_limit": 60,
    "type": "fixed"
   },
   "type": "Feature"
  },
  {
   "geometry": {
    "coordinates": [
     120.93832,
     24.751755
    ],
    "type": "Point"
   },
   "properties": {
    "bearing": 180.0,
    "city": "新竹市",
    "description": "新竹市香山區五福路二段120巷口",
    "id": "694b9b9cc5cc",
    "last_seen": "2026-08-11",
    "section_id": null,
    "section_role": null,
    "source": "gov.tw:7320",
    "speed_limit": 50,
    "type": "fixed"
   },
   "type": "Feature"
  },
  {
   "geometry": {
    "coordinates": [
     120.47478,
     23.667603
    ],
    "type": "Point"
   },
   "properties": {
    "bearing": 180.0,
    "city": "雲林縣",
    "description": "斗南鎮台1線僑真國小前",
    "id": "69a61e24808b",
    "last_seen": "2026-08-11",
    "section_id": null,
    "section_role": null,
    "source": "gov.tw:7320",
    "speed_limit": 50,
    "type": "fixed"
   },
   "type": "Feature"
  },
  {
   "geometry": {
    "coordinates": [
     120.26395,
     23.647627
    ],
    "type": "Point"
   },
   "properties": {
    "bearing": null,
    "city": "雲林縣",
    "description": "四湖鄉 160 縣道 12k+600m 處",
    "id": "69aac6c188ae",
    "last_seen": "2026-08-11",
    "section_id": null,
    "section_role": null,
    "source": "gov.tw:7320",
    "speed_limit": 60,
    "type": "fixed"
   },
   "type": "Feature"
  },
  {
   "geometry": {
    "coordinates": [
     120.62428,
     22.88964
    ],
    "type": "Point"
   },
   "properties": {
    "bearing": 180.0,
    "city": "高雄市",
    "description": "台28線茂林國家風景區管理處前路口",
    "id": "69d9417d34e7",
    "last_seen": "2026-08-11",
    "section_id": null,
    "section_role": null,
    "source": "gov.tw:7320",
    "speed_limit": 50,
    "type": "fixed"
   },
   "type": "Feature"
  },
  {
   "geometry": {
    "coordinates": [
     121.7668,
     24.347893
    ],
    "type": "Point"
   },
   "properties": {
    "bearing": null,
    "city": "宜蘭縣",
    "description": "台9線139k+667m谷風隧道北上",
    "id": "69ffd5a10803",
    "last_seen": "2026-08-11",
    "section_id": null,
    "section_role": null,
    "source": "gov.tw:7320",
    "speed_limit": 70,
    "type": "fixed"
   },
   "type": "Feature"
  },
  {
   "geometry": {
    "coordinates": [
     121.49871,
     25.107931
    ],
    "type": "Point"
   },
   "properties": {
    "bearing": 180.0,
    "city": "臺北市",
    "description": "洲美快速道路(南向避車彎處)",
    "id": "6a62208d497e",
    "last_seen": "2026-08-11",
    "section_id": null,
    "section_role": null,
    "source": "gov.tw:7320",
    "speed_limit": 80,
    "type": "fixed"
   },
   "type": "Feature"
  },
  {
   "geometry": {
    "coordinates": [
     120.24383,
     23.455318
    ],
    "type": "Point"
   },
   "properties": {
    "bearing": null,
    "city": "嘉義縣",
    "description": "朴子市光復新路與台19線路口",
    "id": "6a6ff6ac146e",
    "last_seen": "2026-08-11",
    "section_id": null,
    "section_role": null,
    "source": "gov.tw:7320",
    "speed_limit": 50,
    "type": "fixed"
   },
   "type": "Feature"
  },
  {
   "geometry": {
    "coordinates": [
     120.47123,
     23.647614
    ],
    "type": "Point"
   },
   "properties": {
    "bearing": 180.0,
    "city": "雲林縣",
    "description": "台1線公路246k+400m處(豐田段)",
    "id": "6a9e206ad7e2",
    "last_seen": "2026-08-11",
    "section_id": null,
    "section_role": null,
    "source": "gov.tw:7320",
    "speed_limit": 70,
    "type": "fixed"
   },
   "type": "Feature"
  },
  {
   "geometry": {
    "coordinates": [
     121.13055,
     22.76834
    ],
    "type": "Point"
   },
   "properties": {
    "bearing": null,
    "city": "臺東縣",
    "description": "中興路2段138巷與水防道路岔口處(太平溪右岸光明社區)",
    "id": "6abe78b787bd",
    "last_seen": "2026-08-11",
    "section_id": null,
    "section_role": null,
    "source": "gov.tw:7320",
    "speed_limit": 50,
    "type": "fixed"
   },
   "type": "Feature"
  },
  {
   "geometry": {
    "coordinates": [
     121.77228,
     25.13217
    ],
    "type": "Point"
   },
   "properties": {
    "bearing": 0.0,
    "city": "基隆市",
    "description": "台62甲1號隧道出口(0.7K處)",
    "id": "6adff3973871",
    "last_seen": "2026-08-11",
    "section_id": null,
    "section_role": null,
    "source": "gov.tw:7320",
    "speed_limit": 50,
    "type": "fixed"
   },
   "type": "Feature"
  },
  {
   "geometry": {
    "coordinates": [
     120.499374,
     22.705809
    ],
    "type": "Point"
   },
   "properties": {
    "bearing": null,
    "city": "屏東縣",
    "description": "台3線428.15K",
    "id": "6b0a2cb5a652",
    "last_seen": "2026-08-11",
    "section_id": null,
    "section_role": null,
    "source": "gov.tw:7320",
    "speed_limit": 70,
    "type": "fixed"
   },
   "type": "Feature"
  },
  {
   "geometry": {
    "coordinates": [
     121.697014,
     25.128988
    ],
    "type": "Point"
   },
   "properties": {
    "bearing": 270.0,
    "city": "基隆市",
    "description": "台62線快速道路1.7K至0.7K(瑪陵隧道東往西)區間測速",
    "id": "6b1d35afd57e",
    "last_seen": "2026-08-11",
    "section_id": null,
    "section_role": null,
    "source": "gov.tw:7320",
    "speed_limit": 70,
    "type": "fixed"
   },
   "type": "Feature"
  },
  {
   "geometry": {
    "coordinates": [
     120.36719,
     22.659475
    ],
    "type": "Point"
   },
   "properties": {
    "bearing": null,
    "city": "高雄市",
    "description": "神農路54-6號前",
    "id": "6b353d09ad18",
    "last_seen": "2026-08-11",
    "section_id": null,
    "section_role": null,
    "source": "gov.tw:7320",
    "speed_limit": 60,
    "type": "fixed"
   },
   "type": "Feature"
  },
  {
   "geometry": {
    "coordinates": [
     121.18032,
     24.958342
    ],
    "type": "Point"
   },
   "properties": {
    "bearing": null,
    "city": "桃園市",
    "description": "民族路雙連一段168號前",
    "id": "6b4044edc88a",
    "last_seen": "2026-08-11",
    "section_id": null,
    "section_role": null,
    "source": "gov.tw:7320",
    "speed_limit": 50,
    "type": "fixed"
   },
   "type": "Feature"
  },
  {
   "geometry": {
    "coordinates": [
     120.320145,
     22.732939
    ],
    "type": "Point"
   },
   "properties": {
    "bearing": 0.0,
    "city": "高雄市",
    "description": "高楠公路與德民路口",
    "id": "6b5da34a75b4",
    "last_seen": "2026-08-11",
    "section_id": null,
    "section_role": null,
    "source": "gov.tw:7320",
    "speed_limit": 60,
    "type": "fixed"
   },
   "type": "Feature"
  },
  {
   "geometry": {
    "coordinates": [
     120.42081,
     22.932732
    ],
    "type": "Point"
   },
   "properties": {
    "bearing": null,
    "city": "臺南市",
    "description": "市道182線28.23K處",
    "id": "6be1d1bda7bf",
    "last_seen": "2026-08-11",
    "section_id": null,
    "section_role": null,
    "source": "gov.tw:7320",
    "speed_limit": 50,
    "type": "fixed"
   },
   "type": "Feature"
  },
  {
   "geometry": {
    "coordinates": [
     121.214294,
     24.984001
    ],
    "type": "Point"
   },
   "properties": {
    "bearing": null,
    "city": "桃園市",
    "description": "中豐北路與大圳路一段口",
    "id": "6be214cac424",
    "last_seen": "2026-08-11",
    "section_id": null,
    "section_role": null,
    "source": "gov.tw:7320",
    "speed_limit": 50,
    "type": "fixed"
   },
   "type": "Feature"
  },
  {
   "geometry": {
    "coordinates": [
     120.29493,
     23.099846
    ],
    "type": "Point"
   },
   "properties": {
    "bearing": null,
    "city": "臺南市",
    "description": "臺19甲線28公里處",
    "id": "6c07b12037f2",
    "last_seen": "2026-08-11",
    "section_id": null,
    "section_role": null,
    "source": "gov.tw:7320",
    "speed_limit": 70,
    "type": "fixed"
   },
   "type": "Feature"
  },
  {
   "geometry": {
    "coordinates": [
     120.57901,
     23.382618
    ],
    "type": "Point"
   },
   "properties": {
    "bearing": null,
    "city": "嘉義縣",
    "description": "中埔鄉台3線305.8K",
    "id": "6c1eb184a14f",
    "last_seen": "2026-08-11",
    "section_id": null,
    "section_role": null,
    "source": "gov.tw:7320",
    "speed_limit": 40,
    "type": "fixed"
   },
   "type": "Feature"
  },
  {
   "geometry": {
    "coordinates": [
     120.28565,
     23.461458
    ],
    "type": "Point"
   },
   "properties": {
    "bearing": null,
    "city": "嘉義縣",
    "description": "朴子市168線與朴子七路路口",
    "id": "6c25e9951293",
    "last_seen": "2026-08-11",
    "section_id": null,
    "section_role": null,
    "source": "gov.tw:7320",
    "speed_limit": 50,
    "type": "fixed"
   },
   "type": "Feature"
  },
  {
   "geometry": {
    "coordinates": [
     121.19631,
     24.920986
    ],
    "type": "Point"
   },
   "properties": {
    "bearing": null,
    "city": "桃園市",
    "description": "南平路二段與南平路二段333巷口旁",
    "id": "6c27dc656716",
    "last_seen": "2026-08-11",
    "section_id": null,
    "section_role": null,
    "source": "gov.tw:7320",
    "speed_limit": 50,
    "type": "fixed"
   },
   "type": "Feature"
  },
  {
   "geometry": {
    "coordinates": [
     120.490395,
     22.454191
    ],
    "type": "Point"
   },
   "properties": {
    "bearing": null,
    "city": "屏東縣",
    "description": "台17線259.8K大潭路段",
    "id": "6c854e4cdcf9",
    "last_seen": "2026-08-11",
    "section_id": null,
    "section_role": null,
    "source": "gov.tw:7320",
    "speed_limit": 70,
    "type": "fixed"
   },
   "type": "Feature"
  },
  {
   "geometry": {
    "coordinates": [
     121.44629,
     25.193409
    ],
    "type": "Point"
   },
   "properties": {
    "bearing": 180.0,
    "city": "新北市",
    "description": "台2線8.1公里與埤島里（往臺北）",
    "id": "6c9c6667c611",
    "last_seen": "2026-08-11",
    "section_id": null,
    "section_role": null,
    "source": "gov.tw:7320",
    "speed_limit": 70,
    "type": "fixed"
   },
   "type": "Feature"
  },
  {
   "geometry": {
    "coordinates": [
     120.81526,
     24.590336
    ],
    "type": "Point"
   },
   "properties": {
    "bearing": 270.0,
    "city": "苗栗縣",
    "description": "英才路與文發路 口",
    "id": "6c9ecc07d4ac",
    "last_seen": "2026-08-11",
    "section_id": null,
    "section_role": null,
    "source": "gov.tw:7320",
    "speed_limit": 50,
    "type": "fixed"
   },
   "type": "Feature"
  },
  {
   "geometry": {
    "coordinates": [
     121.32926,
     24.79799
    ],
    "type": "Point"
   },
   "properties": {
    "bearing": null,
    "city": "桃園市",
    "description": "桃118縣道52.5K處",
    "id": "6cad3050f94a",
    "last_seen": "2026-08-11",
    "section_id": null,
    "section_role": null,
    "source": "gov.tw:7320",
    "speed_limit": 30,
    "type": "fixed"
   },
   "type": "Feature"
  },
  {
   "geometry": {
    "coordinates": [
     120.919235,
     24.78108
    ],
    "type": "Point"
   },
   "properties": {
    "bearing": 0.0,
    "city": "新竹市",
    "description": "中華路五段320巷口",
    "id": "6cb7861f2f18",
    "last_seen": "2026-08-11",
    "section_id": null,
    "section_role": null,
    "source": "gov.tw:7320",
    "speed_limit": 60,
    "type": "fixed"
   },
   "type": "Feature"
  },
  {
   "geometry": {
    "coordinates": [
     120.21477,
     23.067614
    ],
    "type": "Point"
   },
   "properties": {
    "bearing": null,
    "city": "臺南市",
    "description": "北安路4段548巷近長和街口",
    "id": "6cfede616f87",
    "last_seen": "2026-08-11",
    "section_id": null,
    "section_role": null,
    "source": "gov.tw:7320",
    "speed_limit": 60,
    "type": "fixed"
   },
   "type": "Feature"
  },
  {
   "geometry": {
    "coordinates": [
     120.91287,
     24.690542
    ],
    "type": "Point"
   },
   "properties": {
    "bearing": 0.0,
    "city": "苗栗縣",
    "description": "中華路與自強路口",
    "id": "6d1b09c8f027",
    "last_seen": "2026-08-11",
    "section_id": null,
    "section_role": null,
    "source": "gov.tw:7320",
    "speed_limit": 60,
    "type": "fixed"
   },
   "type": "Feature"
  },
  {
   "geometry": {
    "coordinates": [
     121.552155,
     25.04448
    ],
    "type": "Point"
   },
   "properties": {
    "bearing": null,
    "city": "臺北市",
    "description": "市民高架道下光復南路",
    "id": "6d2b3010e35b",
    "last_seen": "2026-08-11",
    "section_id": null,
    "section_role": null,
    "source": "gov.tw:7320",
    "speed_limit": 80,
    "type": "fixed"
   },
   "type": "Feature"
  },
  {
   "geometry": {
    "coordinates": [
     121.980156,
     25.0229
    ],
    "type": "Point"
   },
   "properties": {
    "bearing": 135.0,
    "city": "新北市",
    "description": "台2線104.6公里處（往宜蘭或瑞芳）",
    "id": "6d2e395c5ea2",
    "last_seen": "2026-08-11",
    "section_id": null,
    "section_role": null,
    "source": "gov.tw:7320",
    "speed_limit": 50,
    "type": "fixed"
   },
   "type": "Feature"
  },
  {
   "geometry": {
    "coordinates": [
     121.24468,
     25.041563
    ],
    "type": "Point"
   },
   "properties": {
    "bearing": null,
    "city": "桃園市",
    "description": "南青路與大華北街口(台31線往南崁方向)",
    "id": "6d6469ab1a91",
    "last_seen": "2026-08-11",
    "section_id": null,
    "section_role": null,
    "source": "gov.tw:7320",
    "speed_limit": 60,
    "type": "fixed"
   },
   "type": "Feature"
  },
  {
   "geometry": {
    "coordinates": [
     118.40811,
     24.44457
    ],
    "type": "Point"
   },
   "properties": {
    "bearing": null,
    "city": "金門縣",
    "description": "金湖鎮太湖路一段(塔后70號對面)",
    "id": "6d65e881f24d",
    "last_seen": "2026-08-11",
    "section_id": null,
    "section_role": null,
    "source": "gov.tw:7320",
    "speed_limit": 50,
    "type": "fixed"
   },
   "type": "Feature"
  },
  {
   "geometry": {
    "coordinates": [
     120.28429,
     22.647367
    ],
    "type": "Point"
   },
   "properties": {
    "bearing": null,
    "city": "高雄市",
    "description": "同盟三路與十全三路口往西220公尺處",
    "id": "6d85d88c19fb",
    "last_seen": "2026-08-11",
    "section_id": null,
    "section_role": null,
    "source": "gov.tw:7320",
    "speed_limit": 50,
    "type": "fixed"
   },
   "type": "Feature"
  },
  {
   "geometry": {
    "coordinates": [
     121.10084,
     22.77357
    ],
    "type": "Point"
   },
   "properties": {
    "bearing": null,
    "city": "臺東縣",
    "description": "臺9線362.65K(中興陸橋南端)",
    "id": "6dff73be82eb",
    "last_seen": "2026-08-11",
    "section_id": null,
    "section_role": null,
    "source": "gov.tw:7320",
    "speed_limit": 60,
    "type": "fixed"
   },
   "type": "Feature"
  },
  {
   "geometry": {
    "coordinates": [
     120.680534,
     22.741022
    ],
    "type": "Point"
   },
   "properties": {
    "bearing": null,
    "city": "屏東縣",
    "description": "台24線27.98K",
    "id": "6e8f8751220f",
    "last_seen": "2026-08-11",
    "section_id": null,
    "section_role": null,
    "source": "gov.tw:7320",
    "speed_limit": 30,
    "type": "fixed"
   },
   "type": "Feature"
  },
  {
   "geometry": {
    "coordinates": [
     120.54353,
     22.526873
    ],
    "type": "Point"
   },
   "properties": {
    "bearing": null,
    "city": "屏東縣",
    "description": "189線27.35K",
    "id": "6e9ea68ae6da",
    "last_seen": "2026-08-11",
    "section_id": null,
    "section_role": null,
    "source": "gov.tw:7320",
    "speed_limit": 60,
    "type": "fixed"
   },
   "type": "Feature"
  },
  {
   "geometry": {
    "coordinates": [
     119.58859,
     23.56911
    ],
    "type": "Point"
   },
   "properties": {
    "bearing": 270.0,
    "city": "澎湖縣",
    "description": "縣道203線西文里97-2號",
    "id": "6ef8f9a39f5a",
    "last_seen": "2026-08-11",
    "section_id": null,
    "section_role": null,
    "source": "gov.tw:7320",
    "speed_limit": 50,
    "type": "fixed"
   },
   "type": "Feature"
  },
  {
   "geometry": {
    "coordinates": [
     120.28646,
     22.831896
    ],
    "type": "Point"
   },
   "properties": {
    "bearing": 0.0,
    "city": "高雄市",
    "description": "復興路與復興路1133巷口",
    "id": "6f17aedcf510",
    "last_seen": "2026-08-11",
    "section_id": null,
    "section_role": null,
    "source": "gov.tw:7320",
    "speed_limit": 50,
    "type": "fixed"
   },
   "type": "Feature"
  },
  {
   "geometry": {
    "coordinates": [
     119.63424,
     23.56028
    ],
    "type": "Point"
   },
   "properties": {
    "bearing": 45.0,
    "city": "澎湖縣",
    "description": "縣道204線隘門段6.7K",
    "id": "6f359e217128",
    "last_seen": "2026-08-11",
    "section_id": null,
    "section_role": null,
    "source": "gov.tw:7320",
    "speed_limit": 50,
    "type": "fixed"
   },
   "type": "Feature"
  },
  {
   "geometry": {
    "coordinates": [
     120.51865,
     22.540958
    ],
    "type": "Point"
   },
   "properties": {
    "bearing": 180.0,
    "city": "屏東縣",
    "description": "屏75線3.8K崁頂南二高平面道路路口",
    "id": "6f439d271347",
    "last_seen": "2026-08-11",
    "section_id": null,
    "section_role": null,
    "source": "gov.tw:7320",
    "speed_limit": 50,
    "type": "fixed"
   },
   "type": "Feature"
  },
  {
   "geometry": {
    "coordinates": [
     120.176,
     22.937895
    ],
    "type": "Point"
   },
   "properties": {
    "bearing": 180.0,
    "city": "臺南市",
    "description": "濱南路與喜樹路340巷口",
    "id": "6f522d10c009",
    "last_seen": "2026-08-11",
    "section_id": null,
    "section_role": null,
    "source": "gov.tw:7320",
    "speed_limit": 50,
    "type": "fixed"
   },
   "type": "Feature"
  },
  {
   "geometry": {
    "coordinates": [
     121.0357,
     24.79509
    ],
    "type": "Point"
   },
   "properties": {
    "bearing": 270.0,
    "city": "新竹縣",
    "description": "台68線12公里處",
    "id": "6f9d8598bcd4",
    "last_seen": "2026-08-11",
    "section_id": null,
    "section_role": null,
    "source": "gov.tw:7320",
    "speed_limit": 90,
    "type": "fixed"
   },
   "type": "Feature"
  },
  {
   "geometry": {
    "coordinates": [
     121.31854,
     24.961102
    ],
    "type": "Point"
   },
   "properties": {
    "bearing": 90.0,
    "city": "桃園市",
    "description": "和強路58號前",
    "id": "6fbe6cd584c0",
    "last_seen": "2026-08-11",
    "section_id": null,
    "section_role": null,
    "source": "gov.tw:7320",
    "speed_limit": 50,
    "type": "fixed"
   },
   "type": "Feature"
  },
  {
   "geometry": {
    "coordinates": [
     121.27307,
     24.846693
    ],
    "type": "Point"
   },
   "properties": {
    "bearing": null,
    "city": "桃園市",
    "description": "康莊路三段632號對面（台4線34K+200處）",
    "id": "6fca2ba4904b",
    "last_seen": "2026-08-11",
    "section_id": null,
    "section_role": null,
    "source": "gov.tw:7320",
    "speed_limit": 60,
    "type": "fixed"
   },
   "type": "Feature"
  },
  {
   "geometry": {
    "coordinates": [
     120.18476,
     22.923483
    ],
    "type": "Point"
   },
   "properties": {
    "bearing": 180.0,
    "city": "臺南市",
    "description": "明興路-明興路1312巷",
    "id": "6fd973ce6088",
    "last_seen": "2026-08-11",
    "section_id": null,
    "section_role": null,
    "source": "gov.tw:7320",
    "speed_limit": 50,
    "type": "fixed"
   },
   "type": "Feature"
  },
  {
   "geometry": {
    "coordinates": [
     120.99819,
     24.774435
    ],
    "type": "Point"
   },
   "properties": {
    "bearing": 90.0,
    "city": "新竹市",
    "description": "園區三路121號台積電旁",
    "id": "6fe46ac23125",
    "last_seen": "2026-08-11",
    "section_id": null,
    "section_role": null,
    "source": "gov.tw:7320",
    "speed_limit": 50,
    "type": "fixed"
   },
   "type": "Feature"
  },
  {
   "geometry": {
    "coordinates": [
     120.41064,
     24.05835
    ],
    "type": "Point"
   },
   "properties": {
    "bearing": 0.0,
    "city": "臺中市",
    "description": "大里區國光路一段72號前",
    "id": "706c82c25c7b",
    "last_seen": "2026-08-11",
    "section_id": null,
    "section_role": null,
    "source": "gov.tw:7320",
    "speed_limit": 50,
    "type": "fixed"
   },
   "type": "Feature"
  },
  {
   "geometry": {
    "coordinates": [
     121.84039,
     24.551931
    ],
    "type": "Point"
   },
   "properties": {
    "bearing": null,
    "city": "宜蘭縣",
    "description": "台9線109k+240m東澳隧道南下",
    "id": "707ad73e151c",
    "last_seen": "2026-08-11",
    "section_id": null,
    "section_role": null,
    "source": "gov.tw:7320",
    "speed_limit": 70,
    "type": "fixed"
   },
   "type": "Feature"
  },
  {
   "geometry": {
    "coordinates": [
     121.05772,
     24.82536
    ],
    "type": "Point"
   },
   "properties": {
    "bearing": 270.0,
    "city": "新竹縣",
    "description": "文山路亞東段369號",
    "id": "70c8a3e03a45",
    "last_seen": "2026-08-11",
    "section_id": null,
    "section_role": null,
    "source": "gov.tw:7320",
    "speed_limit": 50,
    "type": "fixed"
   },
   "type": "Feature"
  },
  {
   "geometry": {
    "coordinates": [
     120.20882,
     23.669996
    ],
    "type": "Point"
   },
   "properties": {
    "bearing": null,
    "city": "雲林縣",
    "description": "臺西鄉155縣道4k+800m處",
    "id": "70cfbede1019",
    "last_seen": "2026-08-11",
    "section_id": null,
    "section_role": null,
    "source": "gov.tw:7320",
    "speed_limit": 60,
    "type": "fixed"
   },
   "type": "Feature"
  },
  {
   "geometry": {
    "coordinates": [
     120.21165,
     22.927332
    ],
    "type": "Point"
   },
   "properties": {
    "bearing": 270.0,
    "city": "臺南市",
    "description": "快速道路86線西向3.9K處",
    "id": "70ebc50d0df4",
    "last_seen": "2026-08-11",
    "section_id": null,
    "section_role": null,
    "source": "gov.tw:7320",
    "speed_limit": 90,
    "type": "fixed"
   },
   "type": "Feature"
  },
  {
   "geometry": {
    "coordinates": [
     121.89127,
     24.939224
    ],
    "type": "Point"
   },
   "properties": {
    "bearing": null,
    "city": "宜蘭縣",
    "description": "台2線123ｋ+642ｍ大溪段北上",
    "id": "710906a71868",
    "last_seen": "2026-08-11",
    "section_id": null,
    "section_role": null,
    "source": "gov.tw:7320",
    "speed_limit": 50,
    "type": "fixed"
   },
   "type": "Feature"
  },
  {
   "geometry": {
    "coordinates": [
     120.5667,
     23.956444
    ],
    "type": "Point"
   },
   "properties": {
    "bearing": null,
    "city": "彰化縣",
    "description": "員林市莒光路與員鹿路口",
    "id": "7121c6983c1a",
    "last_seen": "2026-08-11",
    "section_id": null,
    "section_role": null,
    "source": "gov.tw:7320",
    "speed_limit": 60,
    "type": "fixed"
   },
   "type": "Feature"
  },
  {
   "geometry": {
    "coordinates": [
     121.75327,
     25.139477
    ],
    "type": "Point"
   },
   "properties": {
    "bearing": 0.0,
    "city": "基隆市",
    "description": "台62甲線、東海街口",
    "id": "71322df8d2d4",
    "last_seen": "2026-08-11",
    "section_id": null,
    "section_role": null,
    "source": "gov.tw:7320",
    "speed_limit": 40,
    "type": "fixed"
   },
   "type": "Feature"
  },
  {
   "geometry": {
    "coordinates": [
     121.57245,
     25.045626
    ],
    "type": "Point"
   },
   "properties": {
    "bearing": 270.0,
    "city": "臺北市",
    "description": "永吉路松信路口",
    "id": "715749427bbb",
    "last_seen": "2026-08-11",
    "section_id": null,
    "section_role": null,
    "source": "gov.tw:7320",
    "speed_limit": 50,
    "type": "fixed"
   },
   "type": "Feature"
  },
  {
   "geometry": {
    "coordinates": [
     121.63839,
     24.953558
    ],
    "type": "Point"
   },
   "properties": {
    "bearing": 315.0,
    "city": "新北市",
    "description": "北宜路5段67號前（往新店）",
    "id": "7179a99fffb8",
    "last_seen": "2026-08-11",
    "section_id": null,
    "section_role": null,
    "source": "gov.tw:7320",
    "speed_limit": 40,
    "type": "fixed"
   },
   "type": "Feature"
  },
  {
   "geometry": {
    "coordinates": [
     120.46287,
     22.524467
    ],
    "type": "Point"
   },
   "properties": {
    "bearing": null,
    "city": "屏東縣",
    "description": "台27線74.3K興安段",
    "id": "719f31fb4737",
    "last_seen": "2026-08-11",
    "section_id": null,
    "section_role": null,
    "source": "gov.tw:7320",
    "speed_limit": 60,
    "type": "fixed"
   },
   "type": "Feature"
  },
  {
   "geometry": {
    "coordinates": [
     121.148994,
     24.955482
    ],
    "type": "Point"
   },
   "properties": {
    "bearing": null,
    "city": "桃園市",
    "description": "高鐵南路六段670號對面(高鐵南路六段與快速路六段)",
    "id": "71ce2c73c089",
    "last_seen": "2026-08-11",
    "section_id": null,
    "section_role": null,
    "source": "gov.tw:7320",
    "speed_limit": 50,
    "type": "fixed"
   },
   "type": "Feature"
  },
  {
   "geometry": {
    "coordinates": [
     121.77535,
     25.115046
    ],
    "type": "Point"
   },
   "properties": {
    "bearing": 180.0,
    "city": "新北市",
    "description": "台62甲線5公里處（往四腳亭方向）",
    "id": "71f694aa6211",
    "last_seen": "2026-08-11",
    "section_id": null,
    "section_role": null,
    "source": "gov.tw:7320",
    "speed_limit": 60,
    "type": "fixed"
   },
   "type": "Feature"
  },
  {
   "geometry": {
    "coordinates": [
     121.05292,
     24.7996
    ],
    "type": "Point"
   },
   "properties": {
    "bearing": null,
    "city": "新竹縣",
    "description": "東興路二段198號前",
    "id": "72194329c80b",
    "last_seen": "2026-08-11",
    "section_id": null,
    "section_role": null,
    "source": "gov.tw:7320",
    "speed_limit": 60,
    "type": "fixed"
   },
   "type": "Feature"
  },
  {
   "geometry": {
    "coordinates": [
     121.45079,
     25.182007
    ],
    "type": "Point"
   },
   "properties": {
    "bearing": 135.0,
    "city": "新北市",
    "description": "淡金路2段125號（往淡水）",
    "id": "72312dc5a1ba",
    "last_seen": "2026-08-11",
    "section_id": null,
    "section_role": null,
    "source": "gov.tw:7320",
    "speed_limit": 60,
    "type": "fixed"
   },
   "type": "Feature"
  },
  {
   "geometry": {
    "coordinates": [
     120.28896,
     22.669052
    ],
    "type": "Point"
   },
   "properties": {
    "bearing": 0.0,
    "city": "高雄市",
    "description": "左營高架橋(中華陸橋)往北下橋處",
    "id": "72747da6f2c5",
    "last_seen": "2026-08-11",
    "section_id": null,
    "section_role": null,
    "source": "gov.tw:7320",
    "speed_limit": 40,
    "type": "fixed"
   },
   "type": "Feature"
  },
  {
   "geometry": {
    "coordinates": [
     121.29424,
     25.044203
    ],
    "type": "Point"
   },
   "properties": {
    "bearing": 0.0,
    "city": "桃園市",
    "description": "中正路8號前",
    "id": "727aa5f2dfd3",
    "last_seen": "2026-08-11",
    "section_id": null,
    "section_role": null,
    "source": "gov.tw:7320",
    "speed_limit": 50,
    "type": "fixed"
   },
   "type": "Feature"
  },
  {
   "geometry": {
    "coordinates": [
     120.238106,
     23.151213
    ],
    "type": "Point"
   },
   "properties": {
    "bearing": null,
    "city": "臺南市",
    "description": "市道173線紀安國小前",
    "id": "72b59ad77789",
    "last_seen": "2026-08-11",
    "section_id": null,
    "section_role": null,
    "source": "gov.tw:7320",
    "speed_limit": 50,
    "type": "fixed"
   },
   "type": "Feature"
  },
  {
   "geometry": {
    "coordinates": [
     120.56222,
     23.95708
    ],
    "type": "Point"
   },
   "properties": {
    "bearing": null,
    "city": "彰化縣",
    "description": "埔心鄉員林大道7段與員鹿路1段口",
    "id": "72c57e562d67",
    "last_seen": "2026-08-11",
    "section_id": null,
    "section_role": null,
    "source": "gov.tw:7320",
    "speed_limit": 50,
    "type": "fixed"
   },
   "type": "Feature"
  },
  {
   "geometry": {
    "coordinates": [
     118.4034,
     24.437878
    ],
    "type": "Point"
   },
   "properties": {
    "bearing": null,
    "city": "金門縣",
    "description": "金湖鎮環島南路四段(后園路段)",
    "id": "735e47296d6c",
    "last_seen": "2026-08-11",
    "section_id": null,
    "section_role": null,
    "source": "gov.tw:7320",
    "speed_limit": 50,
    "type": "fixed"
   },
   "type": "Feature"
  },
  {
   "geometry": {
    "coordinates": [
     118.33645,
     24.440142
    ],
    "type": "Point"
   },
   "properties": {
    "bearing": null,
    "city": "金門縣",
    "description": "金寧鄉伯玉路二段(近家樂福段)",
    "id": "73a28f261a01",
    "last_seen": "2026-08-11",
    "section_id": null,
    "section_role": null,
    "source": "gov.tw:7320",
    "speed_limit": 60,
    "type": "fixed"
   },
   "type": "Feature"
  },
  {
   "geometry": {
    "coordinates": [
     120.41476,
     22.532354
    ],
    "type": "Point"
   },
   "properties": {
    "bearing": 180.0,
    "city": "高雄市",
    "description": "台29線108.4公里處",
    "id": "73d86085682f",
    "last_seen": "2026-08-11",
    "section_id": null,
    "section_role": null,
    "source": "gov.tw:7320",
    "speed_limit": 60,
    "type": "fixed"
   },
   "type": "Feature"
  },
  {
   "geometry": {
    "coordinates": [
     120.97689,
     24.803886
    ],
    "type": "Point"
   },
   "properties": {
    "bearing": 270.0,
    "city": "新竹市",
    "description": "東大高架花園街上方",
    "id": "73e0a259ddce",
    "last_seen": "2026-08-11",
    "section_id": null,
    "section_role": null,
    "source": "gov.tw:7320",
    "speed_limit": 50,
    "type": "fixed"
   },
   "type": "Feature"
  },
  {
   "geometry": {
    "coordinates": [
     120.487366,
     23.888147
    ],
    "type": "Point"
   },
   "properties": {
    "bearing": 90.0,
    "city": "彰化縣",
    "description": "埤頭鄉斗苑東路313號前",
    "id": "7406b901e116",
    "last_seen": "2026-08-11",
    "section_id": null,
    "section_role": null,
    "source": "gov.tw:7320",
    "speed_limit": 60,
    "type": "fixed"
   },
   "type": "Feature"
  },
  {
   "geometry": {
    "coordinates": [
     120.73345,
     24.167746
    ],
    "type": "Point"
   },
   "properties": {
    "bearing": 0.0,
    "city": "臺中市",
    "description": "北屯區廍子路456號前",
    "id": "743360aaac08",
    "last_seen": "2026-08-11",
    "section_id": null,
    "section_role": null,
    "source": "gov.tw:7320",
    "speed_limit": 50,
    "type": "fixed"
   },
   "type": "Feature"
  },
  {
   "geometry": {
    "coordinates": [
     121.80307,
     25.117172
    ],
    "type": "Point"
   },
   "properties": {
    "bearing": 225.0,
    "city": "新北市",
    "description": "台62線快速公路16.83公里處（往基隆方向）",
    "id": "7434bacfb10c",
    "last_seen": "2026-08-11",
    "section_id": null,
    "section_role": null,
    "source": "gov.tw:7320",
    "speed_limit": 80,
    "type": "fixed"
   },
   "type": "Feature"
  },
  {
   "geometry": {
    "coordinates": [
     120.54155,
     22.96999
    ],
    "type": "Point"
   },
   "properties": {
    "bearing": 0.0,
    "city": "高雄市",
    "description": "杉林區台29線53K+207",
    "id": "743592664cd8",
    "last_seen": "2026-08-11",
    "section_id": null,
    "section_role": null,
    "source": "gov.tw:7320",
    "speed_limit": 60,
    "type": "fixed"
   },
   "type": "Feature"
  },
  {
   "geometry": {
    "coordinates": [
     121.19964,
     24.81258
    ],
    "type": "Point"
   },
   "properties": {
    "bearing": null,
    "city": "新竹縣",
    "description": "中豐公路牛欄河6鄰63號",
    "id": "7447244a5279",
    "last_seen": "2026-08-11",
    "section_id": null,
    "section_role": null,
    "source": "gov.tw:7320",
    "speed_limit": 60,
    "type": "fixed"
   },
   "type": "Feature"
  },
  {
   "geometry": {
    "coordinates": [
     120.76845,
     23.732643
    ],
    "type": "Point"
   },
   "properties": {
    "bearing": null,
    "city": "南投縣",
    "description": "151線10.07公里處",
    "id": "744cdaf76858",
    "last_seen": "2026-08-11",
    "section_id": null,
    "section_role": null,
    "source": "gov.tw:7320",
    "speed_limit": 50,
    "type": "fixed"
   },
   "type": "Feature"
  },
  {
   "geometry": {
    "coordinates": [
     120.6867,
     24.203175
    ],
    "type": "Point"
   },
   "properties": {
    "bearing": null,
    "city": "臺中市",
    "description": "北屯區崇德路三段938號前",
    "id": "748f4030b484",
    "last_seen": "2026-08-11",
    "section_id": null,
    "section_role": null,
    "source": "gov.tw:7320",
    "speed_limit": 60,
    "type": "fixed"
   },
   "type": "Feature"
  },
  {
   "geometry": {
    "coordinates": [
     121.58296,
     25.060823
    ],
    "type": "Point"
   },
   "properties": {
    "bearing": 90.0,
    "city": "臺北市",
    "description": "行善路233號前",
    "id": "74953e6887ee",
    "last_seen": "2026-08-11",
    "section_id": null,
    "section_role": null,
    "source": "gov.tw:7320",
    "speed_limit": 50,
    "type": "fixed"
   },
   "type": "Feature"
  },
  {
   "geometry": {
    "coordinates": [
     120.22501,
     22.876429
    ],
    "type": "Point"
   },
   "properties": {
    "bearing": 0.0,
    "city": "高雄市",
    "description": "和平路與東方路口",
    "id": "749ae6d5d632",
    "last_seen": "2026-08-11",
    "section_id": null,
    "section_role": null,
    "source": "gov.tw:7320",
    "speed_limit": 60,
    "type": "fixed"
   },
   "type": "Feature"
  },
  {
   "geometry": {
    "coordinates": [
     121.422195,
     25.111614
    ],
    "type": "Point"
   },
   "properties": {
    "bearing": null,
    "city": "新北市",
    "description": "省道台64線西向1.6K至5.4K",
    "id": "74baab988a0f",
    "last_seen": "2026-08-11",
    "section_id": null,
    "section_role": null,
    "source": "gov.tw:7320",
    "speed_limit": 80,
    "type": "fixed"
   },
   "type": "Feature"
  },
  {
   "geometry": {
    "coordinates": [
     120.71834,
     24.188057
    ],
    "type": "Point"
   },
   "properties": {
    "bearing": 180.0,
    "city": "臺中市",
    "description": "北屯區軍功路二段571號前",
    "id": "74f07e4afd68",
    "last_seen": "2026-08-11",
    "section_id": null,
    "section_role": null,
    "source": "gov.tw:7320",
    "speed_limit": 50,
    "type": "fixed"
   },
   "type": "Feature"
  },
  {
   "geometry": {
    "coordinates": [
     121.33839,
     24.963926
    ],
    "type": "Point"
   },
   "properties": {
    "bearing": 180.0,
    "city": "新北市",
    "description": "西湖街191號前（往樹林）",
    "id": "74fc7b84a93f",
    "last_seen": "2026-08-11",
    "section_id": null,
    "section_role": null,
    "source": "gov.tw:7320",
    "speed_limit": 50,
    "type": "fixed"
   },
   "type": "Feature"
  },
  {
   "geometry": {
    "coordinates": [
     121.2906,
     25.005362
    ],
    "type": "Point"
   },
   "properties": {
    "bearing": null,
    "city": "桃園市",
    "description": "大興西路三段與正光路口",
    "id": "7515e46cee7d",
    "last_seen": "2026-08-11",
    "section_id": null,
    "section_role": null,
    "source": "gov.tw:7320",
    "speed_limit": 50,
    "type": "fixed"
   },
   "type": "Feature"
  },
  {
   "geometry": {
    "coordinates": [
     121.407265,
     24.932316
    ],
    "type": "Point"
   },
   "properties": {
    "bearing": 315.0,
    "city": "新北市",
    "description": "溪東路（市道110號30K+500M往三峽）",
    "id": "7520686ef4a1",
    "last_seen": "2026-08-11",
    "section_id": null,
    "section_role": null,
    "source": "gov.tw:7320",
    "speed_limit": 30,
    "type": "fixed"
   },
   "type": "Feature"
  },
  {
   "geometry": {
    "coordinates": [
     121.446495,
     25.090464
    ],
    "type": "Point"
   },
   "properties": {
    "bearing": 45.0,
    "city": "新北市",
    "description": "新五路3段210號（往疏洪北路或新城八路）",
    "id": "755d4d5b73a2",
    "last_seen": "2026-08-11",
    "section_id": null,
    "section_role": null,
    "source": "gov.tw:7320",
    "speed_limit": 50,
    "type": "fixed"
   },
   "type": "Feature"
  },
  {
   "geometry": {
    "coordinates": [
     121.3634,
     25.07129
    ],
    "type": "Point"
   },
   "properties": {
    "bearing": 45.0,
    "city": "新北市",
    "description": "文化三路1段249巷旁（往林口）",
    "id": "755fa20994b8",
    "last_seen": "2026-08-11",
    "section_id": null,
    "section_role": null,
    "source": "gov.tw:7320",
    "speed_limit": 50,
    "type": "fixed"
   },
   "type": "Feature"
  },
  {
   "geometry": {
    "coordinates": [
     121.35543,
     25.035666
    ],
    "type": "Point"
   },
   "properties": {
    "bearing": null,
    "city": "桃園市",
    "description": "忠義路一段1196-15號前",
    "id": "76066ca5a1b6",
    "last_seen": "2026-08-11",
    "section_id": null,
    "section_role": null,
    "source": "gov.tw:7320",
    "speed_limit": 60,
    "type": "fixed"
   },
   "type": "Feature"
  },
  {
   "geometry": {
    "coordinates": [
     121.50743,
     25.082521
    ],
    "type": "Point"
   },
   "properties": {
    "bearing": 0.0,
    "city": "臺北市",
    "description": "環河北路3段葫蘆街口",
    "id": "764d28e88fb0",
    "last_seen": "2026-08-11",
    "section_id": null,
    "section_role": null,
    "source": "gov.tw:7320",
    "speed_limit": 50,
    "type": "fixed"
   },
   "type": "Feature"
  },
  {
   "geometry": {
    "coordinates": [
     119.51485,
     23.61152
    ],
    "type": "Point"
   },
   "properties": {
    "bearing": 0.0,
    "city": "澎湖縣",
    "description": "縣道203線二崁與大池岔路口",
    "id": "765cc7f9d7f6",
    "last_seen": "2026-08-11",
    "section_id": null,
    "section_role": null,
    "source": "gov.tw:7320",
    "speed_limit": 70,
    "type": "fixed"
   },
   "type": "Feature"
  },
  {
   "geometry": {
    "coordinates": [
     120.4539,
     22.63913
    ],
    "type": "Point"
   },
   "properties": {
    "bearing": 0.0,
    "city": "屏東縣",
    "description": "189線大昌路與昌隆路口",
    "id": "767e6c006482",
    "last_seen": "2026-08-11",
    "section_id": null,
    "section_role": null,
    "source": "gov.tw:7320",
    "speed_limit": 70,
    "type": "fixed"
   },
   "type": "Feature"
  },
  {
   "geometry": {
    "coordinates": [
     120.52289,
     24.21861
    ],
    "type": "Point"
   },
   "properties": {
    "bearing": null,
    "city": "臺中市",
    "description": "台61線快速道路157.8K至151.6K(南向北)/148.1K至156.4K(北向南)",
    "id": "76c157017e0c",
    "last_seen": "2026-08-11",
    "section_id": null,
    "section_role": null,
    "source": "gov.tw:7320",
    "speed_limit": 90,
    "type": "fixed"
   },
   "type": "Feature"
  },
  {
   "geometry": {
    "coordinates": [
     120.70353,
     24.238495
    ],
    "type": "Point"
   },
   "properties": {
    "bearing": 90.0,
    "city": "臺中市",
    "description": "豐原大道與西勢路口",
    "id": "76d67c530782",
    "last_seen": "2026-08-11",
    "section_id": null,
    "section_role": null,
    "source": "gov.tw:7320",
    "speed_limit": 50,
    "type": "fixed"
   },
   "type": "Feature"
  },
  {
   "geometry": {
    "coordinates": [
     120.71678,
     24.154285
    ],
    "type": "Point"
   },
   "properties": {
    "bearing": 180.0,
    "city": "臺中市",
    "description": "太平區環中東路三段(育才路與樹孝路67巷間)",
    "id": "76e5379e83f8",
    "last_seen": "2026-08-11",
    "section_id": null,
    "section_role": null,
    "source": "gov.tw:7320",
    "speed_limit": 50,
    "type": "fixed"
   },
   "type": "Feature"
  },
  {
   "geometry": {
    "coordinates": [
     121.19523,
     24.97736
    ],
    "type": "Point"
   },
   "properties": {
    "bearing": null,
    "city": "桃園市",
    "description": "中正路二段239巷口",
    "id": "771a56d60feb",
    "last_seen": "2026-08-11",
    "section_id": null,
    "section_role": null,
    "source": "gov.tw:7320",
    "speed_limit": 50,
    "type": "fixed"
   },
   "type": "Feature"
  },
  {
   "geometry": {
    "coordinates": [
     121.193,
     24.991371
    ],
    "type": "Point"
   },
   "properties": {
    "bearing": 0.0,
    "city": "桃園市",
    "description": "台31線12.5K(往北)",
    "id": "77250dd515ed",
    "last_seen": "2026-08-11",
    "section_id": null,
    "section_role": null,
    "source": "gov.tw:7320",
    "speed_limit": 70,
    "type": "fixed"
   },
   "type": "Feature"
  },
  {
   "geometry": {
    "coordinates": [
     120.494446,
     23.742592
    ],
    "type": "Point"
   },
   "properties": {
    "bearing": null,
    "city": "雲林縣",
    "description": "台1線公路235k+592m處",
    "id": "7767234cf244",
    "last_seen": "2026-08-11",
    "section_id": null,
    "section_role": null,
    "source": "gov.tw:7320",
    "speed_limit": 60,
    "type": "fixed"
   },
   "type": "Feature"
  },
  {
   "geometry": {
    "coordinates": [
     121.09389,
     24.822088
    ],
    "type": "Point"
   },
   "properties": {
    "bearing": 90.0,
    "city": "新竹縣",
    "description": "新關路五埔段與1046巷口",
    "id": "779ca7d1c466",
    "last_seen": "2026-08-11",
    "section_id": null,
    "section_role": null,
    "source": "gov.tw:7320",
    "speed_limit": 60,
    "type": "fixed"
   },
   "type": "Feature"
  },
  {
   "geometry": {
    "coordinates": [
     120.229164,
     22.9808
    ],
    "type": "Point"
   },
   "properties": {
    "bearing": 0.0,
    "city": "臺南市",
    "description": "中華東路與東門路口",
    "id": "77a4620b5432",
    "last_seen": "2026-08-11",
    "section_id": null,
    "section_role": null,
    "source": "gov.tw:7320",
    "speed_limit": 60,
    "type": "fixed"
   },
   "type": "Feature"
  },
  {
   "geometry": {
    "coordinates": [
     121.7445,
     25.13194
    ],
    "type": "Point"
   },
   "properties": {
    "bearing": 180.0,
    "city": "基隆市",
    "description": "信二、義一路口",
    "id": "77a5f6a8ad2b",
    "last_seen": "2026-08-11",
    "section_id": null,
    "section_role": null,
    "source": "gov.tw:7320",
    "speed_limit": 50,
    "type": "fixed"
   },
   "type": "Feature"
  },
  {
   "geometry": {
    "coordinates": [
     120.68397,
     23.974297
    ],
    "type": "Point"
   },
   "properties": {
    "bearing": null,
    "city": "南投縣",
    "description": "臺3甲、太平路及中興路口",
    "id": "77b59ab8a7a7",
    "last_seen": "2026-08-11",
    "section_id": null,
    "section_role": null,
    "source": "gov.tw:7320",
    "speed_limit": 50,
    "type": "fixed"
   },
   "type": "Feature"
  },
  {
   "geometry": {
    "coordinates": [
     121.8755,
     25.123339
    ],
    "type": "Point"
   },
   "properties": {
    "bearing": null,
    "city": "新北市",
    "description": "省道台2線79.7K至84K（雙向）",
    "id": "77fb79c183f0",
    "last_seen": "2026-08-11",
    "section_id": null,
    "section_role": null,
    "source": "gov.tw:7320",
    "speed_limit": 60,
    "type": "fixed"
   },
   "type": "Feature"
  },
  {
   "geometry": {
    "coordinates": [
     120.33265,
     23.767534
    ],
    "type": "Point"
   },
   "properties": {
    "bearing": null,
    "city": "雲林縣",
    "description": "崙背鄉156縣道7k+700m",
    "id": "7827de4f272b",
    "last_seen": "2026-08-11",
    "section_id": null,
    "section_role": null,
    "source": "gov.tw:7320",
    "speed_limit": 60,
    "type": "fixed"
   },
   "type": "Feature"
  },
  {
   "geometry": {
    "coordinates": [
     120.396,
     23.736464
    ],
    "type": "Point"
   },
   "properties": {
    "bearing": 180.0,
    "city": "雲林縣",
    "description": "科虎三路18號(元翎科技公司)",
    "id": "7832f3a4c6dd",
    "last_seen": "2026-08-11",
    "section_id": null,
    "section_role": null,
    "source": "gov.tw:7320",
    "speed_limit": 60,
    "type": "fixed"
   },
   "type": "Feature"
  },
  {
   "geometry": {
    "coordinates": [
     121.03625,
     25.013884
    ],
    "type": "Point"
   },
   "properties": {
    "bearing": 180.0,
    "city": "桃園市",
    "description": "台61線南下平面50.8K處",
    "id": "787497916683",
    "last_seen": "2026-08-11",
    "section_id": null,
    "section_role": null,
    "source": "gov.tw:7320",
    "speed_limit": 50,
    "type": "fixed"
   },
   "type": "Feature"
  },
  {
   "geometry": {
    "coordinates": [
     120.346664,
     22.620205
    ],
    "type": "Point"
   },
   "properties": {
    "bearing": 180.0,
    "city": "高雄市",
    "description": "國泰路二段與南京路口",
    "id": "7885b05f0f9d",
    "last_seen": "2026-08-11",
    "section_id": null,
    "section_role": null,
    "source": "gov.tw:7320",
    "speed_limit": 60,
    "type": "fixed"
   },
   "type": "Feature"
  },
  {
   "geometry": {
    "coordinates": [
     120.49349,
     23.683903
    ],
    "type": "Point"
   },
   "properties": {
    "bearing": 270.0,
    "city": "雲林縣",
    "description": "斗南鎮台1丁線12k+700m(新光陸橋東側-斗六往斗南)",
    "id": "788bc1e75b2f",
    "last_seen": "2026-08-11",
    "section_id": null,
    "section_role": null,
    "source": "gov.tw:7320",
    "speed_limit": 60,
    "type": "fixed"
   },
   "type": "Feature"
  },
  {
   "geometry": {
    "coordinates": [
     121.604034,
     25.083036
    ],
    "type": "Point"
   },
   "properties": {
    "bearing": 90.0,
    "city": "臺北市",
    "description": "成功路5段152巷口",
    "id": "788cc603a888",
    "last_seen": "2026-08-11",
    "section_id": null,
    "section_role": null,
    "source": "gov.tw:7320",
    "speed_limit": 50,
    "type": "fixed"
   },
   "type": "Feature"
  },
  {
   "geometry": {
    "coordinates": [
     120.57383,
     23.962563
    ],
    "type": "Point"
   },
   "properties": {
    "bearing": 0.0,
    "city": "彰化縣",
    "description": "員林市萬年路3段與靜修路口",
    "id": "789feebe92b5",
    "last_seen": "2026-08-11",
    "section_id": null,
    "section_role": null,
    "source": "gov.tw:7320",
    "speed_limit": 50,
    "type": "fixed"
   },
   "type": "Feature"
  },
  {
   "geometry": {
    "coordinates": [
     121.61717,
     23.982086
    ],
    "type": "Point"
   },
   "properties": {
    "bearing": null,
    "city": "花蓮縣",
    "description": "臺9線190.37K",
    "id": "78dd32384416",
    "last_seen": "2026-08-11",
    "section_id": null,
    "section_role": null,
    "source": "gov.tw:7320",
    "speed_limit": 50,
    "type": "fixed"
   },
   "type": "Feature"
  },
  {
   "geometry": {
    "coordinates": [
     120.57993,
     24.192793
    ],
    "type": "Point"
   },
   "properties": {
    "bearing": 270.0,
    "city": "臺中市",
    "description": "龍井區臺灣大道六段與水裡社路口處(台12線10.1K)",
    "id": "78e1f59f7031",
    "last_seen": "2026-08-11",
    "section_id": null,
    "section_role": null,
    "source": "gov.tw:7320",
    "speed_limit": 70,
    "type": "fixed"
   },
   "type": "Feature"
  },
  {
   "geometry": {
    "coordinates": [
     120.54493,
     24.301151
    ],
    "type": "Point"
   },
   "properties": {
    "bearing": 0.0,
    "city": "臺中市",
    "description": "環港北路190燈桿(高美濕地景觀橋旁)",
    "id": "790a2a610b24",
    "last_seen": "2026-08-11",
    "section_id": null,
    "section_role": null,
    "source": "gov.tw:7320",
    "speed_limit": 50,
    "type": "fixed"
   },
   "type": "Feature"
  },
  {
   "geometry": {
    "coordinates": [
     121.77506,
     25.050632
    ],
    "type": "Point"
   },
   "properties": {
    "bearing": 315.0,
    "city": "新北市",
    "description": "台2丙線8.1公里處（往基隆）",
    "id": "7945b26dff26",
    "last_seen": "2026-08-11",
    "section_id": null,
    "section_role": null,
    "source": "gov.tw:7320",
    "speed_limit": 50,
    "type": "fixed"
   },
   "type": "Feature"
  },
  {
   "geometry": {
    "coordinates": [
     120.58381,
     23.893694
    ],
    "type": "Point"
   },
   "properties": {
    "bearing": null,
    "city": "彰化縣",
    "description": "社頭鄉中山路1段與和平三路口",
    "id": "7958aea846cf",
    "last_seen": "2026-08-11",
    "section_id": null,
    "section_role": null,
    "source": "gov.tw:7320",
    "speed_limit": 60,
    "type": "fixed"
   },
   "type": "Feature"
  },
  {
   "geometry": {
    "coordinates": [
     120.9974,
     24.82592
    ],
    "type": "Point"
   },
   "properties": {
    "bearing": null,
    "city": "新竹縣",
    "description": "中華路與興隆路口",
    "id": "7995a289b6d6",
    "last_seen": "2026-08-11",
    "section_id": null,
    "section_role": null,
    "source": "gov.tw:7320",
    "speed_limit": 50,
    "type": "fixed"
   },
   "type": "Feature"
  },
  {
   "geometry": {
    "coordinates": [
     120.70218,
     22.140097
    ],
    "type": "Point"
   },
   "properties": {
    "bearing": null,
    "city": "屏東縣",
    "description": "台26線尖山段8.5-13.7K",
    "id": "79a283eca662",
    "last_seen": "2026-08-11",
    "section_id": null,
    "section_role": null,
    "source": "gov.tw:7320",
    "speed_limit": 70,
    "type": "fixed"
   },
   "type": "Feature"
  },
  {
   "geometry": {
    "coordinates": [
     120.47628,
     23.676558
    ],
    "type": "Point"
   },
   "properties": {
    "bearing": 0.0,
    "city": "雲林縣",
    "description": "斗南鎮延平路與大同路路口",
    "id": "79f2b279d251",
    "last_seen": "2026-08-11",
    "section_id": null,
    "section_role": null,
    "source": "gov.tw:7320",
    "speed_limit": 50,
    "type": "fixed"
   },
   "type": "Feature"
  },
  {
   "geometry": {
    "coordinates": [
     121.52674,
     25.026731
    ],
    "type": "Point"
   },
   "properties": {
    "bearing": 90.0,
    "city": "臺北市",
    "description": "和平東路一段國立師範大學前",
    "id": "7a1260aed7e9",
    "last_seen": "2026-08-11",
    "section_id": null,
    "section_role": null,
    "source": "gov.tw:7320",
    "speed_limit": 50,
    "type": "fixed"
   },
   "type": "Feature"
  },
  {
   "geometry": {
    "coordinates": [
     121.703125,
     25.081993
    ],
    "type": "Point"
   },
   "properties": {
    "bearing": 180.0,
    "city": "基隆市",
    "description": "明德二路(台五線20K+422)南向",
    "id": "7a2c578a8b54",
    "last_seen": "2026-08-11",
    "section_id": null,
    "section_role": null,
    "source": "gov.tw:7320",
    "speed_limit": 50,
    "type": "fixed"
   },
   "type": "Feature"
  },
  {
   "geometry": {
    "coordinates": [
     120.189156,
     22.961212
    ],
    "type": "Point"
   },
   "properties": {
    "bearing": 90.0,
    "city": "臺南市",
    "description": "中華南路-南和路口",
    "id": "7a56f7d96e88",
    "last_seen": "2026-08-11",
    "section_id": null,
    "section_role": null,
    "source": "gov.tw:7320",
    "speed_limit": 50,
    "type": "fixed"
   },
   "type": "Feature"
  },
  {
   "geometry": {
    "coordinates": [
     121.53994,
     25.044518
    ],
    "type": "Point"
   },
   "properties": {
    "bearing": 90.0,
    "city": "臺北市",
    "description": "市民大道三段214號前",
    "id": "7a621ceebb3e",
    "last_seen": "2026-08-11",
    "section_id": null,
    "section_role": null,
    "source": "gov.tw:7320",
    "speed_limit": 40,
    "type": "fixed"
   },
   "type": "Feature"
  },
  {
   "geometry": {
    "coordinates": [
     120.48517,
     23.049162
    ],
    "type": "Point"
   },
   "properties": {
    "bearing": null,
    "city": "臺南市",
    "description": "臺3線383.5公里",
    "id": "7a8846fc8c6c",
    "last_seen": "2026-08-11",
    "section_id": null,
    "section_role": null,
    "source": "gov.tw:7320",
    "speed_limit": 60,
    "type": "fixed"
   },
   "type": "Feature"
  },
  {
   "geometry": {
    "coordinates": [
     120.74963,
     24.268444
    ],
    "type": "Point"
   },
   "properties": {
    "bearing": 180.0,
    "city": "臺中市",
    "description": "豐勢路與國豐路口",
    "id": "7b1cb058f071",
    "last_seen": "2026-08-11",
    "section_id": null,
    "section_role": null,
    "source": "gov.tw:7320",
    "speed_limit": 50,
    "type": "fixed"
   },
   "type": "Feature"
  },
  {
   "geometry": {
    "coordinates": [
     121.75572,
     25.076906
    ],
    "type": "Point"
   },
   "properties": {
    "bearing": 0.0,
    "city": "基隆市",
    "description": "東勢街與東安一號橋口",
    "id": "7b20cc8071a0",
    "last_seen": "2026-08-11",
    "section_id": null,
    "section_role": null,
    "source": "gov.tw:7320",
    "speed_limit": 40,
    "type": "fixed"
   },
   "type": "Feature"
  },
  {
   "geometry": {
    "coordinates": [
     120.385086,
     23.708435
    ],
    "type": "Point"
   },
   "properties": {
    "bearing": 270.0,
    "city": "雲林縣",
    "description": "虎尾鎮 158 縣道與雲 97 鄉道路口 (21k+630m 處)",
    "id": "7b50c9f4ddf3",
    "last_seen": "2026-08-11",
    "section_id": null,
    "section_role": null,
    "source": "gov.tw:7320",
    "speed_limit": 70,
    "type": "fixed"
   },
   "type": "Feature"
  },
  {
   "geometry": {
    "coordinates": [
     120.550514,
     23.95197
    ],
    "type": "Point"
   },
   "properties": {
    "bearing": null,
    "city": "彰化縣",
    "description": "埔心鄉中正路1段與武聖路口",
    "id": "7b8d7a00967c",
    "last_seen": "2026-08-11",
    "section_id": null,
    "section_role": null,
    "source": "gov.tw:7320",
    "speed_limit": 60,
    "type": "fixed"
   },
   "type": "Feature"
  },
  {
   "geometry": {
    "coordinates": [
     120.93678,
     24.793715
    ],
    "type": "Point"
   },
   "properties": {
    "bearing": 180.0,
    "city": "新竹市",
    "description": "牛埔東路480號前",
    "id": "7b9fd8abe7ef",
    "last_seen": "2026-08-11",
    "section_id": null,
    "section_role": null,
    "source": "gov.tw:7320",
    "speed_limit": 50,
    "type": "fixed"
   },
   "type": "Feature"
  },
  {
   "geometry": {
    "coordinates": [
     120.637566,
     23.91971
    ],
    "type": "Point"
   },
   "properties": {
    "bearing": null,
    "city": "南投縣",
    "description": "139線35.95公里處",
    "id": "7ba4786ee06a",
    "last_seen": "2026-08-11",
    "section_id": null,
    "section_role": null,
    "source": "gov.tw:7320",
    "speed_limit": 50,
    "type": "fixed"
   },
   "type": "Feature"
  },
  {
   "geometry": {
    "coordinates": [
     121.339,
     25.064642
    ],
    "type": "Point"
   },
   "properties": {
    "bearing": null,
    "city": "桃園市",
    "description": "八德一路與八德二路口",
    "id": "7bb62c0e4f61",
    "last_seen": "2026-08-11",
    "section_id": null,
    "section_role": null,
    "source": "gov.tw:7320",
    "speed_limit": 40,
    "type": "fixed"
   },
   "type": "Feature"
  },
  {
   "geometry": {
    "coordinates": [
     118.419556,
     24.47699
    ],
    "type": "Point"
   },
   "properties": {
    "bearing": null,
    "city": "金門縣",
    "description": "金沙鎮高陽路(蔡厝路段)",
    "id": "7bba30dadccd",
    "last_seen": "2026-08-11",
    "section_id": null,
    "section_role": null,
    "source": "gov.tw:7320",
    "speed_limit": 60,
    "type": "fixed"
   },
   "type": "Feature"
  },
  {
   "geometry": {
    "coordinates": [
     120.90828,
     24.742622
    ],
    "type": "Point"
   },
   "properties": {
    "bearing": 0.0,
    "city": "新竹市",
    "description": "中華路六段、五福路一段口",
    "id": "7be1ee93e2c8",
    "last_seen": "2026-08-11",
    "section_id": null,
    "section_role": null,
    "source": "gov.tw:7320",
    "speed_limit": 60,
    "type": "fixed"
   },
   "type": "Feature"
  },
  {
   "geometry": {
    "coordinates": [
     121.00926,
     24.771814
    ],
    "type": "Point"
   },
   "properties": {
    "bearing": 0.0,
    "city": "新竹市",
    "description": "新竹科學園區園區三路辰鴻加油站對面",
    "id": "7be9de34a330",
    "last_seen": "2026-08-11",
    "section_id": null,
    "section_role": null,
    "source": "gov.tw:7320",
    "speed_limit": 50,
    "type": "fixed"
   },
   "type": "Feature"
  },
  {
   "geometry": {
    "coordinates": [
     121.63132,
     25.006111
    ],
    "type": "Point"
   },
   "properties": {
    "bearing": 180.0,
    "city": "新北市",
    "description": "文山路1段與北深路1段229巷口（往臺北方向）",
    "id": "7c1584e4bf97",
    "last_seen": "2026-08-11",
    "section_id": null,
    "section_role": null,
    "source": "gov.tw:7320",
    "speed_limit": 60,
    "type": "fixed"
   },
   "type": "Feature"
  },
  {
   "geometry": {
    "coordinates": [
     121.16765,
     25.079277
    ],
    "type": "Point"
   },
   "properties": {
    "bearing": 0.0,
    "city": "桃園市",
    "description": "台61線29.5K(高架)",
    "id": "7c39a0980294",
    "last_seen": "2026-08-11",
    "section_id": null,
    "section_role": null,
    "source": "gov.tw:7320",
    "speed_limit": 90,
    "type": "fixed"
   },
   "type": "Feature"
  },
  {
   "geometry": {
    "coordinates": [
     121.01196,
     24.955013
    ],
    "type": "Point"
   },
   "properties": {
    "bearing": null,
    "city": "桃園市",
    "description": "台15線59K處",
    "id": "7c45814bfb17",
    "last_seen": "2026-08-11",
    "section_id": null,
    "section_role": null,
    "source": "gov.tw:7320",
    "speed_limit": 70,
    "type": "fixed"
   },
   "type": "Feature"
  },
  {
   "geometry": {
    "coordinates": [
     121.45561,
     25.109812
    ],
    "type": "Point"
   },
   "properties": {
    "bearing": 180.0,
    "city": "新北市",
    "description": "成泰路4段43號前（雙向）",
    "id": "7c826e54b974",
    "last_seen": "2026-08-11",
    "section_id": null,
    "section_role": null,
    "source": "gov.tw:7320",
    "speed_limit": 50,
    "type": "fixed"
   },
   "type": "Feature"
  },
  {
   "geometry": {
    "coordinates": [
     120.50987,
     24.136038
    ],
    "type": "Point"
   },
   "properties": {
    "bearing": 90.0,
    "city": "彰化縣",
    "description": "和美鎮彰新路5段與嘉卿路口",
    "id": "7cc0dab8496f",
    "last_seen": "2026-08-11",
    "section_id": null,
    "section_role": null,
    "source": "gov.tw:7320",
    "speed_limit": 60,
    "type": "fixed"
   },
   "type": "Feature"
  },
  {
   "geometry": {
    "coordinates": [
     121.6709,
     24.943071
    ],
    "type": "Point"
   },
   "properties": {
    "bearing": null,
    "city": "新北市",
    "description": "台9線26.2K至32.2K（雙向）",
    "id": "7d573b90233a",
    "last_seen": "2026-08-11",
    "section_id": null,
    "section_role": null,
    "source": "gov.tw:7320",
    "speed_limit": 40,
    "type": "fixed"
   },
   "type": "Feature"
  },
  {
   "geometry": {
    "coordinates": [
     121.73689,
     25.124693
    ],
    "type": "Point"
   },
   "properties": {
    "bearing": 0.0,
    "city": "基隆市",
    "description": "29號橋",
    "id": "7d6b7b2d171c",
    "last_seen": "2026-08-11",
    "section_id": null,
    "section_role": null,
    "source": "gov.tw:7320",
    "speed_limit": 50,
    "type": "fixed"
   },
   "type": "Feature"
  },
  {
   "geometry": {
    "coordinates": [
     121.81915,
     24.73036
    ],
    "type": "Point"
   },
   "properties": {
    "bearing": null,
    "city": "宜蘭縣",
    "description": "台2線150ｋ+199m公館段南下",
    "id": "7d95b4c86b61",
    "last_seen": "2026-08-11",
    "section_id": null,
    "section_role": null,
    "source": "gov.tw:7320",
    "speed_limit": 60,
    "type": "fixed"
   },
   "type": "Feature"
  },
  {
   "geometry": {
    "coordinates": [
     120.95306,
     23.970133
    ],
    "type": "Point"
   },
   "properties": {
    "bearing": null,
    "city": "南投縣",
    "description": "信義路、中山路三段與南安路口",
    "id": "7d998e3d49a9",
    "last_seen": "2026-08-11",
    "section_id": null,
    "section_role": null,
    "source": "gov.tw:7320",
    "speed_limit": 50,
    "type": "fixed"
   },
   "type": "Feature"
  },
  {
   "geometry": {
    "coordinates": [
     120.20016,
     22.964825
    ],
    "type": "Point"
   },
   "properties": {
    "bearing": null,
    "city": "臺南市",
    "description": "中華南路-近西門路口",
    "id": "7dc12951f34e",
    "last_seen": "2026-08-11",
    "section_id": null,
    "section_role": null,
    "source": "gov.tw:7320",
    "speed_limit": 60,
    "type": "fixed"
   },
   "type": "Feature"
  },
  {
   "geometry": {
    "coordinates": [
     121.25116,
     24.954819
    ],
    "type": "Point"
   },
   "properties": {
    "bearing": null,
    "city": "桃園市",
    "description": "普忠路581巷前",
    "id": "7dc8efabc6d5",
    "last_seen": "2026-08-11",
    "section_id": null,
    "section_role": null,
    "source": "gov.tw:7320",
    "speed_limit": 50,
    "type": "fixed"
   },
   "type": "Feature"
  },
  {
   "geometry": {
    "coordinates": [
     120.28151,
     23.112717
    ],
    "type": "Point"
   },
   "properties": {
    "bearing": 270.0,
    "city": "臺南市",
    "description": "南科七路與環東路二段路口",
    "id": "7ddec3910168",
    "last_seen": "2026-08-11",
    "section_id": null,
    "section_role": null,
    "source": "gov.tw:7320",
    "speed_limit": 50,
    "type": "fixed"
   },
   "type": "Feature"
  },
  {
   "geometry": {
    "coordinates": [
     121.16925,
     23.061531
    ],
    "type": "Point"
   },
   "properties": {
    "bearing": null,
    "city": "臺東縣",
    "description": "臺9線315.82K（米國學校）",
    "id": "7de4860481a4",
    "last_seen": "2026-08-11",
    "section_id": null,
    "section_role": null,
    "source": "gov.tw:7320",
    "speed_limit": 60,
    "type": "fixed"
   },
   "type": "Feature"
  },
  {
   "geometry": {
    "coordinates": [
     121.0333,
     24.82608
    ],
    "type": "Point"
   },
   "properties": {
    "bearing": null,
    "city": "新竹縣",
    "description": "竹北市自強北路與十興路口",
    "id": "7de48a4a4403",
    "last_seen": "2026-08-11",
    "section_id": null,
    "section_role": null,
    "source": "gov.tw:7320",
    "speed_limit": 50,
    "type": "fixed"
   },
   "type": "Feature"
  },
  {
   "geometry": {
    "coordinates": [
     119.60348,
     23.536715
    ],
    "type": "Point"
   },
   "properties": {
    "bearing": 0.0,
    "city": "澎湖縣",
    "description": "縣道201線鐵線段1.95K",
    "id": "7e3214cfc8ca",
    "last_seen": "2026-08-11",
    "section_id": null,
    "section_role": null,
    "source": "gov.tw:7320",
    "speed_limit": 70,
    "type": "fixed"
   },
   "type": "Feature"
  },
  {
   "geometry": {
    "coordinates": [
     120.637,
     24.09453
    ],
    "type": "Point"
   },
   "properties": {
    "bearing": null,
    "city": "臺中市",
    "description": "烏日區環河路二段(近春源鋼鐵公司)",
    "id": "7e41d6fdd655",
    "last_seen": "2026-08-11",
    "section_id": null,
    "section_role": null,
    "source": "gov.tw:7320",
    "speed_limit": 60,
    "type": "fixed"
   },
   "type": "Feature"
  },
  {
   "geometry": {
    "coordinates": [
     121.69552,
     25.087847
    ],
    "type": "Point"
   },
   "properties": {
    "bearing": 180.0,
    "city": "基隆市",
    "description": "實踐路294巷口",
    "id": "7e6bf5a5f415",
    "last_seen": "2026-08-11",
    "section_id": null,
    "section_role": null,
    "source": "gov.tw:7320",
    "speed_limit": 50,
    "type": "fixed"
   },
   "type": "Feature"
  },
  {
   "geometry": {
    "coordinates": [
     120.674286,
     24.181917
    ],
    "type": "Point"
   },
   "properties": {
    "bearing": 90.0,
    "city": "臺中市",
    "description": "北屯區四平路仁愛公園旁",
    "id": "7ef1f597695a",
    "last_seen": "2026-08-11",
    "section_id": null,
    "section_role": null,
    "source": "gov.tw:7320",
    "speed_limit": 50,
    "type": "fixed"
   },
   "type": "Feature"
  },
  {
   "geometry": {
    "coordinates": [
     120.360504,
     22.732006
    ],
    "type": "Point"
   },
   "properties": {
    "bearing": 270.0,
    "city": "高雄市",
    "description": "和平路一段710-1號前",
    "id": "7f7bc6050a26",
    "last_seen": "2026-08-11",
    "section_id": null,
    "section_role": null,
    "source": "gov.tw:7320",
    "speed_limit": 60,
    "type": "fixed"
   },
   "type": "Feature"
  },
  {
   "geometry": {
    "coordinates": [
     121.816315,
     24.746742
    ],
    "type": "Point"
   },
   "properties": {
    "bearing": null,
    "city": "宜蘭縣",
    "description": "台2線148k+400m後埤段北上",
    "id": "7ff39cf189a7",
    "last_seen": "2026-08-11",
    "section_id": null,
    "section_role": null,
    "source": "gov.tw:7320",
    "speed_limit": 60,
    "type": "fixed"
   },
   "type": "Feature"
  },
  {
   "geometry": {
    "coordinates": [
     121.29728,
     24.930553
    ],
    "type": "Point"
   },
   "properties": {
    "bearing": null,
    "city": "桃園市",
    "description": "介壽路二段1216號對面(介壽路二段與興豐路口)",
    "id": "801ccc514521",
    "last_seen": "2026-08-11",
    "section_id": null,
    "section_role": null,
    "source": "gov.tw:7320",
    "speed_limit": 50,
    "type": "fixed"
   },
   "type": "Feature"
  },
  {
   "geometry": {
    "coordinates": [
     120.59753,
     23.596443
    ],
    "type": "Point"
   },
   "properties": {
    "bearing": null,
    "city": "雲林縣",
    "description": "古坑鄉149縣道32k+700M處",
    "id": "8030d0ebcaba",
    "last_seen": "2026-08-11",
    "section_id": null,
    "section_role": null,
    "source": "gov.tw:7320",
    "speed_limit": 40,
    "type": "fixed"
   },
   "type": "Feature"
  },
  {
   "geometry": {
    "coordinates": [
     120.21778,
     23.231804
    ],
    "type": "Point"
   },
   "properties": {
    "bearing": null,
    "city": "臺南市",
    "description": "臺84線快速公路10.2公里處",
    "id": "803af1437caf",
    "last_seen": "2026-08-11",
    "section_id": null,
    "section_role": null,
    "source": "gov.tw:7320",
    "speed_limit": 100,
    "type": "fixed"
   },
   "type": "Feature"
  },
  {
   "geometry": {
    "coordinates": [
     121.58999,
     25.074657
    ],
    "type": "Point"
   },
   "properties": {
    "bearing": 0.0,
    "city": "臺北市",
    "description": "成功路2段373號前",
    "id": "805cd6936557",
    "last_seen": "2026-08-11",
    "section_id": null,
    "section_role": null,
    "source": "gov.tw:7320",
    "speed_limit": 50,
    "type": "fixed"
   },
   "type": "Feature"
  },
  {
   "geometry": {
    "coordinates": [
     120.36489,
     23.374134
    ],
    "type": "Point"
   },
   "properties": {
    "bearing": null,
    "city": "臺南市",
    "description": "臺1線281.9公里處後壁陸橋北端",
    "id": "805ddf50c264",
    "last_seen": "2026-08-11",
    "section_id": null,
    "section_role": null,
    "source": "gov.tw:7320",
    "speed_limit": 70,
    "type": "fixed"
   },
   "type": "Feature"
  },
  {
   "geometry": {
    "coordinates": [
     120.42038,
     24.081823
    ],
    "type": "Point"
   },
   "properties": {
    "bearing": null,
    "city": "彰化縣",
    "description": "鹿港鎮台61線177至168.1公里(快速道路)(20公噸以上大貨車速限80公里/小時)",
    "id": "8065d5d9c25c",
    "last_seen": "2026-08-11",
    "section_id": null,
    "section_role": null,
    "source": "gov.tw:7320",
    "speed_limit": 90,
    "type": "fixed"
   },
   "type": "Feature"
  },
  {
   "geometry": {
    "coordinates": [
     120.488914,
     23.728313
    ],
    "type": "Point"
   },
   "properties": {
    "bearing": null,
    "city": "雲林縣",
    "description": "虎尾鎮台1線公路與雲74線路口(惠來派出所前)",
    "id": "8078d6aec86e",
    "last_seen": "2026-08-11",
    "section_id": null,
    "section_role": null,
    "source": "gov.tw:7320",
    "speed_limit": 70,
    "type": "fixed"
   },
   "type": "Feature"
  },
  {
   "geometry": {
    "coordinates": [
     120.59475,
     24.196201
    ],
    "type": "Point"
   },
   "properties": {
    "bearing": 180.0,
    "city": "臺中市",
    "description": "西屯區都會園路(往西屯路距都會公園1.35公里)",
    "id": "809dc4b75c49",
    "last_seen": "2026-08-11",
    "section_id": null,
    "section_role": null,
    "source": "gov.tw:7320",
    "speed_limit": 50,
    "type": "fixed"
   },
   "type": "Feature"
  },
  {
   "geometry": {
    "coordinates": [
     120.64162,
     24.365833
    ],
    "type": "Point"
   },
   "properties": {
    "bearing": 180.0,
    "city": "臺中市",
    "description": "大安溪橋南端橋墩南下車道(經國路東西七路口)",
    "id": "80c807114c7b",
    "last_seen": "2026-08-11",
    "section_id": null,
    "section_role": null,
    "source": "gov.tw:7320",
    "speed_limit": 70,
    "type": "fixed"
   },
   "type": "Feature"
  },
  {
   "geometry": {
    "coordinates": [
     118.33072,
     24.448359
    ],
    "type": "Point"
   },
   "properties": {
    "bearing": null,
    "city": "金門縣",
    "description": "金寧鄉環島北路一段(鎮西路段)",
    "id": "810a13917732",
    "last_seen": "2026-08-11",
    "section_id": null,
    "section_role": null,
    "source": "gov.tw:7320",
    "speed_limit": 50,
    "type": "fixed"
   },
   "type": "Feature"
  },
  {
   "geometry": {
    "coordinates": [
     121.369965,
     25.04303
    ],
    "type": "Point"
   },
   "properties": {
    "bearing": null,
    "city": "桃園市",
    "description": "復興三路500號對面",
    "id": "812e455e6e0b",
    "last_seen": "2026-08-11",
    "section_id": null,
    "section_role": null,
    "source": "gov.tw:7320",
    "speed_limit": 50,
    "type": "fixed"
   },
   "type": "Feature"
  },
  {
   "geometry": {
    "coordinates": [
     120.183876,
     22.9588
    ],
    "type": "Point"
   },
   "properties": {
    "bearing": 0.0,
    "city": "臺南市",
    "description": "濱南路-鯤鯓路口",
    "id": "813c83381d60",
    "last_seen": "2026-08-11",
    "section_id": null,
    "section_role": null,
    "source": "gov.tw:7320",
    "speed_limit": 60,
    "type": "fixed"
   },
   "type": "Feature"
  },
  {
   "geometry": {
    "coordinates": [
     120.303055,
     22.965597
    ],
    "type": "Point"
   },
   "properties": {
    "bearing": 270.0,
    "city": "臺南市",
    "description": "182線12.1公里忠孝南北路口",
    "id": "8153eb7c80f4",
    "last_seen": "2026-08-11",
    "section_id": null,
    "section_role": null,
    "source": "gov.tw:7320",
    "speed_limit": 50,
    "type": "fixed"
   },
   "type": "Feature"
  },
  {
   "geometry": {
    "coordinates": [
     121.61222,
     25.05411
    ],
    "type": "Point"
   },
   "properties": {
    "bearing": 270.0,
    "city": "臺北市",
    "description": "市民大道8段東南街口",
    "id": "8194af242c7f",
    "last_seen": "2026-08-11",
    "section_id": null,
    "section_role": null,
    "source": "gov.tw:7320",
    "speed_limit": 50,
    "type": "fixed"
   },
   "type": "Feature"
  },
  {
   "geometry": {
    "coordinates": [
     121.27918,
     24.908733
    ],
    "type": "Point"
   },
   "properties": {
    "bearing": null,
    "city": "桃園市",
    "description": "埔頂路二段72號前",
    "id": "81bb191966b5",
    "last_seen": "2026-08-11",
    "section_id": null,
    "section_role": null,
    "source": "gov.tw:7320",
    "speed_limit": 50,
    "type": "fixed"
   },
   "type": "Feature"
  },
  {
   "geometry": {
    "coordinates": [
     120.4934,
     22.91339
    ],
    "type": "Point"
   },
   "properties": {
    "bearing": 180.0,
    "city": "高雄市",
    "description": "旗甲路一段(圓潭橋前）",
    "id": "81bb94854d91",
    "last_seen": "2026-08-11",
    "section_id": null,
    "section_role": null,
    "source": "gov.tw:7320",
    "speed_limit": 60,
    "type": "fixed"
   },
   "type": "Feature"
  },
  {
   "geometry": {
    "coordinates": [
     118.327385,
     24.435467
    ],
    "type": "Point"
   },
   "properties": {
    "bearing": null,
    "city": "金門縣",
    "description": "金城鎮伯玉路一段217-1號",
    "id": "81c749e40a1a",
    "last_seen": "2026-08-11",
    "section_id": null,
    "section_role": null,
    "source": "gov.tw:7320",
    "speed_limit": 50,
    "type": "fixed"
   },
   "type": "Feature"
  },
  {
   "geometry": {
    "coordinates": [
     120.59287,
     24.0745
    ],
    "type": "Point"
   },
   "properties": {
    "bearing": null,
    "city": "彰化縣",
    "description": "彰化市台74甲線2.2公里(慢車道速限40公里/小時)",
    "id": "81d08546251c",
    "last_seen": "2026-08-11",
    "section_id": null,
    "section_role": null,
    "source": "gov.tw:7320",
    "speed_limit": 70,
    "type": "fixed"
   },
   "type": "Feature"
  },
  {
   "geometry": {
    "coordinates": [
     120.53039,
     23.715603
    ],
    "type": "Point"
   },
   "properties": {
    "bearing": 180.0,
    "city": "雲林縣",
    "description": "斗六市西平路與正心路口",
    "id": "8262f11a0690",
    "last_seen": "2026-08-11",
    "section_id": null,
    "section_role": null,
    "source": "gov.tw:7320",
    "speed_limit": 50,
    "type": "fixed"
   },
   "type": "Feature"
  },
  {
   "geometry": {
    "coordinates": [
     121.266235,
     24.826963
    ],
    "type": "Point"
   },
   "properties": {
    "bearing": null,
    "city": "桃園市",
    "description": "康莊路五段6號前",
    "id": "82bf7fb8e50c",
    "last_seen": "2026-08-11",
    "section_id": null,
    "section_role": null,
    "source": "gov.tw:7320",
    "speed_limit": 60,
    "type": "fixed"
   },
   "type": "Feature"
  },
  {
   "geometry": {
    "coordinates": [
     121.62563,
     25.016525
    ],
    "type": "Point"
   },
   "properties": {
    "bearing": 135.0,
    "city": "新北市",
    "description": "深南路與風格街口（往南港或深坑方向）",
    "id": "82cf0755bb49",
    "last_seen": "2026-08-11",
    "section_id": null,
    "section_role": null,
    "source": "gov.tw:7320",
    "speed_limit": 40,
    "type": "fixed"
   },
   "type": "Feature"
  },
  {
   "geometry": {
    "coordinates": [
     120.42356,
     23.717049
    ],
    "type": "Point"
   },
   "properties": {
    "bearing": 90.0,
    "city": "雲林縣",
    "description": "虎尾鎮文科路與廉使路路口",
    "id": "833c503e1558",
    "last_seen": "2026-08-11",
    "section_id": null,
    "section_role": null,
    "source": "gov.tw:7320",
    "speed_limit": 60,
    "type": "fixed"
   },
   "type": "Feature"
  },
  {
   "geometry": {
    "coordinates": [
     121.08704,
     25.02534
    ],
    "type": "Point"
   },
   "properties": {
    "bearing": null,
    "city": "桃園市",
    "description": "濱海路廣興段845號前",
    "id": "8371083353db",
    "last_seen": "2026-08-11",
    "section_id": null,
    "section_role": null,
    "source": "gov.tw:7320",
    "speed_limit": 70,
    "type": "fixed"
   },
   "type": "Feature"
  },
  {
   "geometry": {
    "coordinates": [
     121.60424,
     25.071281
    ],
    "type": "Point"
   },
   "properties": {
    "bearing": 270.0,
    "city": "臺北市",
    "description": "民權東路六段423巷口",
    "id": "837d7f95d5d9",
    "last_seen": "2026-08-11",
    "section_id": null,
    "section_role": null,
    "source": "gov.tw:7320",
    "speed_limit": 50,
    "type": "fixed"
   },
   "type": "Feature"
  },
  {
   "geometry": {
    "coordinates": [
     120.351364,
     23.706821
    ],
    "type": "Point"
   },
   "properties": {
    "bearing": null,
    "city": "雲林縣",
    "description": "土庫鎮158甲縣道14k+70m處 (馬光國小後門)",
    "id": "837e64917edd",
    "last_seen": "2026-08-11",
    "section_id": null,
    "section_role": null,
    "source": "gov.tw:7320",
    "speed_limit": 40,
    "type": "fixed"
   },
   "type": "Feature"
  },
  {
   "geometry": {
    "coordinates": [
     120.66728,
     23.930708
    ],
    "type": "Point"
   },
   "properties": {
    "bearing": null,
    "city": "南投縣",
    "description": "南崗三路及成功三路口",
    "id": "83aa0258214f",
    "last_seen": "2026-08-11",
    "section_id": null,
    "section_role": null,
    "source": "gov.tw:7320",
    "speed_limit": 60,
    "type": "fixed"
   },
   "type": "Feature"
  },
  {
   "geometry": {
    "coordinates": [
     121.77834,
     25.12806
    ],
    "type": "Point"
   },
   "properties": {
    "bearing": 0.0,
    "city": "基隆市",
    "description": "台62甲線孝東匝道口",
    "id": "83b05ead6d0f",
    "last_seen": "2026-08-11",
    "section_id": null,
    "section_role": null,
    "source": "gov.tw:7320",
    "speed_limit": 40,
    "type": "fixed"
   },
   "type": "Feature"
  },
  {
   "geometry": {
    "coordinates": [
     120.48206,
     22.61914
    ],
    "type": "Point"
   },
   "properties": {
    "bearing": null,
    "city": "屏東縣",
    "description": "台27線62.1K公館外環道",
    "id": "83cfa943511f",
    "last_seen": "2026-08-11",
    "section_id": null,
    "section_role": null,
    "source": "gov.tw:7320",
    "speed_limit": 60,
    "type": "fixed"
   },
   "type": "Feature"
  },
  {
   "geometry": {
    "coordinates": [
     120.748215,
     24.197582
    ],
    "type": "Point"
   },
   "properties": {
    "bearing": 180.0,
    "city": "臺中市",
    "description": "北屯區北屯路與松竹路口(往市區方向)",
    "id": "83f59365f058",
    "last_seen": "2026-08-11",
    "section_id": null,
    "section_role": null,
    "source": "gov.tw:7320",
    "speed_limit": 60,
    "type": "fixed"
   },
   "type": "Feature"
  },
  {
   "geometry": {
    "coordinates": [
     120.44827,
     24.092236
    ],
    "type": "Point"
   },
   "properties": {
    "bearing": null,
    "city": "彰化縣",
    "description": "鹿港鎮台17線31.3公里(長安宮前)",
    "id": "83fef416938c",
    "last_seen": "2026-08-11",
    "section_id": null,
    "section_role": null,
    "source": "gov.tw:7320",
    "speed_limit": 70,
    "type": "fixed"
   },
   "type": "Feature"
  },
  {
   "geometry": {
    "coordinates": [
     119.577995,
     23.519897
    ],
    "type": "Point"
   },
   "properties": {
    "bearing": 270.0,
    "city": "澎湖縣",
    "description": "縣道201線井垵段5.6K",
    "id": "84231435790e",
    "last_seen": "2026-08-11",
    "section_id": null,
    "section_role": null,
    "source": "gov.tw:7320",
    "speed_limit": 50,
    "type": "fixed"
   },
   "type": "Feature"
  },
  {
   "geometry": {
    "coordinates": [
     120.657326,
     24.13757
    ],
    "type": "Point"
   },
   "properties": {
    "bearing": null,
    "city": "臺中市",
    "description": "西區忠明南路與忠明南路326巷口",
    "id": "84530fb91d03",
    "last_seen": "2026-08-11",
    "section_id": null,
    "section_role": null,
    "source": "gov.tw:7320",
    "speed_limit": 50,
    "type": "fixed"
   },
   "type": "Feature"
  },
  {
   "geometry": {
    "coordinates": [
     121.60344,
     24.999569
    ],
    "type": "Point"
   },
   "properties": {
    "bearing": 135.0,
    "city": "新北市",
    "description": "106乙線0.5公里（往深坑）",
    "id": "845a2340a627",
    "last_seen": "2026-08-11",
    "section_id": null,
    "section_role": null,
    "source": "gov.tw:7320",
    "speed_limit": 60,
    "type": "fixed"
   },
   "type": "Feature"
  },
  {
   "geometry": {
    "coordinates": [
     121.37562,
     25.01177
    ],
    "type": "Point"
   },
   "properties": {
    "bearing": null,
    "city": "桃園市",
    "description": "萬壽路一段(東萬壽路309巷-萬壽路一段1275巷)",
    "id": "8478815f4c5f",
    "last_seen": "2026-08-11",
    "section_id": null,
    "section_role": null,
    "source": "gov.tw:7320",
    "speed_limit": 50,
    "type": "fixed"
   },
   "type": "Feature"
  },
  {
   "geometry": {
    "coordinates": [
     121.50858,
     25.043074
    ],
    "type": "Point"
   },
   "properties": {
    "bearing": 0.0,
    "city": "臺北市",
    "description": "中華路1段53號前",
    "id": "84906c966d34",
    "last_seen": "2026-08-11",
    "section_id": null,
    "section_role": null,
    "source": "gov.tw:7320",
    "speed_limit": 50,
    "type": "fixed"
   },
   "type": "Feature"
  },
  {
   "geometry": {
    "coordinates": [
     121.566376,
     25.076668
    ],
    "type": "Point"
   },
   "properties": {
    "bearing": 90.0,
    "city": "臺北市",
    "description": "樂群一路(基湖路口西往東天橋下(金泰公園))",
    "id": "8499ff91afab",
    "last_seen": "2026-08-11",
    "section_id": null,
    "section_role": null,
    "source": "gov.tw:7320",
    "speed_limit": 50,
    "type": "fixed"
   },
   "type": "Feature"
  },
  {
   "geometry": {
    "coordinates": [
     120.98484,
     24.91873
    ],
    "type": "Point"
   },
   "properties": {
    "bearing": null,
    "city": "新竹縣",
    "description": "台15線64.4公里處",
    "id": "84a1fbd33164",
    "last_seen": "2026-08-11",
    "section_id": null,
    "section_role": null,
    "source": "gov.tw:7320",
    "speed_limit": 60,
    "type": "fixed"
   },
   "type": "Feature"
  },
  {
   "geometry": {
    "coordinates": [
     120.63327,
     24.302769
    ],
    "type": "Point"
   },
   "properties": {
    "bearing": 270.0,
    "city": "國道四號",
    "description": "國道四號西向4.4公里",
    "id": "84ad55c1342a",
    "last_seen": "2026-08-11",
    "section_id": null,
    "section_role": null,
    "source": "gov.tw:7320",
    "speed_limit": 100,
    "type": "fixed"
   },
   "type": "Feature"
  },
  {
   "geometry": {
    "coordinates": [
     120.33309,
     23.31758
    ],
    "type": "Point"
   },
   "properties": {
    "bearing": null,
    "city": "臺南市",
    "description": "長榮路與臺一線路口",
    "id": "84bd6c4134ad",
    "last_seen": "2026-08-11",
    "section_id": null,
    "section_role": null,
    "source": "gov.tw:7320",
    "speed_limit": 70,
    "type": "fixed"
   },
   "type": "Feature"
  },
  {
   "geometry": {
    "coordinates": [
     120.83144,
     24.551407
    ],
    "type": "Point"
   },
   "properties": {
    "bearing": null,
    "city": "苗栗縣",
    "description": "台6線(經國路)14.5公里處",
    "id": "8506eedf36bc",
    "last_seen": "2026-08-11",
    "section_id": null,
    "section_role": null,
    "source": "gov.tw:7320",
    "speed_limit": 70,
    "type": "fixed"
   },
   "type": "Feature"
  },
  {
   "geometry": {
    "coordinates": [
     120.75099,
     23.814339
    ],
    "type": "Point"
   },
   "properties": {
    "bearing": null,
    "city": "南投縣",
    "description": "臺3丙線4.7公里處",
    "id": "8520dc266279",
    "last_seen": "2026-08-11",
    "section_id": null,
    "section_role": null,
    "source": "gov.tw:7320",
    "speed_limit": 50,
    "type": "fixed"
   },
   "type": "Feature"
  },
  {
   "geometry": {
    "coordinates": [
     120.33743,
     22.570253
    ],
    "type": "Point"
   },
   "properties": {
    "bearing": 180.0,
    "city": "高雄市",
    "description": "中山四路/平和東路",
    "id": "85601a82e514",
    "last_seen": "2026-08-11",
    "section_id": null,
    "section_role": null,
    "source": "gov.tw:7320",
    "speed_limit": 40,
    "type": "fixed"
   },
   "type": "Feature"
  },
  {
   "geometry": {
    "coordinates": [
     120.70083,
     24.17162
    ],
    "type": "Point"
   },
   "properties": {
    "bearing": 270.0,
    "city": "臺中市",
    "description": "北屯區太原路三段與旱溪東路二段",
    "id": "85963417046d",
    "last_seen": "2026-08-11",
    "section_id": null,
    "section_role": null,
    "source": "gov.tw:7320",
    "speed_limit": 60,
    "type": "fixed"
   },
   "type": "Feature"
  },
  {
   "geometry": {
    "coordinates": [
     121.79603,
     24.84921
    ],
    "type": "Point"
   },
   "properties": {
    "bearing": null,
    "city": "宜蘭縣",
    "description": "宜3線3k+850m宜三路南下",
    "id": "85a551650dd2",
    "last_seen": "2026-08-11",
    "section_id": null,
    "section_role": null,
    "source": "gov.tw:7320",
    "speed_limit": 50,
    "type": "fixed"
   },
   "type": "Feature"
  },
  {
   "geometry": {
    "coordinates": [
     120.62993,
     22.653744
    ],
    "type": "Point"
   },
   "properties": {
    "bearing": null,
    "city": "屏東縣",
    "description": "185線33.1K",
    "id": "85b85c46b549",
    "last_seen": "2026-08-11",
    "section_id": null,
    "section_role": null,
    "source": "gov.tw:7320",
    "speed_limit": 50,
    "type": "fixed"
   },
   "type": "Feature"
  },
  {
   "geometry": {
    "coordinates": [
     121.24986,
     25.09486
    ],
    "type": "Point"
   },
   "properties": {
    "bearing": 0.0,
    "city": "桃園市",
    "description": "三民路一段(復興空廚前)",
    "id": "85bf5152d21c",
    "last_seen": "2026-08-11",
    "section_id": null,
    "section_role": null,
    "source": "gov.tw:7320",
    "speed_limit": 50,
    "type": "fixed"
   },
   "type": "Feature"
  },
  {
   "geometry": {
    "coordinates": [
     120.61227,
     22.792568
    ],
    "type": "Point"
   },
   "properties": {
    "bearing": null,
    "city": "屏東縣",
    "description": "產業路225號",
    "id": "85fb6c54528a",
    "last_seen": "2026-08-11",
    "section_id": null,
    "section_role": null,
    "source": "gov.tw:7320",
    "speed_limit": 50,
    "type": "fixed"
   },
   "type": "Feature"
  },
  {
   "geometry": {
    "coordinates": [
     120.57057,
     22.878002
    ],
    "type": "Point"
   },
   "properties": {
    "bearing": 270.0,
    "city": "高雄市",
    "description": "中華路(台28線)與獅山街口",
    "id": "8658594a874e",
    "last_seen": "2026-08-11",
    "section_id": null,
    "section_role": null,
    "source": "gov.tw:7320",
    "speed_limit": 60,
    "type": "fixed"
   },
   "type": "Feature"
  },
  {
   "geometry": {
    "coordinates": [
     120.660736,
     24.110003
    ],
    "type": "Point"
   },
   "properties": {
    "bearing": 180.0,
    "city": "臺中市",
    "description": "南區文心南路930號前",
    "id": "8686279bf07a",
    "last_seen": "2026-08-11",
    "section_id": null,
    "section_role": null,
    "source": "gov.tw:7320",
    "speed_limit": 60,
    "type": "fixed"
   },
   "type": "Feature"
  },
  {
   "geometry": {
    "coordinates": [
     121.68765,
     25.009697
    ],
    "type": "Point"
   },
   "properties": {
    "bearing": 180.0,
    "city": "新北市",
    "description": "106線靜安路1段282號（往平溪）",
    "id": "869d5aba3dd7",
    "last_seen": "2026-08-11",
    "section_id": null,
    "section_role": null,
    "source": "gov.tw:7320",
    "speed_limit": 40,
    "type": "fixed"
   },
   "type": "Feature"
  },
  {
   "geometry": {
    "coordinates": [
     120.57467,
     22.675102
    ],
    "type": "Point"
   },
   "properties": {
    "bearing": 180.0,
    "city": "屏東縣",
    "description": "信義路與大旺路口",
    "id": "86b56c384b8b",
    "last_seen": "2026-08-11",
    "section_id": null,
    "section_role": null,
    "source": "gov.tw:7320",
    "speed_limit": 50,
    "type": "fixed"
   },
   "type": "Feature"
  },
  {
   "geometry": {
    "coordinates": [
     120.73518,
     24.176296
    ],
    "type": "Point"
   },
   "properties": {
    "bearing": 180.0,
    "city": "臺中市",
    "description": "北屯區祥順路二段398號前",
    "id": "86b95217a199",
    "last_seen": "2026-08-11",
    "section_id": null,
    "section_role": null,
    "source": "gov.tw:7320",
    "speed_limit": 50,
    "type": "fixed"
   },
   "type": "Feature"
  },
  {
   "geometry": {
    "coordinates": [
     120.69949,
     24.149633
    ],
    "type": "Point"
   },
   "properties": {
    "bearing": 0.0,
    "city": "臺中市",
    "description": "東區旱溪西路二段17巷口",
    "id": "873cfa71d281",
    "last_seen": "2026-08-11",
    "section_id": null,
    "section_role": null,
    "source": "gov.tw:7320",
    "speed_limit": 50,
    "type": "fixed"
   },
   "type": "Feature"
  },
  {
   "geometry": {
    "coordinates": [
     120.32356,
     23.596136
    ],
    "type": "Point"
   },
   "properties": {
    "bearing": null,
    "city": "雲林縣",
    "description": "北港鎮145縣道40k+750m處",
    "id": "8780f5e50ae7",
    "last_seen": "2026-08-11",
    "section_id": null,
    "section_role": null,
    "source": "gov.tw:7320",
    "speed_limit": 60,
    "type": "fixed"
   },
   "type": "Feature"
  },
  {
   "geometry": {
    "coordinates": [
     121.36436,
     24.79405
    ],
    "type": "Point"
   },
   "properties": {
    "bearing": null,
    "city": "桃園市",
    "description": "台七線羅浮82號前",
    "id": "8783f5fb84f1",
    "last_seen": "2026-08-11",
    "section_id": null,
    "section_role": null,
    "source": "gov.tw:7320",
    "speed_limit": 40,
    "type": "fixed"
   },
   "type": "Feature"
  },
  {
   "geometry": {
    "coordinates": [
     120.52966,
     22.48964
    ],
    "type": "Point"
   },
   "properties": {
    "bearing": null,
    "city": "屏東縣",
    "description": "187乙線勝利路段",
    "id": "87e37dc4cb90",
    "last_seen": "2026-08-11",
    "section_id": null,
    "section_role": null,
    "source": "gov.tw:7320",
    "speed_limit": 50,
    "type": "fixed"
   },
   "type": "Feature"
  },
  {
   "geometry": {
    "coordinates": [
     120.210495,
     23.084492
    ],
    "type": "Point"
   },
   "properties": {
    "bearing": 0.0,
    "city": "臺南市",
    "description": "臺19線132.7公里中崙段",
    "id": "881086b7c1f3",
    "last_seen": "2026-08-11",
    "section_id": null,
    "section_role": null,
    "source": "gov.tw:7320",
    "speed_limit": 50,
    "type": "fixed"
   },
   "type": "Feature"
  },
  {
   "geometry": {
    "coordinates": [
     120.200386,
     23.012684
    ],
    "type": "Point"
   },
   "properties": {
    "bearing": 180.0,
    "city": "臺南市",
    "description": "海安路-文成路口",
    "id": "8882b1014fe2",
    "last_seen": "2026-08-11",
    "section_id": null,
    "section_role": null,
    "source": "gov.tw:7320",
    "speed_limit": 50,
    "type": "fixed"
   },
   "type": "Feature"
  },
  {
   "geometry": {
    "coordinates": [
     121.70143,
     25.089521
    ],
    "type": "Point"
   },
   "properties": {
    "bearing": null,
    "city": "基隆市",
    "description": "工建路7號前",
    "id": "888f5f03295f",
    "last_seen": "2026-08-11",
    "section_id": null,
    "section_role": null,
    "source": "gov.tw:7320",
    "speed_limit": 50,
    "type": "fixed"
   },
   "type": "Feature"
  },
  {
   "geometry": {
    "coordinates": [
     120.54913,
     23.623583
    ],
    "type": "Point"
   },
   "properties": {
    "bearing": null,
    "city": "雲林縣",
    "description": "古坑鄉台 3線公路261k+850m處",
    "id": "892991385f91",
    "last_seen": "2026-08-11",
    "section_id": null,
    "section_role": null,
    "source": "gov.tw:7320",
    "speed_limit": 50,
    "type": "fixed"
   },
   "type": "Feature"
  },
  {
   "geometry": {
    "coordinates": [
     120.38451,
     23.496267
    ],
    "type": "Point"
   },
   "properties": {
    "bearing": null,
    "city": "嘉義縣",
    "description": "太保市159線與嘉64線路口",
    "id": "89ad92779cb1",
    "last_seen": "2026-08-11",
    "section_id": null,
    "section_role": null,
    "source": "gov.tw:7320",
    "speed_limit": 50,
    "type": "fixed"
   },
   "type": "Feature"
  },
  {
   "geometry": {
    "coordinates": [
     121.26347,
     25.116959
    ],
    "type": "Point"
   },
   "properties": {
    "bearing": null,
    "city": "桃園市",
    "description": "濱海路一段與海湖北路",
    "id": "89c2abc7942d",
    "last_seen": "2026-08-11",
    "section_id": null,
    "section_role": null,
    "source": "gov.tw:7320",
    "speed_limit": 70,
    "type": "fixed"
   },
   "type": "Feature"
  },
  {
   "geometry": {
    "coordinates": [
     120.483376,
     22.892141
    ],
    "type": "Point"
   },
   "properties": {
    "bearing": 180.0,
    "city": "高雄市",
    "description": "旗山區中華路與延平一路口",
    "id": "89eda32960d2",
    "last_seen": "2026-08-11",
    "section_id": null,
    "section_role": null,
    "source": "gov.tw:7320",
    "speed_limit": 50,
    "type": "fixed"
   },
   "type": "Feature"
  },
  {
   "geometry": {
    "coordinates": [
     120.70938,
     23.789066
    ],
    "type": "Point"
   },
   "properties": {
    "bearing": null,
    "city": "南投縣",
    "description": "臺3線227.7公里",
    "id": "8a04b58ef18e",
    "last_seen": "2026-08-11",
    "section_id": null,
    "section_role": null,
    "source": "gov.tw:7320",
    "speed_limit": 60,
    "type": "fixed"
   },
   "type": "Feature"
  },
  {
   "geometry": {
    "coordinates": [
     120.4732,
     23.884268
    ],
    "type": "Point"
   },
   "properties": {
    "bearing": null,
    "city": "彰化縣",
    "description": "埤頭鄉台19線25.3公里(東外環)",
    "id": "8a1626ad29ed",
    "last_seen": "2026-08-11",
    "section_id": null,
    "section_role": null,
    "source": "gov.tw:7320",
    "speed_limit": 70,
    "type": "fixed"
   },
   "type": "Feature"
  },
  {
   "geometry": {
    "coordinates": [
     120.401024,
     24.124218
    ],
    "type": "Point"
   },
   "properties": {
    "bearing": 0.0,
    "city": "國道一號",
    "description": "國道一號北向172.8公里",
    "id": "8a302012096d",
    "last_seen": "2026-08-11",
    "section_id": null,
    "section_role": null,
    "source": "gov.tw:7320",
    "speed_limit": 110,
    "type": "fixed"
   },
   "type": "Feature"
  },
  {
   "geometry": {
    "coordinates": [
     121.73922,
     25.133802
    ],
    "type": "Point"
   },
   "properties": {
    "bearing": 0.0,
    "city": "基隆市",
    "description": "西岸高架橋北端路口處",
    "id": "8a526865ee16",
    "last_seen": "2026-08-11",
    "section_id": null,
    "section_role": null,
    "source": "gov.tw:7320",
    "speed_limit": 50,
    "type": "fixed"
   },
   "type": "Feature"
  },
  {
   "geometry": {
    "coordinates": [
     120.42732,
     22.558868
    ],
    "type": "Point"
   },
   "properties": {
    "bearing": 0.0,
    "city": "高雄市",
    "description": "華中南路373號前",
    "id": "8a6544f2a46c",
    "last_seen": "2026-08-11",
    "section_id": null,
    "section_role": null,
    "source": "gov.tw:7320",
    "speed_limit": 50,
    "type": "fixed"
   },
   "type": "Feature"
  },
  {
   "geometry": {
    "coordinates": [
     120.26776,
     23.093756
    ],
    "type": "Point"
   },
   "properties": {
    "bearing": 270.0,
    "city": "臺南市",
    "description": "南科三路與道爺路口",
    "id": "8ab792363b7c",
    "last_seen": "2026-08-11",
    "section_id": null,
    "section_role": null,
    "source": "gov.tw:7320",
    "speed_limit": 50,
    "type": "fixed"
   },
   "type": "Feature"
  },
  {
   "geometry": {
    "coordinates": [
     121.006386,
     24.780663
    ],
    "type": "Point"
   },
   "properties": {
    "bearing": 0.0,
    "city": "新竹市",
    "description": "新竹科學園區新安路近園區一路",
    "id": "8ad9f06e25f4",
    "last_seen": "2026-08-11",
    "section_id": null,
    "section_role": null,
    "source": "gov.tw:7320",
    "speed_limit": 50,
    "type": "fixed"
   },
   "type": "Feature"
  },
  {
   "geometry": {
    "coordinates": [
     119.61055,
     23.55247
    ],
    "type": "Point"
   },
   "properties": {
    "bearing": 180.0,
    "city": "澎湖縣",
    "description": "縣道201線興仁岔路口",
    "id": "8b20a0c25d5f",
    "last_seen": "2026-08-11",
    "section_id": null,
    "section_role": null,
    "source": "gov.tw:7320",
    "speed_limit": 50,
    "type": "fixed"
   },
   "type": "Feature"
  },
  {
   "geometry": {
    "coordinates": [
     120.54362,
     24.178783
    ],
    "type": "Point"
   },
   "properties": {
    "bearing": 0.0,
    "city": "臺中市",
    "description": "龍井區中華路一段(台1線175.5k)",
    "id": "8b2c5e9a8b01",
    "last_seen": "2026-08-11",
    "section_id": null,
    "section_role": null,
    "source": "gov.tw:7320",
    "speed_limit": 70,
    "type": "fixed"
   },
   "type": "Feature"
  },
  {
   "geometry": {
    "coordinates": [
     120.576904,
     23.935686
    ],
    "type": "Point"
   },
   "properties": {
    "bearing": null,
    "city": "彰化縣",
    "description": "社頭鄉員集路(縣141線)與崙饒路口",
    "id": "8b3b2f1f5817",
    "last_seen": "2026-08-11",
    "section_id": null,
    "section_role": null,
    "source": "gov.tw:7320",
    "speed_limit": 50,
    "type": "fixed"
   },
   "type": "Feature"
  },
  {
   "geometry": {
    "coordinates": [
     121.56098,
     25.290787
    ],
    "type": "Point"
   },
   "properties": {
    "bearing": 90.0,
    "city": "新北市",
    "description": "台2線27.5公里（石門加油站前）往金山方向",
    "id": "8b54595d49be",
    "last_seen": "2026-08-11",
    "section_id": null,
    "section_role": null,
    "source": "gov.tw:7320",
    "speed_limit": 50,
    "type": "fixed"
   },
   "type": "Feature"
  },
  {
   "geometry": {
    "coordinates": [
     120.55233,
     22.71414
    ],
    "type": "Point"
   },
   "properties": {
    "bearing": null,
    "city": "屏東縣",
    "description": "德新路與新榮路口",
    "id": "8bbbb984e683",
    "last_seen": "2026-08-11",
    "section_id": null,
    "section_role": null,
    "source": "gov.tw:7320",
    "speed_limit": 50,
    "type": "fixed"
   },
   "type": "Feature"
  },
  {
   "geometry": {
    "coordinates": [
     121.539116,
     25.001501
    ],
    "type": "Point"
   },
   "properties": {
    "bearing": 180.0,
    "city": "臺北市",
    "description": "羅斯福路5段240號前(近興隆路口)",
    "id": "8c4aa22133bb",
    "last_seen": "2026-08-11",
    "section_id": null,
    "section_role": null,
    "source": "gov.tw:7320",
    "speed_limit": 50,
    "type": "fixed"
   },
   "type": "Feature"
  },
  {
   "geometry": {
    "coordinates": [
     121.515686,
     25.028524
    ],
    "type": "Point"
   },
   "properties": {
    "bearing": null,
    "city": "臺北市",
    "description": "重慶南路3段27巷口",
    "id": "8c64ac4ce507",
    "last_seen": "2026-08-11",
    "section_id": null,
    "section_role": null,
    "source": "gov.tw:7320",
    "speed_limit": 50,
    "type": "fixed"
   },
   "type": "Feature"
  },
  {
   "geometry": {
    "coordinates": [
     121.438286,
     24.980099
    ],
    "type": "Point"
   },
   "properties": {
    "bearing": 0.0,
    "city": "新北市",
    "description": "台65線快速公路10.4公里（往板橋）",
    "id": "8c6ca00d070f",
    "last_seen": "2026-08-11",
    "section_id": null,
    "section_role": null,
    "source": "gov.tw:7320",
    "speed_limit": 60,
    "type": "fixed"
   },
   "type": "Feature"
  },
  {
   "geometry": {
    "coordinates": [
     120.62042,
     22.598347
    ],
    "type": "Point"
   },
   "properties": {
    "bearing": null,
    "city": "屏東縣",
    "description": "185線39.43K",
    "id": "8c9bcd3c9d08",
    "last_seen": "2026-08-11",
    "section_id": null,
    "section_role": null,
    "source": "gov.tw:7320",
    "speed_limit": 60,
    "type": "fixed"
   },
   "type": "Feature"
  },
  {
   "geometry": {
    "coordinates": [
     121.36546,
     25.05788
    ],
    "type": "Point"
   },
   "properties": {
    "bearing": null,
    "city": "桃園市",
    "description": "復興一路218號前(復興一路與文化二路口)",
    "id": "8c9e802e15ed",
    "last_seen": "2026-08-11",
    "section_id": null,
    "section_role": null,
    "source": "gov.tw:7320",
    "speed_limit": 50,
    "type": "fixed"
   },
   "type": "Feature"
  },
  {
   "geometry": {
    "coordinates": [
     121.72788,
     24.69807
    ],
    "type": "Point"
   },
   "properties": {
    "bearing": null,
    "city": "宜蘭縣",
    "description": "宜61線3ｋ+600ｍ大洲段南下",
    "id": "8ceb2dbaedfd",
    "last_seen": "2026-08-11",
    "section_id": null,
    "section_role": null,
    "source": "gov.tw:7320",
    "speed_limit": 60,
    "type": "fixed"
   },
   "type": "Feature"
  },
  {
   "geometry": {
    "coordinates": [
     121.52216,
     25.080551
    ],
    "type": "Point"
   },
   "properties": {
    "bearing": 180.0,
    "city": "臺北市",
    "description": "承德路4段通河街口",
    "id": "8cec43a894ab",
    "last_seen": "2026-08-11",
    "section_id": null,
    "section_role": null,
    "source": "gov.tw:7320",
    "speed_limit": 50,
    "type": "fixed"
   },
   "type": "Feature"
  },
  {
   "geometry": {
    "coordinates": [
     121.59186,
     25.050976
    ],
    "type": "Point"
   },
   "properties": {
    "bearing": 270.0,
    "city": "臺北市",
    "description": "市民大道7段近昆陽街口",
    "id": "8d4c6534c1d9",
    "last_seen": "2026-08-11",
    "section_id": null,
    "section_role": null,
    "source": "gov.tw:7320",
    "speed_limit": 50,
    "type": "fixed"
   },
   "type": "Feature"
  },
  {
   "geometry": {
    "coordinates": [
     120.948944,
     24.7953
    ],
    "type": "Point"
   },
   "properties": {
    "bearing": 0.0,
    "city": "新竹市",
    "description": "中華路四段224巷口",
    "id": "8d4c7cd3d5c6",
    "last_seen": "2026-08-11",
    "section_id": null,
    "section_role": null,
    "source": "gov.tw:7320",
    "speed_limit": 60,
    "type": "fixed"
   },
   "type": "Feature"
  },
  {
   "geometry": {
    "coordinates": [
     119.60072,
     23.630825
    ],
    "type": "Point"
   },
   "properties": {
    "bearing": 315.0,
    "city": "澎湖縣",
    "description": "縣道203線講美段11.72K",
    "id": "8da758d1c916",
    "last_seen": "2026-08-11",
    "section_id": null,
    "section_role": null,
    "source": "gov.tw:7320",
    "speed_limit": 50,
    "type": "fixed"
   },
   "type": "Feature"
  },
  {
   "geometry": {
    "coordinates": [
     120.23424,
     22.994543
    ],
    "type": "Point"
   },
   "properties": {
    "bearing": 0.0,
    "city": "臺南市",
    "description": "中華東路-平實五街路口",
    "id": "8dc2008e0ffe",
    "last_seen": "2026-08-11",
    "section_id": null,
    "section_role": null,
    "source": "gov.tw:7320",
    "speed_limit": 60,
    "type": "fixed"
   },
   "type": "Feature"
  },
  {
   "geometry": {
    "coordinates": [
     121.53627,
     25.077879
    ],
    "type": "Point"
   },
   "properties": {
    "bearing": null,
    "city": "臺北市",
    "description": "北安路303號前",
    "id": "8dc53421c23e",
    "last_seen": "2026-08-11",
    "section_id": null,
    "section_role": null,
    "source": "gov.tw:7320",
    "speed_limit": 50,
    "type": "fixed"
   },
   "type": "Feature"
  },
  {
   "geometry": {
    "coordinates": [
     121.048615,
     24.876383
    ],
    "type": "Point"
   },
   "properties": {
    "bearing": 180.0,
    "city": "國道一號",
    "description": "國道一號南向81.8公里",
    "id": "8dcd1445a92e",
    "last_seen": "2026-08-11",
    "section_id": null,
    "section_role": null,
    "source": "gov.tw:7320",
    "speed_limit": 100,
    "type": "fixed"
   },
   "type": "Feature"
  },
  {
   "geometry": {
    "coordinates": [
     121.11509,
     25.024027
    ],
    "type": "Point"
   },
   "properties": {
    "bearing": null,
    "city": "桃園市",
    "description": "中山路一段1399號旁",
    "id": "8de84a7ec65f",
    "last_seen": "2026-08-11",
    "section_id": null,
    "section_role": null,
    "source": "gov.tw:7320",
    "speed_limit": 60,
    "type": "fixed"
   },
   "type": "Feature"
  },
  {
   "geometry": {
    "coordinates": [
     119.65682,
     23.584118
    ],
    "type": "Point"
   },
   "properties": {
    "bearing": 90.0,
    "city": "澎湖縣",
    "description": "縣道202線湖西段7.1k",
    "id": "8df163eaebf4",
    "last_seen": "2026-08-11",
    "section_id": null,
    "section_role": null,
    "source": "gov.tw:7320",
    "speed_limit": 50,
    "type": "fixed"
   },
   "type": "Feature"
  },
  {
   "geometry": {
    "coordinates": [
     121.310555,
     24.999952
    ],
    "type": "Point"
   },
   "properties": {
    "bearing": null,
    "city": "桃園市",
    "description": "三民路二段與民生路口",
    "id": "8dfd8db660aa",
    "last_seen": "2026-08-11",
    "section_id": null,
    "section_role": null,
    "source": "gov.tw:7320",
    "speed_limit": 50,
    "type": "fixed"
   },
   "type": "Feature"
  },
  {
   "geometry": {
    "coordinates": [
     120.30153,
     23.398693
    ],
    "type": "Point"
   },
   "properties": {
    "bearing": null,
    "city": "嘉義縣",
    "description": "鹿草鄉163線21.65K",
    "id": "8e400adb1594",
    "last_seen": "2026-08-11",
    "section_id": null,
    "section_role": null,
    "source": "gov.tw:7320",
    "speed_limit": 50,
    "type": "fixed"
   },
   "type": "Feature"
  },
  {
   "geometry": {
    "coordinates": [
     120.27526,
     22.94757
    ],
    "type": "Point"
   },
   "properties": {
    "bearing": 0.0,
    "city": "臺南市",
    "description": "臺39線10公里",
    "id": "8e40bb77d53b",
    "last_seen": "2026-08-11",
    "section_id": null,
    "section_role": null,
    "source": "gov.tw:7320",
    "speed_limit": 70,
    "type": "fixed"
   },
   "type": "Feature"
  },
  {
   "geometry": {
    "coordinates": [
     120.23383,
     23.008518
    ],
    "type": "Point"
   },
   "properties": {
    "bearing": 180.0,
    "city": "臺南市",
    "description": "中華路與中華二路口",
    "id": "8e5fcfd0f835",
    "last_seen": "2026-08-11",
    "section_id": null,
    "section_role": null,
    "source": "gov.tw:7320",
    "speed_limit": 50,
    "type": "fixed"
   },
   "type": "Feature"
  },
  {
   "geometry": {
    "coordinates": [
     121.22243,
     24.865482
    ],
    "type": "Point"
   },
   "properties": {
    "bearing": null,
    "city": "桃園市",
    "description": "大昌路二段145-1號前(大昌路二段與五福街口)",
    "id": "8e75f47674fa",
    "last_seen": "2026-08-11",
    "section_id": null,
    "section_role": null,
    "source": "gov.tw:7320",
    "speed_limit": 50,
    "type": "fixed"
   },
   "type": "Feature"
  },
  {
   "geometry": {
    "coordinates": [
     121.68742,
     25.075933
    ],
    "type": "Point"
   },
   "properties": {
    "bearing": 0.0,
    "city": "基隆市",
    "description": "明德三路(長春貨櫃)",
    "id": "8e9c1ec92d77",
    "last_seen": "2026-08-11",
    "section_id": null,
    "section_role": null,
    "source": "gov.tw:7320",
    "speed_limit": 50,
    "type": "fixed"
   },
   "type": "Feature"
  },
  {
   "geometry": {
    "coordinates": [
     120.40384,
     22.561409
    ],
    "type": "Point"
   },
   "properties": {
    "bearing": null,
    "city": "高雄市",
    "description": "大寮區新厝路296-1號前",
    "id": "8ef751558e90",
    "last_seen": "2026-08-11",
    "section_id": null,
    "section_role": null,
    "source": "gov.tw:7320",
    "speed_limit": 50,
    "type": "fixed"
   },
   "type": "Feature"
  },
  {
   "geometry": {
    "coordinates": [
     120.33226,
     22.641333
    ],
    "type": "Point"
   },
   "properties": {
    "bearing": 0.0,
    "city": "高雄市",
    "description": "大昌二路28號",
    "id": "8f0eddf14c52",
    "last_seen": "2026-08-11",
    "section_id": null,
    "section_role": null,
    "source": "gov.tw:7320",
    "speed_limit": 50,
    "type": "fixed"
   },
   "type": "Feature"
  },
  {
   "geometry": {
    "coordinates": [
     120.91392,
     24.674433
    ],
    "type": "Point"
   },
   "properties": {
    "bearing": 180.0,
    "city": "苗栗縣",
    "description": "正興路與水源路口處",
    "id": "8f70d36d0d9b",
    "last_seen": "2026-08-11",
    "section_id": null,
    "section_role": null,
    "source": "gov.tw:7320",
    "speed_limit": 60,
    "type": "fixed"
   },
   "type": "Feature"
  },
  {
   "geometry": {
    "coordinates": [
     120.593346,
     22.53974
    ],
    "type": "Point"
   },
   "properties": {
    "bearing": null,
    "city": "屏東縣",
    "description": "185甲線16.3K（林後四林園區往來義方向）",
    "id": "8f74d1d85743",
    "last_seen": "2026-08-11",
    "section_id": null,
    "section_role": null,
    "source": "gov.tw:7320",
    "speed_limit": 60,
    "type": "fixed"
   },
   "type": "Feature"
  },
  {
   "geometry": {
    "coordinates": [
     120.31245,
     23.253683
    ],
    "type": "Point"
   },
   "properties": {
    "bearing": 180.0,
    "city": "臺南市",
    "description": "臺1線297.3公里與174線路口",
    "id": "8f91f69d497b",
    "last_seen": "2026-08-11",
    "section_id": null,
    "section_role": null,
    "source": "gov.tw:7320",
    "speed_limit": 70,
    "type": "fixed"
   },
   "type": "Feature"
  },
  {
   "geometry": {
    "coordinates": [
     120.67985,
     23.90651
    ],
    "type": "Point"
   },
   "properties": {
    "bearing": null,
    "city": "南投縣",
    "description": "南投市南崗一(二)路與民族路口",
    "id": "8fc88f3f89a6",
    "last_seen": "2026-08-11",
    "section_id": null,
    "section_role": null,
    "source": "gov.tw:7320",
    "speed_limit": 60,
    "type": "fixed"
   },
   "type": "Feature"
  },
  {
   "geometry": {
    "coordinates": [
     120.82357,
     24.338886
    ],
    "type": "Point"
   },
   "properties": {
    "bearing": 0.0,
    "city": "苗栗縣",
    "description": "台3線142.2公里處",
    "id": "8fff53de797a",
    "last_seen": "2026-08-11",
    "section_id": null,
    "section_role": null,
    "source": "gov.tw:7320",
    "speed_limit": 60,
    "type": "fixed"
   },
   "type": "Feature"
  },
  {
   "geometry": {
    "coordinates": [
     120.62725,
     24.145042
    ],
    "type": "Point"
   },
   "properties": {
    "bearing": 90.0,
    "city": "臺中市",
    "description": "南屯區向上路三段418號前",
    "id": "901a254c1de2",
    "last_seen": "2026-08-11",
    "section_id": null,
    "section_role": null,
    "source": "gov.tw:7320",
    "speed_limit": 50,
    "type": "fixed"
   },
   "type": "Feature"
  },
  {
   "geometry": {
    "coordinates": [
     120.63082,
     24.167393
    ],
    "type": "Point"
   },
   "properties": {
    "bearing": 0.0,
    "city": "臺中市",
    "description": "西屯區環中路三段龍洋巷50-15號前",
    "id": "901c3a78ed63",
    "last_seen": "2026-08-11",
    "section_id": null,
    "section_role": null,
    "source": "gov.tw:7320",
    "speed_limit": 60,
    "type": "fixed"
   },
   "type": "Feature"
  },
  {
   "geometry": {
    "coordinates": [
     121.37138,
     24.895567
    ],
    "type": "Point"
   },
   "properties": {
    "bearing": 315.0,
    "city": "新北市",
    "description": "大埔路台7乙線1.97公里處（往三峽）",
    "id": "902bab63fb4d",
    "last_seen": "2026-08-11",
    "section_id": null,
    "section_role": null,
    "source": "gov.tw:7320",
    "speed_limit": 40,
    "type": "fixed"
   },
   "type": "Feature"
  },
  {
   "geometry": {
    "coordinates": [
     120.64157,
     24.095722
    ],
    "type": "Point"
   },
   "properties": {
    "bearing": 270.0,
    "city": "臺中市",
    "description": "烏日區溪南路一段與復光二巷口",
    "id": "90726f64c463",
    "last_seen": "2026-08-11",
    "section_id": null,
    "section_role": null,
    "source": "gov.tw:7320",
    "speed_limit": 50,
    "type": "fixed"
   },
   "type": "Feature"
  },
  {
   "geometry": {
    "coordinates": [
     120.518906,
     22.540672
    ],
    "type": "Point"
   },
   "properties": {
    "bearing": 0.0,
    "city": "屏東縣",
    "description": "屏75線3.9K崁頂南二高平面道路路口",
    "id": "907292622c45",
    "last_seen": "2026-08-11",
    "section_id": null,
    "section_role": null,
    "source": "gov.tw:7320",
    "speed_limit": 50,
    "type": "fixed"
   },
   "type": "Feature"
  },
  {
   "geometry": {
    "coordinates": [
     120.744514,
     24.345043
    ],
    "type": "Point"
   },
   "properties": {
    "bearing": null,
    "city": "苗栗縣",
    "description": "縣道140線16.2公里至16.9公里及23.1公里至25.1公里",
    "id": "9091f2b356c9",
    "last_seen": "2026-08-11",
    "section_id": null,
    "section_role": null,
    "source": "gov.tw:7320",
    "speed_limit": 60,
    "type": "fixed"
   },
   "type": "Feature"
  },
  {
   "geometry": {
    "coordinates": [
     120.725,
     24.161688
    ],
    "type": "Point"
   },
   "properties": {
    "bearing": 90.0,
    "city": "臺中市",
    "description": "北屯區太原路三段1225號(新平基督長老教會前)",
    "id": "909908b71f90",
    "last_seen": "2026-08-11",
    "section_id": null,
    "section_role": null,
    "source": "gov.tw:7320",
    "speed_limit": 60,
    "type": "fixed"
   },
   "type": "Feature"
  },
  {
   "geometry": {
    "coordinates": [
     120.19099,
     23.45666
    ],
    "type": "Point"
   },
   "properties": {
    "bearing": null,
    "city": "嘉義縣",
    "description": "東石鄉台82線4.65K",
    "id": "90f713c380ed",
    "last_seen": "2026-08-11",
    "section_id": null,
    "section_role": null,
    "source": "gov.tw:7320",
    "speed_limit": 70,
    "type": "fixed"
   },
   "type": "Feature"
  },
  {
   "geometry": {
    "coordinates": [
     121.54883,
     25.017244
    ],
    "type": "Point"
   },
   "properties": {
    "bearing": 270.0,
    "city": "臺北市",
    "description": "辛亥路三段157巷(下北二高)",
    "id": "90f84c3a43b0",
    "last_seen": "2026-08-11",
    "section_id": null,
    "section_role": null,
    "source": "gov.tw:7320",
    "speed_limit": 50,
    "type": "fixed"
   },
   "type": "Feature"
  },
  {
   "geometry": {
    "coordinates": [
     120.31561,
     23.24004
    ],
    "type": "Point"
   },
   "properties": {
    "bearing": 0.0,
    "city": "臺南市",
    "description": "臺1線298.8公里與174線路口",
    "id": "913802833be3",
    "last_seen": "2026-08-11",
    "section_id": null,
    "section_role": null,
    "source": "gov.tw:7320",
    "speed_limit": 70,
    "type": "fixed"
   },
   "type": "Feature"
  },
  {
   "geometry": {
    "coordinates": [
     120.46869,
     22.975607
    ],
    "type": "Point"
   },
   "properties": {
    "bearing": null,
    "city": "高雄市",
    "description": "內門區台3線389.5K至392.5K",
    "id": "913ee7eb3add",
    "last_seen": "2026-08-11",
    "section_id": null,
    "section_role": null,
    "source": "gov.tw:7320",
    "speed_limit": 60,
    "type": "fixed"
   },
   "type": "Feature"
  },
  {
   "geometry": {
    "coordinates": [
     120.35793,
     22.694105
    ],
    "type": "Point"
   },
   "properties": {
    "bearing": 180.0,
    "city": "高雄市",
    "description": "澄觀路1段(新庄路以西150公尺處)",
    "id": "916bcaccd29c",
    "last_seen": "2026-08-11",
    "section_id": null,
    "section_role": null,
    "source": "gov.tw:7320",
    "speed_limit": 60,
    "type": "fixed"
   },
   "type": "Feature"
  },
  {
   "geometry": {
    "coordinates": [
     120.47343,
     24.222109
    ],
    "type": "Point"
   },
   "properties": {
    "bearing": 180.0,
    "city": "臺中市",
    "description": "環港南路009至010燈桿間(西門子公司北側)",
    "id": "918d9d027b09",
    "last_seen": "2026-08-11",
    "section_id": null,
    "section_role": null,
    "source": "gov.tw:7320",
    "speed_limit": 50,
    "type": "fixed"
   },
   "type": "Feature"
  },
  {
   "geometry": {
    "coordinates": [
     120.43159,
     23.330832
    ],
    "type": "Point"
   },
   "properties": {
    "bearing": 180.0,
    "city": "國道三號",
    "description": "國道三號南向313.7公里",
    "id": "91c32a0714d6",
    "last_seen": "2026-08-11",
    "section_id": null,
    "section_role": null,
    "source": "gov.tw:7320",
    "speed_limit": 110,
    "type": "fixed"
   },
   "type": "Feature"
  },
  {
   "geometry": {
    "coordinates": [
     119.60815,
     23.58456
    ],
    "type": "Point"
   },
   "properties": {
    "bearing": 0.0,
    "city": "澎湖縣",
    "description": "縣道203線許家段6.1K",
    "id": "91ec99404fdc",
    "last_seen": "2026-08-11",
    "section_id": null,
    "section_role": null,
    "source": "gov.tw:7320",
    "speed_limit": 50,
    "type": "fixed"
   },
   "type": "Feature"
  },
  {
   "geometry": {
    "coordinates": [
     120.65508,
     23.963615
    ],
    "type": "Point"
   },
   "properties": {
    "bearing": null,
    "city": "南投縣",
    "description": "臺14乙線5.9公里處",
    "id": "91f884ecb496",
    "last_seen": "2026-08-11",
    "section_id": null,
    "section_role": null,
    "source": "gov.tw:7320",
    "speed_limit": 70,
    "type": "fixed"
   },
   "type": "Feature"
  },
  {
   "geometry": {
    "coordinates": [
     120.58471,
     24.25025
    ],
    "type": "Point"
   },
   "properties": {
    "bearing": 270.0,
    "city": "臺中市",
    "description": "沙鹿區中清路七段(台10線6.7K)",
    "id": "92001feb5720",
    "last_seen": "2026-08-11",
    "section_id": null,
    "section_role": null,
    "source": "gov.tw:7320",
    "speed_limit": 60,
    "type": "fixed"
   },
   "type": "Feature"
  },
  {
   "geometry": {
    "coordinates": [
     121.49719,
     25.035313
    ],
    "type": "Point"
   },
   "properties": {
    "bearing": 90.0,
    "city": "臺北市",
    "description": "和平西路3段199號前",
    "id": "926d1aed0ff9",
    "last_seen": "2026-08-11",
    "section_id": null,
    "section_role": null,
    "source": "gov.tw:7320",
    "speed_limit": 50,
    "type": "fixed"
   },
   "type": "Feature"
  },
  {
   "geometry": {
    "coordinates": [
     121.00229,
     24.83119
    ],
    "type": "Point"
   },
   "properties": {
    "bearing": null,
    "city": "新竹縣",
    "description": "中華路212號前(台1線70.1公里)",
    "id": "927115e6cfaf",
    "last_seen": "2026-08-11",
    "section_id": null,
    "section_role": null,
    "source": "gov.tw:7320",
    "speed_limit": 50,
    "type": "fixed"
   },
   "type": "Feature"
  },
  {
   "geometry": {
    "coordinates": [
     120.55062,
     23.717327
    ],
    "type": "Point"
   },
   "properties": {
    "bearing": 270.0,
    "city": "雲林縣",
    "description": "斗六市明德北路與育英北街路口",
    "id": "92d854777c46",
    "last_seen": "2026-08-11",
    "section_id": null,
    "section_role": null,
    "source": "gov.tw:7320",
    "speed_limit": 60,
    "type": "fixed"
   },
   "type": "Feature"
  },
  {
   "geometry": {
    "coordinates": [
     118.337685,
     24.430235
    ],
    "type": "Point"
   },
   "properties": {
    "bearing": null,
    "city": "金門縣",
    "description": "金寧鄉桃園路(金寧加油站附近)",
    "id": "935fa97bb8a9",
    "last_seen": "2026-08-11",
    "section_id": null,
    "section_role": null,
    "source": "gov.tw:7320",
    "speed_limit": 60,
    "type": "fixed"
   },
   "type": "Feature"
  },
  {
   "geometry": {
    "coordinates": [
     121.01379,
     24.781918
    ],
    "type": "Point"
   },
   "properties": {
    "bearing": 0.0,
    "city": "新竹市",
    "description": "新竹市東區光復路一段525巷67號前",
    "id": "93a3532276be",
    "last_seen": "2026-08-11",
    "section_id": null,
    "section_role": null,
    "source": "gov.tw:7320",
    "speed_limit": 40,
    "type": "fixed"
   },
   "type": "Feature"
  },
  {
   "geometry": {
    "coordinates": [
     120.28902,
     22.667456
    ],
    "type": "Point"
   },
   "properties": {
    "bearing": 180.0,
    "city": "高雄市",
    "description": "左營高架橋(中華陸橋)往南下橋處",
    "id": "93a81f1f1569",
    "last_seen": "2026-08-11",
    "section_id": null,
    "section_role": null,
    "source": "gov.tw:7320",
    "speed_limit": 40,
    "type": "fixed"
   },
   "type": "Feature"
  },
  {
   "geometry": {
    "coordinates": [
     121.53678,
     25.052633
    ],
    "type": "Point"
   },
   "properties": {
    "bearing": 180.0,
    "city": "臺北市",
    "description": "建國高架道長春路入口",
    "id": "93c9780b1d56",
    "last_seen": "2026-08-11",
    "section_id": null,
    "section_role": null,
    "source": "gov.tw:7320",
    "speed_limit": 70,
    "type": "fixed"
   },
   "type": "Feature"
  },
  {
   "geometry": {
    "coordinates": [
     120.13461,
     23.159895
    ],
    "type": "Point"
   },
   "properties": {
    "bearing": 180.0,
    "city": "臺南市",
    "description": "臺17線155.6公里篤加國小前路口",
    "id": "93de7414864e",
    "last_seen": "2026-08-11",
    "section_id": null,
    "section_role": null,
    "source": "gov.tw:7320",
    "speed_limit": 70,
    "type": "fixed"
   },
   "type": "Feature"
  },
  {
   "geometry": {
    "coordinates": [
     120.34401,
     22.595001
    ],
    "type": "Point"
   },
   "properties": {
    "bearing": 270.0,
    "city": "高雄市",
    "description": "鳳山區南華一路與鳳甲路口",
    "id": "93e4f22fb64d",
    "last_seen": "2026-08-11",
    "section_id": null,
    "section_role": null,
    "source": "gov.tw:7320",
    "speed_limit": 50,
    "type": "fixed"
   },
   "type": "Feature"
  },
  {
   "geometry": {
    "coordinates": [
     120.6128,
     24.1901
    ],
    "type": "Point"
   },
   "properties": {
    "bearing": 90.0,
    "city": "臺中市",
    "description": "西屯區西屯路三段261號前",
    "id": "94250a943e6a",
    "last_seen": "2026-08-11",
    "section_id": null,
    "section_role": null,
    "source": "gov.tw:7320",
    "speed_limit": 50,
    "type": "fixed"
   },
   "type": "Feature"
  },
  {
   "geometry": {
    "coordinates": [
     120.458275,
     23.735708
    ],
    "type": "Point"
   },
   "properties": {
    "bearing": 270.0,
    "city": "雲林縣",
    "description": "虎尾鎮145乙縣道與雲71線路口前(東向西)",
    "id": "943428f48274",
    "last_seen": "2026-08-11",
    "section_id": null,
    "section_role": null,
    "source": "gov.tw:7320",
    "speed_limit": 60,
    "type": "fixed"
   },
   "type": "Feature"
  },
  {
   "geometry": {
    "coordinates": [
     120.30209,
     23.592915
    ],
    "type": "Point"
   },
   "properties": {
    "bearing": null,
    "city": "雲林縣",
    "description": "北港鎮僑美國小(臺 19 線華勝路)",
    "id": "943f98d2fe81",
    "last_seen": "2026-08-11",
    "section_id": null,
    "section_role": null,
    "source": "gov.tw:7320",
    "speed_limit": 50,
    "type": "fixed"
   },
   "type": "Feature"
  },
  {
   "geometry": {
    "coordinates": [
     120.4935,
     22.695175
    ],
    "type": "Point"
   },
   "properties": {
    "bearing": null,
    "city": "屏東縣",
    "description": "台3線429.8K忠孝路段",
    "id": "945b8c551010",
    "last_seen": "2026-08-11",
    "section_id": null,
    "section_role": null,
    "source": "gov.tw:7320",
    "speed_limit": 60,
    "type": "fixed"
   },
   "type": "Feature"
  },
  {
   "geometry": {
    "coordinates": [
     121.312164,
     25.006226
    ],
    "type": "Point"
   },
   "properties": {
    "bearing": null,
    "city": "桃園市",
    "description": "春日路與民光東路口",
    "id": "945e5beb1925",
    "last_seen": "2026-08-11",
    "section_id": null,
    "section_role": null,
    "source": "gov.tw:7320",
    "speed_limit": 50,
    "type": "fixed"
   },
   "type": "Feature"
  },
  {
   "geometry": {
    "coordinates": [
     121.78949,
     24.672573
    ],
    "type": "Point"
   },
   "properties": {
    "bearing": null,
    "city": "宜蘭縣",
    "description": "台7丙線28k+98ｍ中山路東向",
    "id": "9494ffd74128",
    "last_seen": "2026-08-11",
    "section_id": null,
    "section_role": null,
    "source": "gov.tw:7320",
    "speed_limit": 60,
    "type": "fixed"
   },
   "type": "Feature"
  },
  {
   "geometry": {
    "coordinates": [
     120.48009,
     24.208727
    ],
    "type": "Point"
   },
   "properties": {
    "bearing": null,
    "city": "臺中市",
    "description": "環港南路81至82號燈桿間",
    "id": "949d9039a017",
    "last_seen": "2026-08-11",
    "section_id": null,
    "section_role": null,
    "source": "gov.tw:7320",
    "speed_limit": 50,
    "type": "fixed"
   },
   "type": "Feature"
  },
  {
   "geometry": {
    "coordinates": [
     120.801994,
     22.234276
    ],
    "type": "Point"
   },
   "properties": {
    "bearing": null,
    "city": "屏東縣",
    "description": "台9線438.2K草埔橋口",
    "id": "94b3cc2135f6",
    "last_seen": "2026-08-11",
    "section_id": null,
    "section_role": null,
    "source": "gov.tw:7320",
    "speed_limit": 40,
    "type": "fixed"
   },
   "type": "Feature"
  },
  {
   "geometry": {
    "coordinates": [
     120.225494,
     22.920004
    ],
    "type": "Point"
   },
   "properties": {
    "bearing": 0.0,
    "city": "臺南市",
    "description": "臺1線344.15公里與二行一路路口",
    "id": "94bafc79b84f",
    "last_seen": "2026-08-11",
    "section_id": null,
    "section_role": null,
    "source": "gov.tw:7320",
    "speed_limit": 50,
    "type": "fixed"
   },
   "type": "Feature"
  },
  {
   "geometry": {
    "coordinates": [
     121.34403,
     24.949121
    ],
    "type": "Point"
   },
   "properties": {
    "bearing": 45.0,
    "city": "新北市",
    "description": "中正二路204463號燈桿旁（往鶯歌）",
    "id": "94e905797d33",
    "last_seen": "2026-08-11",
    "section_id": null,
    "section_role": null,
    "source": "gov.tw:7320",
    "speed_limit": 50,
    "type": "fixed"
   },
   "type": "Feature"
  },
  {
   "geometry": {
    "coordinates": [
     121.53406,
     25.020033
    ],
    "type": "Point"
   },
   "properties": {
    "bearing": 0.0,
    "city": "臺北市",
    "description": "新生南路三段58號台大側門",
    "id": "94eb03001f8c",
    "last_seen": "2026-08-11",
    "section_id": null,
    "section_role": null,
    "source": "gov.tw:7320",
    "speed_limit": 50,
    "type": "fixed"
   },
   "type": "Feature"
  },
  {
   "geometry": {
    "coordinates": [
     120.96576,
     24.812773
    ],
    "type": "Point"
   },
   "properties": {
    "bearing": 0.0,
    "city": "新竹市",
    "description": "經國路二段、水田街口",
    "id": "94ed17455e12",
    "last_seen": "2026-08-11",
    "section_id": null,
    "section_role": null,
    "source": "gov.tw:7320",
    "speed_limit": 50,
    "type": "fixed"
   },
   "type": "Feature"
  },
  {
   "geometry": {
    "coordinates": [
     121.700935,
     24.717842
    ],
    "type": "Point"
   },
   "properties": {
    "bearing": null,
    "city": "宜蘭縣",
    "description": "台7線113k+357ｍ內城段東向",
    "id": "94eedb288388",
    "last_seen": "2026-08-11",
    "section_id": null,
    "section_role": null,
    "source": "gov.tw:7320",
    "speed_limit": 60,
    "type": "fixed"
   },
   "type": "Feature"
  },
  {
   "geometry": {
    "coordinates": [
     121.2134,
     24.984825
    ],
    "type": "Point"
   },
   "properties": {
    "bearing": null,
    "city": "桃園市",
    "description": "中豐北路與大圳路一段口",
    "id": "953446b28786",
    "last_seen": "2026-08-11",
    "section_id": null,
    "section_role": null,
    "source": "gov.tw:7320",
    "speed_limit": 50,
    "type": "fixed"
   },
   "type": "Feature"
  },
  {
   "geometry": {
    "coordinates": [
     120.61086,
     24.203625
    ],
    "type": "Point"
   },
   "properties": {
    "bearing": 0.0,
    "city": "臺中市",
    "description": "臺中市西屯區東大路一段與科園路口(快車道)",
    "id": "95369bd5bed5",
    "last_seen": "2026-08-11",
    "section_id": null,
    "section_role": null,
    "source": "gov.tw:7320",
    "speed_limit": 60,
    "type": "fixed"
   },
   "type": "Feature"
  },
  {
   "geometry": {
    "coordinates": [
     119.66826,
     23.58502
    ],
    "type": "Point"
   },
   "properties": {
    "bearing": 45.0,
    "city": "澎湖縣",
    "description": "澎14號南寮村121號旁",
    "id": "954709ec533c",
    "last_seen": "2026-08-11",
    "section_id": null,
    "section_role": null,
    "source": "gov.tw:7320",
    "speed_limit": 40,
    "type": "fixed"
   },
   "type": "Feature"
  },
  {
   "geometry": {
    "coordinates": [
     121.74045,
     25.13845
    ],
    "type": "Point"
   },
   "properties": {
    "bearing": 180.0,
    "city": "基隆市",
    "description": "中山二路65巷口",
    "id": "958b054bc84a",
    "last_seen": "2026-08-11",
    "section_id": null,
    "section_role": null,
    "source": "gov.tw:7320",
    "speed_limit": 50,
    "type": "fixed"
   },
   "type": "Feature"
  },
  {
   "geometry": {
    "coordinates": [
     121.62362,
     25.271378
    ],
    "type": "Point"
   },
   "properties": {
    "bearing": 135.0,
    "city": "新北市",
    "description": "台2線35.3公里處（往金山）",
    "id": "95a30a5f703a",
    "last_seen": "2026-08-11",
    "section_id": null,
    "section_role": null,
    "source": "gov.tw:7320",
    "speed_limit": 70,
    "type": "fixed"
   },
   "type": "Feature"
  },
  {
   "geometry": {
    "coordinates": [
     120.480835,
     23.679546
    ],
    "type": "Point"
   },
   "properties": {
    "bearing": 0.0,
    "city": "雲林縣",
    "description": "台1線公路與文昌路口(南向北)",
    "id": "95ca58d3f3ea",
    "last_seen": "2026-08-11",
    "section_id": null,
    "section_role": null,
    "source": "gov.tw:7320",
    "speed_limit": 60,
    "type": "fixed"
   },
   "type": "Feature"
  },
  {
   "geometry": {
    "coordinates": [
     121.61671,
     24.99896
    ],
    "type": "Point"
   },
   "properties": {
    "bearing": 270.0,
    "city": "新北市",
    "description": "文山路2段30巷口（往臺北）",
    "id": "95cb6e5805be",
    "last_seen": "2026-08-11",
    "section_id": null,
    "section_role": null,
    "source": "gov.tw:7320",
    "speed_limit": 60,
    "type": "fixed"
   },
   "type": "Feature"
  },
  {
   "geometry": {
    "coordinates": [
     120.25901,
     23.665485
    ],
    "type": "Point"
   },
   "properties": {
    "bearing": 180.0,
    "city": "雲林縣",
    "description": "東勢鄉153縣道嘉勝路與守密街路口(南向)",
    "id": "962ec4a65f6c",
    "last_seen": "2026-08-11",
    "section_id": null,
    "section_role": null,
    "source": "gov.tw:7320",
    "speed_limit": 50,
    "type": "fixed"
   },
   "type": "Feature"
  },
  {
   "geometry": {
    "coordinates": [
     121.76105,
     24.738028
    ],
    "type": "Point"
   },
   "properties": {
    "bearing": null,
    "city": "宜蘭縣",
    "description": "中山路1段560號前北上",
    "id": "9641f1d3bda5",
    "last_seen": "2026-08-11",
    "section_id": null,
    "section_role": null,
    "source": "gov.tw:7320",
    "speed_limit": 60,
    "type": "fixed"
   },
   "type": "Feature"
  },
  {
   "geometry": {
    "coordinates": [
     120.608826,
     24.32607
    ],
    "type": "Point"
   },
   "properties": {
    "bearing": 0.0,
    "city": "臺中市",
    "description": "大甲區中山路一段近東安路處",
    "id": "964eaaa67ed9",
    "last_seen": "2026-08-11",
    "section_id": null,
    "section_role": null,
    "source": "gov.tw:7320",
    "speed_limit": 70,
    "type": "fixed"
   },
   "type": "Feature"
  },
  {
   "geometry": {
    "coordinates": [
     121.44137,
     25.005367
    ],
    "type": "Point"
   },
   "properties": {
    "bearing": 180.0,
    "city": "新北市",
    "description": "環河西路5段「歡仔園防汛陸橋」前（往土城）",
    "id": "968d743c924a",
    "last_seen": "2026-08-11",
    "section_id": null,
    "section_role": null,
    "source": "gov.tw:7320",
    "speed_limit": 50,
    "type": "fixed"
   },
   "type": "Feature"
  },
  {
   "geometry": {
    "coordinates": [
     121.72526,
     25.122475
    ],
    "type": "Point"
   },
   "properties": {
    "bearing": 0.0,
    "city": "基隆市",
    "description": "安樂路二段127號(中華電信)前",
    "id": "9697d417c7b3",
    "last_seen": "2026-08-11",
    "section_id": null,
    "section_role": null,
    "source": "gov.tw:7320",
    "speed_limit": 50,
    "type": "fixed"
   },
   "type": "Feature"
  },
  {
   "geometry": {
    "coordinates": [
     120.27739,
     23.119776
    ],
    "type": "Point"
   },
   "properties": {
    "bearing": 270.0,
    "city": "臺南市",
    "description": "環東路二段與南科九路口",
    "id": "96ab941f322a",
    "last_seen": "2026-08-11",
    "section_id": null,
    "section_role": null,
    "source": "gov.tw:7320",
    "speed_limit": 50,
    "type": "fixed"
   },
   "type": "Feature"
  },
  {
   "geometry": {
    "coordinates": [
     120.14514,
     22.992489
    ],
    "type": "Point"
   },
   "properties": {
    "bearing": null,
    "city": "臺南市",
    "description": "漁濱路與世平五路路口",
    "id": "96c0be157ef0",
    "last_seen": "2026-08-11",
    "section_id": null,
    "section_role": null,
    "source": "gov.tw:7320",
    "speed_limit": 50,
    "type": "fixed"
   },
   "type": "Feature"
  },
  {
   "geometry": {
    "coordinates": [
     120.45193,
     23.67321
    ],
    "type": "Point"
   },
   "properties": {
    "bearing": 270.0,
    "city": "雲林縣",
    "description": "台78線快速公路29k+400m處(東向西)",
    "id": "96c4a498eeb2",
    "last_seen": "2026-08-11",
    "section_id": null,
    "section_role": null,
    "source": "gov.tw:7320",
    "speed_limit": 100,
    "type": "fixed"
   },
   "type": "Feature"
  },
  {
   "geometry": {
    "coordinates": [
     120.85748,
     24.695911
    ],
    "type": "Point"
   },
   "properties": {
    "bearing": 0.0,
    "city": "國道三號",
    "description": "國道三號北向116.5公里",
    "id": "9701f32d4fc9",
    "last_seen": "2026-08-11",
    "section_id": null,
    "section_role": null,
    "source": "gov.tw:7320",
    "speed_limit": 110,
    "type": "fixed"
   },
   "type": "Feature"
  },
  {
   "geometry": {
    "coordinates": [
     120.43022,
     23.785646
    ],
    "type": "Point"
   },
   "properties": {
    "bearing": null,
    "city": "雲林縣",
    "description": "154甲縣道1k處(高鐵橋下)",
    "id": "97422d85754a",
    "last_seen": "2026-08-11",
    "section_id": null,
    "section_role": null,
    "source": "gov.tw:7320",
    "speed_limit": 60,
    "type": "fixed"
   },
   "type": "Feature"
  },
  {
   "geometry": {
    "coordinates": [
     121.49899,
     25.106007
    ],
    "type": "Point"
   },
   "properties": {
    "bearing": 0.0,
    "city": "臺北市",
    "description": "洲美快速道路(北向避車彎處)",
    "id": "9772228ffd2e",
    "last_seen": "2026-08-11",
    "section_id": null,
    "section_role": null,
    "source": "gov.tw:7320",
    "speed_limit": 80,
    "type": "fixed"
   },
   "type": "Feature"
  },
  {
   "geometry": {
    "coordinates": [
     121.52777,
     25.096157
    ],
    "type": "Point"
   },
   "properties": {
    "bearing": 180.0,
    "city": "臺北市",
    "description": "中山北路5段中正路口",
    "id": "97ca3ef350b8",
    "last_seen": "2026-08-11",
    "section_id": null,
    "section_role": null,
    "source": "gov.tw:7320",
    "speed_limit": 50,
    "type": "fixed"
   },
   "type": "Feature"
  },
  {
   "geometry": {
    "coordinates": [
     120.4677,
     23.75602
    ],
    "type": "Point"
   },
   "properties": {
    "bearing": 0.0,
    "city": "國道一號",
    "description": "國道一號北向233.4公里",
    "id": "9816bf864f3f",
    "last_seen": "2026-08-11",
    "section_id": null,
    "section_role": null,
    "source": "gov.tw:7320",
    "speed_limit": 110,
    "type": "fixed"
   },
   "type": "Feature"
  },
  {
   "geometry": {
    "coordinates": [
     120.95555,
     24.805037
    ],
    "type": "Point"
   },
   "properties": {
    "bearing": 180.0,
    "city": "新竹市",
    "description": "經國路二段、延平路一段口",
    "id": "983606dd4623",
    "last_seen": "2026-08-11",
    "section_id": null,
    "section_role": null,
    "source": "gov.tw:7320",
    "speed_limit": 50,
    "type": "fixed"
   },
   "type": "Feature"
  },
  {
   "geometry": {
    "coordinates": [
     121.74223,
     24.700827
    ],
    "type": "Point"
   },
   "properties": {
    "bearing": null,
    "city": "宜蘭縣",
    "description": "196線11ｋ大洲段東向",
    "id": "9875305ac969",
    "last_seen": "2026-08-11",
    "section_id": null,
    "section_role": null,
    "source": "gov.tw:7320",
    "speed_limit": 50,
    "type": "fixed"
   },
   "type": "Feature"
  },
  {
   "geometry": {
    "coordinates": [
     121.46512,
     25.02822
    ],
    "type": "Point"
   },
   "properties": {
    "bearing": 180.0,
    "city": "新北市",
    "description": "台64線快速公路20.24公里（往東）",
    "id": "98ac27935885",
    "last_seen": "2026-08-11",
    "section_id": null,
    "section_role": null,
    "source": "gov.tw:7320",
    "speed_limit": 60,
    "type": "fixed"
   },
   "type": "Feature"
  },
  {
   "geometry": {
    "coordinates": [
     120.60414,
     24.18653
    ],
    "type": "Point"
   },
   "properties": {
    "bearing": 0.0,
    "city": "臺中市",
    "description": "西屯區東大路一段450號前往西屯路三段方向",
    "id": "98b9edf50340",
    "last_seen": "2026-08-11",
    "section_id": null,
    "section_role": null,
    "source": "gov.tw:7320",
    "speed_limit": 50,
    "type": "fixed"
   },
   "type": "Feature"
  },
  {
   "geometry": {
    "coordinates": [
     120.54043,
     22.4201
    ],
    "type": "Point"
   },
   "properties": {
    "bearing": null,
    "city": "屏東縣",
    "description": "台17線266.5K",
    "id": "99137f08548c",
    "last_seen": "2026-08-11",
    "section_id": null,
    "section_role": null,
    "source": "gov.tw:7320",
    "speed_limit": 70,
    "type": "fixed"
   },
   "type": "Feature"
  },
  {
   "geometry": {
    "coordinates": [
     121.81658,
     24.79972
    ],
    "type": "Point"
   },
   "properties": {
    "bearing": null,
    "city": "宜蘭縣",
    "description": "台2線142k+480ｍ大福段北上",
    "id": "99457fc3a2e7",
    "last_seen": "2026-08-11",
    "section_id": null,
    "section_role": null,
    "source": "gov.tw:7320",
    "speed_limit": 60,
    "type": "fixed"
   },
   "type": "Feature"
  },
  {
   "geometry": {
    "coordinates": [
     120.30887,
     23.85626
    ],
    "type": "Point"
   },
   "properties": {
    "bearing": 90.0,
    "city": "彰化縣",
    "description": "大城鄉南平路與上和路3段口",
    "id": "996289f6385a",
    "last_seen": "2026-08-11",
    "section_id": null,
    "section_role": null,
    "source": "gov.tw:7320",
    "speed_limit": 50,
    "type": "fixed"
   },
   "type": "Feature"
  },
  {
   "geometry": {
    "coordinates": [
     121.29077,
     25.005877
    ],
    "type": "Point"
   },
   "properties": {
    "bearing": null,
    "city": "桃園市",
    "description": "大興西路三段與正光路口",
    "id": "996d50dd9360",
    "last_seen": "2026-08-11",
    "section_id": null,
    "section_role": null,
    "source": "gov.tw:7320",
    "speed_limit": 50,
    "type": "fixed"
   },
   "type": "Feature"
  },
  {
   "geometry": {
    "coordinates": [
     121.2277,
     25.055984
    ],
    "type": "Point"
   },
   "properties": {
    "bearing": null,
    "city": "桃園市",
    "description": "大牛稠7號（桃5線4.8K）",
    "id": "9984a2ea5ff2",
    "last_seen": "2026-08-11",
    "section_id": null,
    "section_role": null,
    "source": "gov.tw:7320",
    "speed_limit": 50,
    "type": "fixed"
   },
   "type": "Feature"
  },
  {
   "geometry": {
    "coordinates": [
     118.3318,
     24.416346
    ],
    "type": "Point"
   },
   "properties": {
    "bearing": null,
    "city": "金門縣",
    "description": "金寧鄉環島南路一段(后湖路段)",
    "id": "9991f5a29d51",
    "last_seen": "2026-08-11",
    "section_id": null,
    "section_role": null,
    "source": "gov.tw:7320",
    "speed_limit": 60,
    "type": "fixed"
   },
   "type": "Feature"
  },
  {
   "geometry": {
    "coordinates": [
     120.3275,
     23.107119
    ],
    "type": "Point"
   },
   "properties": {
    "bearing": 180.0,
    "city": "國道三號",
    "description": "國道三號南向342.1公里",
    "id": "99e09e974741",
    "last_seen": "2026-08-11",
    "section_id": null,
    "section_role": null,
    "source": "gov.tw:7320",
    "speed_limit": 110,
    "type": "fixed"
   },
   "type": "Feature"
  },
  {
   "geometry": {
    "coordinates": [
     121.856255,
     24.598513
    ],
    "type": "Point"
   },
   "properties": {
    "bearing": null,
    "city": "宜蘭縣",
    "description": "台2線166k+259m蘇澳港段南下",
    "id": "99f47daf88b9",
    "last_seen": "2026-08-11",
    "section_id": null,
    "section_role": null,
    "source": "gov.tw:7320",
    "speed_limit": 60,
    "type": "fixed"
   },
   "type": "Feature"
  },
  {
   "geometry": {
    "coordinates": [
     120.31384,
     22.56284
    ],
    "type": "Point"
   },
   "properties": {
    "bearing": 180.0,
    "city": "高雄市",
    "description": "過港隧道南孔〈旗津往前鎮方向〉機車道1110M處",
    "id": "9a95898751ab",
    "last_seen": "2026-08-11",
    "section_id": null,
    "section_role": null,
    "source": "gov.tw:7320",
    "speed_limit": 50,
    "type": "fixed"
   },
   "type": "Feature"
  },
  {
   "geometry": {
    "coordinates": [
     121.48974,
     25.058706
    ],
    "type": "Point"
   },
   "properties": {
    "bearing": 225.0,
    "city": "新北市",
    "description": "重新路3段157號前（雙向）",
    "id": "9aa299eaf01a",
    "last_seen": "2026-08-11",
    "section_id": null,
    "section_role": null,
    "source": "gov.tw:7320",
    "speed_limit": 50,
    "type": "fixed"
   },
   "type": "Feature"
  },
  {
   "geometry": {
    "coordinates": [
     120.494255,
     24.049767
    ],
    "type": "Point"
   },
   "properties": {
    "bearing": null,
    "city": "彰化縣",
    "description": "秀水鄉彰鹿路與民意街口",
    "id": "9ac7ef627776",
    "last_seen": "2026-08-11",
    "section_id": null,
    "section_role": null,
    "source": "gov.tw:7320",
    "speed_limit": 60,
    "type": "fixed"
   },
   "type": "Feature"
  },
  {
   "geometry": {
    "coordinates": [
     121.543755,
     25.164951
    ],
    "type": "Point"
   },
   "properties": {
    "bearing": null,
    "city": "臺北市",
    "description": "竹子湖路2-2號對面陽金公路53號燈桿後方",
    "id": "9b2dcf5f46f6",
    "last_seen": "2026-08-11",
    "section_id": null,
    "section_role": null,
    "source": "gov.tw:7320",
    "speed_limit": 40,
    "type": "fixed"
   },
   "type": "Feature"
  },
  {
   "geometry": {
    "coordinates": [
     121.75822,
     25.074478
    ],
    "type": "Point"
   },
   "properties": {
    "bearing": null,
    "city": "基隆市",
    "description": "基平隧道北端出口處往基隆",
    "id": "9b50683f06e2",
    "last_seen": "2026-08-11",
    "section_id": null,
    "section_role": null,
    "source": "gov.tw:7320",
    "speed_limit": 40,
    "type": "fixed"
   },
   "type": "Feature"
  },
  {
   "geometry": {
    "coordinates": [
     121.545944,
     25.018555
    ],
    "type": "Point"
   },
   "properties": {
    "bearing": 0.0,
    "city": "臺北市",
    "description": "基隆高架道下敦化南路段",
    "id": "9b6c407ba4ed",
    "last_seen": "2026-08-11",
    "section_id": null,
    "section_role": null,
    "source": "gov.tw:7320",
    "speed_limit": 60,
    "type": "fixed"
   },
   "type": "Feature"
  },
  {
   "geometry": {
    "coordinates": [
     121.3959,
     23.49179
    ],
    "type": "Point"
   },
   "properties": {
    "bearing": 270.0,
    "city": "花蓮縣",
    "description": "縣道193線89.12K",
    "id": "9b89f4ac6721",
    "last_seen": "2026-08-11",
    "section_id": null,
    "section_role": null,
    "source": "gov.tw:7320",
    "speed_limit": 50,
    "type": "fixed"
   },
   "type": "Feature"
  },
  {
   "geometry": {
    "coordinates": [
     119.64445,
     23.563566
    ],
    "type": "Point"
   },
   "properties": {
    "bearing": 90.0,
    "city": "澎湖縣",
    "description": "縣道204線林投段7.8K",
    "id": "9baf11600803",
    "last_seen": "2026-08-11",
    "section_id": null,
    "section_role": null,
    "source": "gov.tw:7320",
    "speed_limit": 50,
    "type": "fixed"
   },
   "type": "Feature"
  },
  {
   "geometry": {
    "coordinates": [
     120.68389,
     24.14563
    ],
    "type": "Point"
   },
   "properties": {
    "bearing": 180.0,
    "city": "臺中市",
    "description": "中區三民路與公園路口",
    "id": "9bbafe69093d",
    "last_seen": "2026-08-11",
    "section_id": null,
    "section_role": null,
    "source": "gov.tw:7320",
    "speed_limit": 50,
    "type": "fixed"
   },
   "type": "Feature"
  },
  {
   "geometry": {
    "coordinates": [
     120.60441,
     24.151878
    ],
    "type": "Point"
   },
   "properties": {
    "bearing": 90.0,
    "city": "臺中市",
    "description": "南屯區向上路五段(西向東、向市區距離精科路360公尺)",
    "id": "9c0189921ee1",
    "last_seen": "2026-08-11",
    "section_id": null,
    "section_role": null,
    "source": "gov.tw:7320",
    "speed_limit": 60,
    "type": "fixed"
   },
   "type": "Feature"
  },
  {
   "geometry": {
    "coordinates": [
     121.16245,
     24.7405
    ],
    "type": "Point"
   },
   "properties": {
    "bearing": 180.0,
    "city": "新竹縣",
    "description": "中豐路三段139號",
    "id": "9c0293028cbd",
    "last_seen": "2026-08-11",
    "section_id": null,
    "section_role": null,
    "source": "gov.tw:7320",
    "speed_limit": 50,
    "type": "fixed"
   },
   "type": "Feature"
  },
  {
   "geometry": {
    "coordinates": [
     121.5656,
     25.054245
    ],
    "type": "Point"
   },
   "properties": {
    "bearing": null,
    "city": "臺北市",
    "description": "健康路300號前",
    "id": "9c42a78fccb0",
    "last_seen": "2026-08-11",
    "section_id": null,
    "section_role": null,
    "source": "gov.tw:7320",
    "speed_limit": 50,
    "type": "fixed"
   },
   "type": "Feature"
  },
  {
   "geometry": {
    "coordinates": [
     120.26319,
     22.829601
    ],
    "type": "Point"
   },
   "properties": {
    "bearing": 270.0,
    "city": "高雄市",
    "description": "南科高雄園區中山高聯絡道往西進園區方向(0.25K)",
    "id": "9c4ad1feba8a",
    "last_seen": "2026-08-11",
    "section_id": null,
    "section_role": null,
    "source": "gov.tw:7320",
    "speed_limit": 50,
    "type": "fixed"
   },
   "type": "Feature"
  },
  {
   "geometry": {
    "coordinates": [
     120.42017,
     24.047768
    ],
    "type": "Point"
   },
   "properties": {
    "bearing": null,
    "city": "彰化縣",
    "description": "福興鄉臨海路(台17線)與福正路口",
    "id": "9c9ca062ab84",
    "last_seen": "2026-08-11",
    "section_id": null,
    "section_role": null,
    "source": "gov.tw:7320",
    "speed_limit": 70,
    "type": "fixed"
   },
   "type": "Feature"
  },
  {
   "geometry": {
    "coordinates": [
     120.78453,
     23.822039
    ],
    "type": "Point"
   },
   "properties": {
    "bearing": null,
    "city": "南投縣",
    "description": "臺16線與集鹿路口",
    "id": "9cbb4dd67319",
    "last_seen": "2026-08-11",
    "section_id": null,
    "section_role": null,
    "source": "gov.tw:7320",
    "speed_limit": 70,
    "type": "fixed"
   },
   "type": "Feature"
  },
  {
   "geometry": {
    "coordinates": [
     121.1744,
     24.990446
    ],
    "type": "Point"
   },
   "properties": {
    "bearing": null,
    "city": "桃園市",
    "description": "中正路四段353號前",
    "id": "9cd5652b750b",
    "last_seen": "2026-08-11",
    "section_id": null,
    "section_role": null,
    "source": "gov.tw:7320",
    "speed_limit": 50,
    "type": "fixed"
   },
   "type": "Feature"
  },
  {
   "geometry": {
    "coordinates": [
     121.32008,
     23.3355
    ],
    "type": "Point"
   },
   "properties": {
    "bearing": null,
    "city": "花蓮縣",
    "description": "花蓮縣玉里鎮興國路與自由街口",
    "id": "9ce1ce9753d6",
    "last_seen": "2026-08-11",
    "section_id": null,
    "section_role": null,
    "source": "gov.tw:7320",
    "speed_limit": 60,
    "type": "fixed"
   },
   "type": "Feature"
  },
  {
   "geometry": {
    "coordinates": [
     120.460945,
     22.805735
    ],
    "type": "Point"
   },
   "properties": {
    "bearing": null,
    "city": "高雄市",
    "description": "台29線(旗南三路)75.3K處",
    "id": "9d35d83bd051",
    "last_seen": "2026-08-11",
    "section_id": null,
    "section_role": null,
    "source": "gov.tw:7320",
    "speed_limit": 70,
    "type": "fixed"
   },
   "type": "Feature"
  },
  {
   "geometry": {
    "coordinates": [
     120.25662,
     23.720882
    ],
    "type": "Point"
   },
   "properties": {
    "bearing": 0.0,
    "city": "雲林縣",
    "description": "東勢鄉153線與158甲線縣道路口",
    "id": "9d6c735f60ee",
    "last_seen": "2026-08-11",
    "section_id": null,
    "section_role": null,
    "source": "gov.tw:7320",
    "speed_limit": 60,
    "type": "fixed"
   },
   "type": "Feature"
  },
  {
   "geometry": {
    "coordinates": [
     121.46555,
     25.040173
    ],
    "type": "Point"
   },
   "properties": {
    "bearing": 45.0,
    "city": "新北市",
    "description": "重新堤外道9.06公里處（往三重）",
    "id": "9d811365f1f6",
    "last_seen": "2026-08-11",
    "section_id": null,
    "section_role": null,
    "source": "gov.tw:7320",
    "speed_limit": 50,
    "type": "fixed"
   },
   "type": "Feature"
  },
  {
   "geometry": {
    "coordinates": [
     121.07964,
     24.7843
    ],
    "type": "Point"
   },
   "properties": {
    "bearing": 180.0,
    "city": "新竹縣",
    "description": "文德路259號",
    "id": "9dc658b35b05",
    "last_seen": "2026-08-11",
    "section_id": null,
    "section_role": null,
    "source": "gov.tw:7320",
    "speed_limit": 50,
    "type": "fixed"
   },
   "type": "Feature"
  },
  {
   "geometry": {
    "coordinates": [
     120.376785,
     22.57036
    ],
    "type": "Point"
   },
   "properties": {
    "bearing": 270.0,
    "city": "高雄市",
    "description": "高松、松正路口",
    "id": "9df7ca616997",
    "last_seen": "2026-08-11",
    "section_id": null,
    "section_role": null,
    "source": "gov.tw:7320",
    "speed_limit": 50,
    "type": "fixed"
   },
   "type": "Feature"
  },
  {
   "geometry": {
    "coordinates": [
     120.99114,
     24.69997
    ],
    "type": "Point"
   },
   "properties": {
    "bearing": 0.0,
    "city": "新竹縣",
    "description": "台3線89.6公里",
    "id": "9e45502ce37b",
    "last_seen": "2026-08-11",
    "section_id": null,
    "section_role": null,
    "source": "gov.tw:7320",
    "speed_limit": 60,
    "type": "fixed"
   },
   "type": "Feature"
  },
  {
   "geometry": {
    "coordinates": [
     120.40353,
     22.531473
    ],
    "type": "Point"
   },
   "properties": {
    "bearing": 180.0,
    "city": "高雄市",
    "description": "台25線14.5公里處",
    "id": "9e9dd7e73dba",
    "last_seen": "2026-08-11",
    "section_id": null,
    "section_role": null,
    "source": "gov.tw:7320",
    "speed_limit": 60,
    "type": "fixed"
   },
   "type": "Feature"
  },
  {
   "geometry": {
    "coordinates": [
     121.54195,
     23.942873
    ],
    "type": "Point"
   },
   "properties": {
    "bearing": 90.0,
    "city": "花蓮縣",
    "description": "臺9丙線9.159K",
    "id": "9ec71e093d0c",
    "last_seen": "2026-08-11",
    "section_id": null,
    "section_role": null,
    "source": "gov.tw:7320",
    "speed_limit": 50,
    "type": "fixed"
   },
   "type": "Feature"
  },
  {
   "geometry": {
    "coordinates": [
     120.27578,
     22.659279
    ],
    "type": "Point"
   },
   "properties": {
    "bearing": 180.0,
    "city": "高雄市",
    "description": "鼓山三路、青峰街",
    "id": "9eebf44d5ea2",
    "last_seen": "2026-08-11",
    "section_id": null,
    "section_role": null,
    "source": "gov.tw:7320",
    "speed_limit": 50,
    "type": "fixed"
   },
   "type": "Feature"
  },
  {
   "geometry": {
    "coordinates": [
     120.69959,
     23.842667
    ],
    "type": "Point"
   },
   "properties": {
    "bearing": null,
    "city": "南投縣",
    "description": "彰南路與名松路一段路口",
    "id": "9f0702ea9f82",
    "last_seen": "2026-08-11",
    "section_id": null,
    "section_role": null,
    "source": "gov.tw:7320",
    "speed_limit": 60,
    "type": "fixed"
   },
   "type": "Feature"
  },
  {
   "geometry": {
    "coordinates": [
     120.8961,
     24.481611
    ],
    "type": "Point"
   },
   "properties": {
    "bearing": 0.0,
    "city": "苗栗縣",
    "description": "台3線121.9公里處",
    "id": "9f104c513744",
    "last_seen": "2026-08-11",
    "section_id": null,
    "section_role": null,
    "source": "gov.tw:7320",
    "speed_limit": 60,
    "type": "fixed"
   },
   "type": "Feature"
  },
  {
   "geometry": {
    "coordinates": [
     119.59724,
     23.63387
    ],
    "type": "Point"
   },
   "properties": {
    "bearing": 0.0,
    "city": "澎湖縣",
    "description": "縣道203線講美段12.3K",
    "id": "9f2742f3b9c1",
    "last_seen": "2026-08-11",
    "section_id": null,
    "section_role": null,
    "source": "gov.tw:7320",
    "speed_limit": 50,
    "type": "fixed"
   },
   "type": "Feature"
  },
  {
   "geometry": {
    "coordinates": [
     120.61459,
     24.240393
    ],
    "type": "Point"
   },
   "properties": {
    "bearing": 180.0,
    "city": "臺中市",
    "description": "東大路二段1507號",
    "id": "9f95dd9416ea",
    "last_seen": "2026-08-11",
    "section_id": null,
    "section_role": null,
    "source": "gov.tw:7320",
    "speed_limit": 50,
    "type": "fixed"
   },
   "type": "Feature"
  },
  {
   "geometry": {
    "coordinates": [
     121.52868,
     25.134834
    ],
    "type": "Point"
   },
   "properties": {
    "bearing": 180.0,
    "city": "臺北市",
    "description": "行義路241號前",
    "id": "9fc57f19ed6c",
    "last_seen": "2026-08-11",
    "section_id": null,
    "section_role": null,
    "source": "gov.tw:7320",
    "speed_limit": 40,
    "type": "fixed"
   },
   "type": "Feature"
  },
  {
   "geometry": {
    "coordinates": [
     121.80519,
     24.673485
    ],
    "type": "Point"
   },
   "properties": {
    "bearing": null,
    "city": "宜蘭縣",
    "description": "台7丙線29K+743M親河路西向",
    "id": "9fe6d8811168",
    "last_seen": "2026-08-11",
    "section_id": null,
    "section_role": null,
    "source": "gov.tw:7320",
    "speed_limit": 60,
    "type": "fixed"
   },
   "type": "Feature"
  },
  {
   "geometry": {
    "coordinates": [
     120.65723,
     24.14296
    ],
    "type": "Point"
   },
   "properties": {
    "bearing": 90.0,
    "city": "臺中市",
    "description": "西區五權西一街與五權西路一段",
    "id": "a038a2ba8547",
    "last_seen": "2026-08-11",
    "section_id": null,
    "section_role": null,
    "source": "gov.tw:7320",
    "speed_limit": 50,
    "type": "fixed"
   },
   "type": "Feature"
  },
  {
   "geometry": {
    "coordinates": [
     121.12073,
     22.728771
    ],
    "type": "Point"
   },
   "properties": {
    "bearing": null,
    "city": "臺東縣",
    "description": "臺11線168K(台糖加油站北方)",
    "id": "a11f8cdfdf8d",
    "last_seen": "2026-08-11",
    "section_id": null,
    "section_role": null,
    "source": "gov.tw:7320",
    "speed_limit": 70,
    "type": "fixed"
   },
   "type": "Feature"
  },
  {
   "geometry": {
    "coordinates": [
     120.47472,
     23.522432
    ],
    "type": "Point"
   },
   "properties": {
    "bearing": null,
    "city": "嘉義縣",
    "description": "民雄鄉166線與嘉109線路口",
    "id": "a130c23e3d16",
    "last_seen": "2026-08-11",
    "section_id": null,
    "section_role": null,
    "source": "gov.tw:7320",
    "speed_limit": 50,
    "type": "fixed"
   },
   "type": "Feature"
  },
  {
   "geometry": {
    "coordinates": [
     120.278786,
     23.082232
    ],
    "type": "Point"
   },
   "properties": {
    "bearing": null,
    "city": "臺南市",
    "description": "新港社大道(橋上雙向)",
    "id": "a171931aa88b",
    "last_seen": "2026-08-11",
    "section_id": null,
    "section_role": null,
    "source": "gov.tw:7320",
    "speed_limit": 60,
    "type": "fixed"
   },
   "type": "Feature"
  },
  {
   "geometry": {
    "coordinates": [
     118.31264,
     24.422647
    ],
    "type": "Point"
   },
   "properties": {
    "bearing": null,
    "city": "金門縣",
    "description": "金城鎮西海路三段(空中大學路段)",
    "id": "a17b46c5c258",
    "last_seen": "2026-08-11",
    "section_id": null,
    "section_role": null,
    "source": "gov.tw:7320",
    "speed_limit": 50,
    "type": "fixed"
   },
   "type": "Feature"
  },
  {
   "geometry": {
    "coordinates": [
     121.86346,
     24.900974
    ],
    "type": "Point"
   },
   "properties": {
    "bearing": null,
    "city": "宜蘭縣",
    "description": "台2線129k+309m梗枋國小南下",
    "id": "a18fdfbbce7e",
    "last_seen": "2026-08-11",
    "section_id": null,
    "section_role": null,
    "source": "gov.tw:7320",
    "speed_limit": 50,
    "type": "fixed"
   },
   "type": "Feature"
  },
  {
   "geometry": {
    "coordinates": [
     121.02174,
     24.889975
    ],
    "type": "Point"
   },
   "properties": {
    "bearing": null,
    "city": "新竹縣",
    "description": "成功路與三元路路口",
    "id": "a19307eef758",
    "last_seen": "2026-08-11",
    "section_id": null,
    "section_role": null,
    "source": "gov.tw:7320",
    "speed_limit": 60,
    "type": "fixed"
   },
   "type": "Feature"
  },
  {
   "geometry": {
    "coordinates": [
     120.36428,
     22.36148
    ],
    "type": "Point"
   },
   "properties": {
    "bearing": null,
    "city": "屏東縣",
    "description": "營區路",
    "id": "a1af94c2bd0c",
    "last_seen": "2026-08-11",
    "section_id": null,
    "section_role": null,
    "source": "gov.tw:7320",
    "speed_limit": 50,
    "type": "fixed"
   },
   "type": "Feature"
  },
  {
   "geometry": {
    "coordinates": [
     120.85721,
     24.632866
    ],
    "type": "Point"
   },
   "properties": {
    "bearing": null,
    "city": "苗栗縣",
    "description": "台13甲線8.3公里至9.5公里及9.8公里至11公里",
    "id": "a1ca1c8231cd",
    "last_seen": "2026-08-11",
    "section_id": null,
    "section_role": null,
    "source": "gov.tw:7320",
    "speed_limit": 60,
    "type": "fixed"
   },
   "type": "Feature"
  },
  {
   "geometry": {
    "coordinates": [
     121.3376,
     24.897879
    ],
    "type": "Point"
   },
   "properties": {
    "bearing": 225.0,
    "city": "新北市",
    "description": "中正路3段262號前（雙向）",
    "id": "a1f7377e7bd8",
    "last_seen": "2026-08-11",
    "section_id": null,
    "section_role": null,
    "source": "gov.tw:7320",
    "speed_limit": 50,
    "type": "fixed"
   },
   "type": "Feature"
  },
  {
   "geometry": {
    "coordinates": [
     118.309654,
     24.449041
    ],
    "type": "Point"
   },
   "properties": {
    "bearing": null,
    "city": "金門縣",
    "description": "金寧鄉慈湖路(湖下路段)",
    "id": "a219734f0fc4",
    "last_seen": "2026-08-11",
    "section_id": null,
    "section_role": null,
    "source": "gov.tw:7320",
    "speed_limit": 50,
    "type": "fixed"
   },
   "type": "Feature"
  },
  {
   "geometry": {
    "coordinates": [
     120.33443,
     22.55905
    ],
    "type": "Point"
   },
   "properties": {
    "bearing": 180.0,
    "city": "高雄市",
    "description": "東亞南路、平和2路路口",
    "id": "a2376f1576c6",
    "last_seen": "2026-08-11",
    "section_id": null,
    "section_role": null,
    "source": "gov.tw:7320",
    "speed_limit": 60,
    "type": "fixed"
   },
   "type": "Feature"
  },
  {
   "geometry": {
    "coordinates": [
     121.42892,
     24.979713
    ],
    "type": "Point"
   },
   "properties": {
    "bearing": 45.0,
    "city": "新北市",
    "description": "環漢路沙崙抽水站前（往新莊）",
    "id": "a2506ce702c9",
    "last_seen": "2026-08-11",
    "section_id": null,
    "section_role": null,
    "source": "gov.tw:7320",
    "speed_limit": 50,
    "type": "fixed"
   },
   "type": "Feature"
  },
  {
   "geometry": {
    "coordinates": [
     121.377365,
     23.537682
    ],
    "type": "Point"
   },
   "properties": {
    "bearing": null,
    "city": "花蓮縣",
    "description": "臺9線250.8K",
    "id": "a3748018b0a6",
    "last_seen": "2026-08-11",
    "section_id": null,
    "section_role": null,
    "source": "gov.tw:7320",
    "speed_limit": 70,
    "type": "fixed"
   },
   "type": "Feature"
  },
  {
   "geometry": {
    "coordinates": [
     120.16689,
     23.623926
    ],
    "type": "Point"
   },
   "properties": {
    "bearing": null,
    "city": "雲林縣",
    "description": "口湖鄉台17線公路97k+842m處",
    "id": "a39ab79a2ce1",
    "last_seen": "2026-08-11",
    "section_id": null,
    "section_role": null,
    "source": "gov.tw:7320",
    "speed_limit": 70,
    "type": "fixed"
   },
   "type": "Feature"
  },
  {
   "geometry": {
    "coordinates": [
     120.433495,
     22.569546
    ],
    "type": "Point"
   },
   "properties": {
    "bearing": 180.0,
    "city": "高雄市",
    "description": "河堤路三段與公園街",
    "id": "a3cca1544772",
    "last_seen": "2026-08-11",
    "section_id": null,
    "section_role": null,
    "source": "gov.tw:7320",
    "speed_limit": 50,
    "type": "fixed"
   },
   "type": "Feature"
  },
  {
   "geometry": {
    "coordinates": [
     121.26084,
     24.950453
    ],
    "type": "Point"
   },
   "properties": {
    "bearing": null,
    "city": "桃園市",
    "description": "晉元路180號對面",
    "id": "a3e7dd20051e",
    "last_seen": "2026-08-11",
    "section_id": null,
    "section_role": null,
    "source": "gov.tw:7320",
    "speed_limit": 50,
    "type": "fixed"
   },
   "type": "Feature"
  },
  {
   "geometry": {
    "coordinates": [
     120.47002,
     23.89789
    ],
    "type": "Point"
   },
   "properties": {
    "bearing": null,
    "city": "彰化縣",
    "description": "埤頭鄉東環路與庄子路282巷路口",
    "id": "a3f9274971fe",
    "last_seen": "2026-08-11",
    "section_id": null,
    "section_role": null,
    "source": "gov.tw:7320",
    "speed_limit": 70,
    "type": "fixed"
   },
   "type": "Feature"
  },
  {
   "geometry": {
    "coordinates": [
     120.5597,
     22.599407
    ],
    "type": "Point"
   },
   "properties": {
    "bearing": null,
    "city": "屏東縣",
    "description": "台1線408.7K學人路段",
    "id": "a3fc68dce286",
    "last_seen": "2026-08-11",
    "section_id": null,
    "section_role": null,
    "source": "gov.tw:7320",
    "speed_limit": 50,
    "type": "fixed"
   },
   "type": "Feature"
  },
  {
   "geometry": {
    "coordinates": [
     120.44133,
     23.717178
    ],
    "type": "Point"
   },
   "properties": {
    "bearing": 270.0,
    "city": "雲林縣",
    "description": "虎尾鎮158縣道與林森路一段路口",
    "id": "a40d4eadf11b",
    "last_seen": "2026-08-11",
    "section_id": null,
    "section_role": null,
    "source": "gov.tw:7320",
    "speed_limit": 60,
    "type": "fixed"
   },
   "type": "Feature"
  },
  {
   "geometry": {
    "coordinates": [
     121.59969,
     25.066792
    ],
    "type": "Point"
   },
   "properties": {
    "bearing": 90.0,
    "city": "臺北市",
    "description": "民權東路6段228號前",
    "id": "a455f048d59e",
    "last_seen": "2026-08-11",
    "section_id": null,
    "section_role": null,
    "source": "gov.tw:7320",
    "speed_limit": 50,
    "type": "fixed"
   },
   "type": "Feature"
  },
  {
   "geometry": {
    "coordinates": [
     120.483116,
     22.568169
    ],
    "type": "Point"
   },
   "properties": {
    "bearing": 270.0,
    "city": "屏東縣",
    "description": "188線16.65K萬順路一段",
    "id": "a459875e0c72",
    "last_seen": "2026-08-11",
    "section_id": null,
    "section_role": null,
    "source": "gov.tw:7320",
    "speed_limit": 50,
    "type": "fixed"
   },
   "type": "Feature"
  },
  {
   "geometry": {
    "coordinates": [
     121.290825,
     24.996
    ],
    "type": "Point"
   },
   "properties": {
    "bearing": null,
    "city": "桃園市",
    "description": "文中路(中興國中前)",
    "id": "a49b12382cee",
    "last_seen": "2026-08-11",
    "section_id": null,
    "section_role": null,
    "source": "gov.tw:7320",
    "speed_limit": 40,
    "type": "fixed"
   },
   "type": "Feature"
  },
  {
   "geometry": {
    "coordinates": [
     120.70103,
     24.144615
    ],
    "type": "Point"
   },
   "properties": {
    "bearing": 180.0,
    "city": "臺中市",
    "description": "東區旱溪東路一段與十甲路口",
    "id": "a49caeea59be",
    "last_seen": "2026-08-11",
    "section_id": null,
    "section_role": null,
    "source": "gov.tw:7320",
    "speed_limit": 50,
    "type": "fixed"
   },
   "type": "Feature"
  },
  {
   "geometry": {
    "coordinates": [
     120.71361,
     24.1413
    ],
    "type": "Point"
   },
   "properties": {
    "bearing": 0.0,
    "city": "臺中市",
    "description": "太平區市民大道一段與溪洲西路口",
    "id": "a4a40559223c",
    "last_seen": "2026-08-11",
    "section_id": null,
    "section_role": null,
    "source": "gov.tw:7320",
    "speed_limit": 50,
    "type": "fixed"
   },
   "type": "Feature"
  },
  {
   "geometry": {
    "coordinates": [
     121.314095,
     25.000843
    ],
    "type": "Point"
   },
   "properties": {
    "bearing": null,
    "city": "桃園市",
    "description": "三民路二段與春日路口",
    "id": "a4ca464f39b1",
    "last_seen": "2026-08-11",
    "section_id": null,
    "section_role": null,
    "source": "gov.tw:7320",
    "speed_limit": 50,
    "type": "fixed"
   },
   "type": "Feature"
  },
  {
   "geometry": {
    "coordinates": [
     120.64734,
     24.140085
    ],
    "type": "Point"
   },
   "properties": {
    "bearing": 270.0,
    "city": "臺中市",
    "description": "南屯區五權西路二段與文心路口",
    "id": "a4d8215731e5",
    "last_seen": "2026-08-11",
    "section_id": null,
    "section_role": null,
    "source": "gov.tw:7320",
    "speed_limit": 50,
    "type": "fixed"
   },
   "type": "Feature"
  },
  {
   "geometry": {
    "coordinates": [
     121.46233,
     23.329168
    ],
    "type": "Point"
   },
   "properties": {
    "bearing": null,
    "city": "臺東縣",
    "description": "臺11線84.13K（長光段）",
    "id": "a4e11e0a3a32",
    "last_seen": "2026-08-11",
    "section_id": null,
    "section_role": null,
    "source": "gov.tw:7320",
    "speed_limit": 50,
    "type": "fixed"
   },
   "type": "Feature"
  },
  {
   "geometry": {
    "coordinates": [
     121.01094,
     24.77858
    ],
    "type": "Point"
   },
   "properties": {
    "bearing": 180.0,
    "city": "新竹市",
    "description": "新竹科學園區竹村七路近靜心湖出入口",
    "id": "a4e39e8223bb",
    "last_seen": "2026-08-11",
    "section_id": null,
    "section_role": null,
    "source": "gov.tw:7320",
    "speed_limit": 40,
    "type": "fixed"
   },
   "type": "Feature"
  },
  {
   "geometry": {
    "coordinates": [
     120.486984,
     23.086584
    ],
    "type": "Point"
   },
   "properties": {
    "bearing": null,
    "city": "臺南市",
    "description": "臺3線378.4公里",
    "id": "a555e5a68af5",
    "last_seen": "2026-08-11",
    "section_id": null,
    "section_role": null,
    "source": "gov.tw:7320",
    "speed_limit": 60,
    "type": "fixed"
   },
   "type": "Feature"
  },
  {
   "geometry": {
    "coordinates": [
     118.35793,
     24.453362
    ],
    "type": "Point"
   },
   "properties": {
    "bearing": null,
    "city": "金門縣",
    "description": "金寧鄉環島北路二段(后盤山路段)",
    "id": "a5560ec90a76",
    "last_seen": "2026-08-11",
    "section_id": null,
    "section_role": null,
    "source": "gov.tw:7320",
    "speed_limit": 60,
    "type": "fixed"
   },
   "type": "Feature"
  },
  {
   "geometry": {
    "coordinates": [
     121.69804,
     25.08034
    ],
    "type": "Point"
   },
   "properties": {
    "bearing": 0.0,
    "city": "基隆市",
    "description": "新台五路、福三街口(南向北)",
    "id": "a556e8f8e154",
    "last_seen": "2026-08-11",
    "section_id": null,
    "section_role": null,
    "source": "gov.tw:7320",
    "speed_limit": 50,
    "type": "fixed"
   },
   "type": "Feature"
  },
  {
   "geometry": {
    "coordinates": [
     120.31487,
     22.64735
    ],
    "type": "Point"
   },
   "properties": {
    "bearing": 0.0,
    "city": "高雄市",
    "description": "三民區民族一路與建工路口",
    "id": "a575a3540e7d",
    "last_seen": "2026-08-11",
    "section_id": null,
    "section_role": null,
    "source": "gov.tw:7320",
    "speed_limit": 40,
    "type": "fixed"
   },
   "type": "Feature"
  },
  {
   "geometry": {
    "coordinates": [
     118.36486,
     24.458384
    ],
    "type": "Point"
   },
   "properties": {
    "bearing": null,
    "city": "金門縣",
    "description": "金寧鄉瓊安路(后沙村路段)",
    "id": "a6009889f920",
    "last_seen": "2026-08-11",
    "section_id": null,
    "section_role": null,
    "source": "gov.tw:7320",
    "speed_limit": 40,
    "type": "fixed"
   },
   "type": "Feature"
  },
  {
   "geometry": {
    "coordinates": [
     120.7674,
     24.60738
    ],
    "type": "Point"
   },
   "properties": {
    "bearing": 90.0,
    "city": "苗栗縣",
    "description": "台6線0公里+992m",
    "id": "a6228a4b0e6a",
    "last_seen": "2026-08-11",
    "section_id": null,
    "section_role": null,
    "source": "gov.tw:7320",
    "speed_limit": 60,
    "type": "fixed"
   },
   "type": "Feature"
  },
  {
   "geometry": {
    "coordinates": [
     121.77956,
     25.12413
    ],
    "type": "Point"
   },
   "properties": {
    "bearing": 180.0,
    "city": "基隆市",
    "description": "台62甲線3號隧道內南下3.69K處",
    "id": "a64f744687d7",
    "last_seen": "2026-08-11",
    "section_id": null,
    "section_role": null,
    "source": "gov.tw:7320",
    "speed_limit": 60,
    "type": "fixed"
   },
   "type": "Feature"
  },
  {
   "geometry": {
    "coordinates": [
     120.51911,
     24.086985
    ],
    "type": "Point"
   },
   "properties": {
    "bearing": null,
    "city": "彰化縣",
    "description": "和美鎮線東路2段485號",
    "id": "a654e29f6771",
    "last_seen": "2026-08-11",
    "section_id": null,
    "section_role": null,
    "source": "gov.tw:7320",
    "speed_limit": 60,
    "type": "fixed"
   },
   "type": "Feature"
  },
  {
   "geometry": {
    "coordinates": [
     120.18389,
     22.967249
    ],
    "type": "Point"
   },
   "properties": {
    "bearing": 0.0,
    "city": "臺南市",
    "description": "中華西路-新和路口",
    "id": "a680088e411c",
    "last_seen": "2026-08-11",
    "section_id": null,
    "section_role": null,
    "source": "gov.tw:7320",
    "speed_limit": 60,
    "type": "fixed"
   },
   "type": "Feature"
  },
  {
   "geometry": {
    "coordinates": [
     121.748116,
     24.719
    ],
    "type": "Point"
   },
   "properties": {
    "bearing": null,
    "city": "宜蘭縣",
    "description": "宜18-2線溪洲路150號西向",
    "id": "a6d7281523b3",
    "last_seen": "2026-08-11",
    "section_id": null,
    "section_role": null,
    "source": "gov.tw:7320",
    "speed_limit": 50,
    "type": "fixed"
   },
   "type": "Feature"
  },
  {
   "geometry": {
    "coordinates": [
     121.284065,
     24.98775
    ],
    "type": "Point"
   },
   "properties": {
    "bearing": null,
    "city": "桃園市",
    "description": "中山路941號前",
    "id": "a700a8470a19",
    "last_seen": "2026-08-11",
    "section_id": null,
    "section_role": null,
    "source": "gov.tw:7320",
    "speed_limit": 50,
    "type": "fixed"
   },
   "type": "Feature"
  },
  {
   "geometry": {
    "coordinates": [
     120.618515,
     24.165049
    ],
    "type": "Point"
   },
   "properties": {
    "bearing": 180.0,
    "city": "臺中市",
    "description": "安和路41之8號",
    "id": "a7125c13b2b5",
    "last_seen": "2026-08-11",
    "section_id": null,
    "section_role": null,
    "source": "gov.tw:7320",
    "speed_limit": 50,
    "type": "fixed"
   },
   "type": "Feature"
  },
  {
   "geometry": {
    "coordinates": [
     121.14964,
     24.80531
    ],
    "type": "Point"
   },
   "properties": {
    "bearing": 270.0,
    "city": "新竹縣",
    "description": "大同茅仔埔5鄰35號",
    "id": "a725360904be",
    "last_seen": "2026-08-11",
    "section_id": null,
    "section_role": null,
    "source": "gov.tw:7320",
    "speed_limit": 50,
    "type": "fixed"
   },
   "type": "Feature"
  },
  {
   "geometry": {
    "coordinates": [
     120.542336,
     23.697744
    ],
    "type": "Point"
   },
   "properties": {
    "bearing": 90.0,
    "city": "雲林縣",
    "description": "斗六市大學路與鎮南路路口",
    "id": "a72a7b63e059",
    "last_seen": "2026-08-11",
    "section_id": null,
    "section_role": null,
    "source": "gov.tw:7320",
    "speed_limit": 60,
    "type": "fixed"
   },
   "type": "Feature"
  },
  {
   "geometry": {
    "coordinates": [
     120.69855,
     24.152458
    ],
    "type": "Point"
   },
   "properties": {
    "bearing": 180.0,
    "city": "臺中市",
    "description": "北區東光路270號前",
    "id": "a733f6d8c2fe",
    "last_seen": "2026-08-11",
    "section_id": null,
    "section_role": null,
    "source": "gov.tw:7320",
    "speed_limit": 50,
    "type": "fixed"
   },
   "type": "Feature"
  },
  {
   "geometry": {
    "coordinates": [
     120.73828,
     24.176615
    ],
    "type": "Point"
   },
   "properties": {
    "bearing": 270.0,
    "city": "臺中市",
    "description": "北屯區廍子路與廍子路700巷口",
    "id": "a797998641af",
    "last_seen": "2026-08-11",
    "section_id": null,
    "section_role": null,
    "source": "gov.tw:7320",
    "speed_limit": 50,
    "type": "fixed"
   },
   "type": "Feature"
  },
  {
   "geometry": {
    "coordinates": [
     121.53945,
     24.95511
    ],
    "type": "Point"
   },
   "properties": {
    "bearing": 315.0,
    "city": "新北市",
    "description": "北宜路1段105巷口（往新店）",
    "id": "a7f3fd17793d",
    "last_seen": "2026-08-11",
    "section_id": null,
    "section_role": null,
    "source": "gov.tw:7320",
    "speed_limit": 50,
    "type": "fixed"
   },
   "type": "Feature"
  },
  {
   "geometry": {
    "coordinates": [
     120.68926,
     24.171839
    ],
    "type": "Point"
   },
   "properties": {
    "bearing": 270.0,
    "city": "臺中市",
    "description": "文心路四段715號前",
    "id": "a808f0d2af50",
    "last_seen": "2026-08-11",
    "section_id": null,
    "section_role": null,
    "source": "gov.tw:7320",
    "speed_limit": 50,
    "type": "fixed"
   },
   "type": "Feature"
  },
  {
   "geometry": {
    "coordinates": [
     121.50567,
     23.829111
    ],
    "type": "Point"
   },
   "properties": {
    "bearing": null,
    "city": "花蓮縣",
    "description": "台11丙線14.2K",
    "id": "a824e1198c71",
    "last_seen": "2026-08-11",
    "section_id": null,
    "section_role": null,
    "source": "gov.tw:7320",
    "speed_limit": 70,
    "type": "fixed"
   },
   "type": "Feature"
  },
  {
   "geometry": {
    "coordinates": [
     121.544846,
     24.95302
    ],
    "type": "Point"
   },
   "properties": {
    "bearing": 90.0,
    "city": "新北市",
    "description": "北宜路1段246號前（往坪林）",
    "id": "a8418fb9d910",
    "last_seen": "2026-08-11",
    "section_id": null,
    "section_role": null,
    "source": "gov.tw:7320",
    "speed_limit": 50,
    "type": "fixed"
   },
   "type": "Feature"
  },
  {
   "geometry": {
    "coordinates": [
     121.45219,
     25.099508
    ],
    "type": "Point"
   },
   "properties": {
    "bearing": 45.0,
    "city": "新北市",
    "description": "台64線快速公路9.5公里（往西）",
    "id": "a8464725360e",
    "last_seen": "2026-08-11",
    "section_id": null,
    "section_role": null,
    "source": "gov.tw:7320",
    "speed_limit": 80,
    "type": "fixed"
   },
   "type": "Feature"
  },
  {
   "geometry": {
    "coordinates": [
     120.320015,
     22.65996
    ],
    "type": "Point"
   },
   "properties": {
    "bearing": 90.0,
    "city": "高雄市",
    "description": "明誠一路 528 號對面",
    "id": "a851142cb04d",
    "last_seen": "2026-08-11",
    "section_id": null,
    "section_role": null,
    "source": "gov.tw:7320",
    "speed_limit": 50,
    "type": "fixed"
   },
   "type": "Feature"
  },
  {
   "geometry": {
    "coordinates": [
     120.71054,
     24.237238
    ],
    "type": "Point"
   },
   "properties": {
    "bearing": 180.0,
    "city": "臺中市",
    "description": "中山路與豐原大道",
    "id": "a860ee0670dc",
    "last_seen": "2026-08-11",
    "section_id": null,
    "section_role": null,
    "source": "gov.tw:7320",
    "speed_limit": 60,
    "type": "fixed"
   },
   "type": "Feature"
  },
  {
   "geometry": {
    "coordinates": [
     120.70297,
     24.198017
    ],
    "type": "Point"
   },
   "properties": {
    "bearing": 180.0,
    "city": "臺中市",
    "description": "潭子區中山路一段261號前",
    "id": "a8777e45e137",
    "last_seen": "2026-08-11",
    "section_id": null,
    "section_role": null,
    "source": "gov.tw:7320",
    "speed_limit": 60,
    "type": "fixed"
   },
   "type": "Feature"
  },
  {
   "geometry": {
    "coordinates": [
     120.38286,
     23.800879
    ],
    "type": "Point"
   },
   "properties": {
    "bearing": null,
    "city": "雲林縣",
    "description": "二崙鄉台19線公路40km+200m",
    "id": "a8af57736ffc",
    "last_seen": "2026-08-11",
    "section_id": null,
    "section_role": null,
    "source": "gov.tw:7320",
    "speed_limit": 60,
    "type": "fixed"
   },
   "type": "Feature"
  },
  {
   "geometry": {
    "coordinates": [
     120.46483,
     24.134869
    ],
    "type": "Point"
   },
   "properties": {
    "bearing": 0.0,
    "city": "彰化縣",
    "description": "線西鄉中正路與中央路2段口",
    "id": "a8d96d4207ec",
    "last_seen": "2026-08-11",
    "section_id": null,
    "section_role": null,
    "source": "gov.tw:7320",
    "speed_limit": 70,
    "type": "fixed"
   },
   "type": "Feature"
  },
  {
   "geometry": {
    "coordinates": [
     120.99763,
     24.76755
    ],
    "type": "Point"
   },
   "properties": {
    "bearing": 180.0,
    "city": "新竹縣",
    "description": "雙園路二段與雙園二街口",
    "id": "a8eee77c9904",
    "last_seen": "2026-08-11",
    "section_id": null,
    "section_role": null,
    "source": "gov.tw:7320",
    "speed_limit": 50,
    "type": "fixed"
   },
   "type": "Feature"
  },
  {
   "geometry": {
    "coordinates": [
     120.55943,
     22.445898
    ],
    "type": "Point"
   },
   "properties": {
    "bearing": null,
    "city": "屏東縣",
    "description": "台1線428.9K",
    "id": "a91592017a25",
    "last_seen": "2026-08-11",
    "section_id": null,
    "section_role": null,
    "source": "gov.tw:7320",
    "speed_limit": 70,
    "type": "fixed"
   },
   "type": "Feature"
  },
  {
   "geometry": {
    "coordinates": [
     121.67773,
     25.200483
    ],
    "type": "Point"
   },
   "properties": {
    "bearing": 270.0,
    "city": "新北市",
    "description": "台2線47.1公里萬里隧道出口處（往金山）",
    "id": "a9449abcaad7",
    "last_seen": "2026-08-11",
    "section_id": null,
    "section_role": null,
    "source": "gov.tw:7320",
    "speed_limit": 50,
    "type": "fixed"
   },
   "type": "Feature"
  },
  {
   "geometry": {
    "coordinates": [
     121.2889,
     24.880772
    ],
    "type": "Point"
   },
   "properties": {
    "bearing": null,
    "city": "桃園市",
    "description": "復興路二段20號前",
    "id": "a9b83714b7b4",
    "last_seen": "2026-08-11",
    "section_id": null,
    "section_role": null,
    "source": "gov.tw:7320",
    "speed_limit": 40,
    "type": "fixed"
   },
   "type": "Feature"
  },
  {
   "geometry": {
    "coordinates": [
     120.301926,
     22.757471
    ],
    "type": "Point"
   },
   "properties": {
    "bearing": 90.0,
    "city": "高雄市",
    "description": "白樹路175號對面",
    "id": "a9de7d8407de",
    "last_seen": "2026-08-11",
    "section_id": null,
    "section_role": null,
    "source": "gov.tw:7320",
    "speed_limit": 40,
    "type": "fixed"
   },
   "type": "Feature"
  },
  {
   "geometry": {
    "coordinates": [
     120.62116,
     24.171976
    ],
    "type": "Point"
   },
   "properties": {
    "bearing": 0.0,
    "city": "臺中市",
    "description": "西屯區安和路99-38號前",
    "id": "aa2e1ec3f43f",
    "last_seen": "2026-08-11",
    "section_id": null,
    "section_role": null,
    "source": "gov.tw:7320",
    "speed_limit": 50,
    "type": "fixed"
   },
   "type": "Feature"
  },
  {
   "geometry": {
    "coordinates": [
     120.65812,
     24.087242
    ],
    "type": "Point"
   },
   "properties": {
    "bearing": 270.0,
    "city": "臺中市",
    "description": "霧峰區環河路一段702號",
    "id": "aae6550017cc",
    "last_seen": "2026-08-11",
    "section_id": null,
    "section_role": null,
    "source": "gov.tw:7320",
    "speed_limit": 60,
    "type": "fixed"
   },
   "type": "Feature"
  },
  {
   "geometry": {
    "coordinates": [
     121.65279,
     25.208885
    ],
    "type": "Point"
   },
   "properties": {
    "bearing": 270.0,
    "city": "新北市",
    "description": "台2線大鵬國小對面（往金山）",
    "id": "ab37fc99ee5c",
    "last_seen": "2026-08-11",
    "section_id": null,
    "section_role": null,
    "source": "gov.tw:7320",
    "speed_limit": 50,
    "type": "fixed"
   },
   "type": "Feature"
  },
  {
   "geometry": {
    "coordinates": [
     120.39456,
     22.554989
    ],
    "type": "Point"
   },
   "properties": {
    "bearing": 90.0,
    "city": "高雄市",
    "description": "高坪18路與高坪15路",
    "id": "aba75aa4ac21",
    "last_seen": "2026-08-11",
    "section_id": null,
    "section_role": null,
    "source": "gov.tw:7320",
    "speed_limit": 50,
    "type": "fixed"
   },
   "type": "Feature"
  },
  {
   "geometry": {
    "coordinates": [
     121.446014,
     25.020021
    ],
    "type": "Point"
   },
   "properties": {
    "bearing": 135.0,
    "city": "新北市",
    "description": "台65線快速公路5.4公里（往土城）",
    "id": "abca96c1b2bc",
    "last_seen": "2026-08-11",
    "section_id": null,
    "section_role": null,
    "source": "gov.tw:7320",
    "speed_limit": 80,
    "type": "fixed"
   },
   "type": "Feature"
  },
  {
   "geometry": {
    "coordinates": [
     120.59212,
     24.040432
    ],
    "type": "Point"
   },
   "properties": {
    "bearing": null,
    "city": "彰化縣",
    "description": "彰化市縣139線7.7公里處",
    "id": "abfef206d69b",
    "last_seen": "2026-08-11",
    "section_id": null,
    "section_role": null,
    "source": "gov.tw:7320",
    "speed_limit": 40,
    "type": "fixed"
   },
   "type": "Feature"
  },
  {
   "geometry": {
    "coordinates": [
     121.499084,
     25.082373
    ],
    "type": "Point"
   },
   "properties": {
    "bearing": 315.0,
    "city": "新北市",
    "description": "環河北路2段304號（往蘆洲）",
    "id": "ac0ef120bcdb",
    "last_seen": "2026-08-11",
    "section_id": null,
    "section_role": null,
    "source": "gov.tw:7320",
    "speed_limit": 50,
    "type": "fixed"
   },
   "type": "Feature"
  },
  {
   "geometry": {
    "coordinates": [
     120.630356,
     24.146921
    ],
    "type": "Point"
   },
   "properties": {
    "bearing": null,
    "city": "臺中市",
    "description": "南屯區五權西路二段1001號前",
    "id": "ac1c5e1d8773",
    "last_seen": "2026-08-11",
    "section_id": null,
    "section_role": null,
    "source": "gov.tw:7320",
    "speed_limit": 50,
    "type": "fixed"
   },
   "type": "Feature"
  },
  {
   "geometry": {
    "coordinates": [
     120.95478,
     24.829601
    ],
    "type": "Point"
   },
   "properties": {
    "bearing": 270.0,
    "city": "新竹市",
    "description": "東大路三段110巷口(往南寮-機場彎道)",
    "id": "ac28cc735e8f",
    "last_seen": "2026-08-11",
    "section_id": null,
    "section_role": null,
    "source": "gov.tw:7320",
    "speed_limit": 50,
    "type": "fixed"
   },
   "type": "Feature"
  },
  {
   "geometry": {
    "coordinates": [
     121.42746,
     25.037588
    ],
    "type": "Point"
   },
   "properties": {
    "bearing": 225.0,
    "city": "新北市",
    "description": "新北大道6段85號（往台麗街）",
    "id": "ac396b88ab5b",
    "last_seen": "2026-08-11",
    "section_id": null,
    "section_role": null,
    "source": "gov.tw:7320",
    "speed_limit": 60,
    "type": "fixed"
   },
   "type": "Feature"
  },
  {
   "geometry": {
    "coordinates": [
     118.43421,
     24.419786
    ],
    "type": "Point"
   },
   "properties": {
    "bearing": null,
    "city": "金門縣",
    "description": "金湖鎮金港路(料羅路段)",
    "id": "ac3c9f3a1ee8",
    "last_seen": "2026-08-11",
    "section_id": null,
    "section_role": null,
    "source": "gov.tw:7320",
    "speed_limit": 50,
    "type": "fixed"
   },
   "type": "Feature"
  },
  {
   "geometry": {
    "coordinates": [
     120.325356,
     22.717821
    ],
    "type": "Point"
   },
   "properties": {
    "bearing": 0.0,
    "city": "高雄市",
    "description": "高楠公路1015-6號前",
    "id": "ac77f2d48aee",
    "last_seen": "2026-08-11",
    "section_id": null,
    "section_role": null,
    "source": "gov.tw:7320",
    "speed_limit": 60,
    "type": "fixed"
   },
   "type": "Feature"
  },
  {
   "geometry": {
    "coordinates": [
     120.623314,
     24.216934
    ],
    "type": "Point"
   },
   "properties": {
    "bearing": 0.0,
    "city": "臺中市",
    "description": "臺中市大雅區科雅路段(和大公司旁)",
    "id": "aca09c3469de",
    "last_seen": "2026-08-11",
    "section_id": null,
    "section_role": null,
    "source": "gov.tw:7320",
    "speed_limit": 60,
    "type": "fixed"
   },
   "type": "Feature"
  },
  {
   "geometry": {
    "coordinates": [
     120.619804,
     24.129442
    ],
    "type": "Point"
   },
   "properties": {
    "bearing": null,
    "city": "臺中市",
    "description": "南屯區中彰快速道路4.8K",
    "id": "acadb7bc89d3",
    "last_seen": "2026-08-11",
    "section_id": null,
    "section_role": null,
    "source": "gov.tw:7320",
    "speed_limit": 80,
    "type": "fixed"
   },
   "type": "Feature"
  },
  {
   "geometry": {
    "coordinates": [
     120.6324,
     24.17032
    ],
    "type": "Point"
   },
   "properties": {
    "bearing": 90.0,
    "city": "臺中市",
    "description": "朝馬路與環中路口",
    "id": "acb58b4541e9",
    "last_seen": "2026-08-11",
    "section_id": null,
    "section_role": null,
    "source": "gov.tw:7320",
    "speed_limit": 50,
    "type": "fixed"
   },
   "type": "Feature"
  },
  {
   "geometry": {
    "coordinates": [
     121.438095,
     24.980164
    ],
    "type": "Point"
   },
   "properties": {
    "bearing": 180.0,
    "city": "新北市",
    "description": "台65線快速公路10.4公里（往土城）",
    "id": "acc45fcce599",
    "last_seen": "2026-08-11",
    "section_id": null,
    "section_role": null,
    "source": "gov.tw:7320",
    "speed_limit": 60,
    "type": "fixed"
   },
   "type": "Feature"
  },
  {
   "geometry": {
    "coordinates": [
     120.85223,
     23.807232
    ],
    "type": "Point"
   },
   "properties": {
    "bearing": 180.0,
    "city": "南投縣",
    "description": "中山路一段、八德街及南湖路口",
    "id": "acf76256b53b",
    "last_seen": "2026-08-11",
    "section_id": null,
    "section_role": null,
    "source": "gov.tw:7320",
    "speed_limit": 50,
    "type": "fixed"
   },
   "type": "Feature"
  },
  {
   "geometry": {
    "coordinates": [
     120.16259,
     23.172243
    ],
    "type": "Point"
   },
   "properties": {
    "bearing": null,
    "city": "臺南市",
    "description": "佳青路一段（近北頭洋公車站附近）",
    "id": "ad30316b2ce3",
    "last_seen": "2026-08-11",
    "section_id": null,
    "section_role": null,
    "source": "gov.tw:7320",
    "speed_limit": 50,
    "type": "fixed"
   },
   "type": "Feature"
  },
  {
   "geometry": {
    "coordinates": [
     121.03502,
     24.81272
    ],
    "type": "Point"
   },
   "properties": {
    "bearing": 90.0,
    "city": "新竹縣",
    "description": "竹北市光明六路東二段與嘉豐南路一段口",
    "id": "ad4a03e42e3f",
    "last_seen": "2026-08-11",
    "section_id": null,
    "section_role": null,
    "source": "gov.tw:7320",
    "speed_limit": 50,
    "type": "fixed"
   },
   "type": "Feature"
  },
  {
   "geometry": {
    "coordinates": [
     120.13506,
     23.074215
    ],
    "type": "Point"
   },
   "properties": {
    "bearing": null,
    "city": "臺南市",
    "description": "安明路4段1100號前",
    "id": "ad5e7de4d795",
    "last_seen": "2026-08-11",
    "section_id": null,
    "section_role": null,
    "source": "gov.tw:7320",
    "speed_limit": 70,
    "type": "fixed"
   },
   "type": "Feature"
  },
  {
   "geometry": {
    "coordinates": [
     118.40696,
     24.486645
    ],
    "type": "Point"
   },
   "properties": {
    "bearing": null,
    "city": "金門縣",
    "description": "金沙鎮環島北路四段(洋山路段)",
    "id": "ad6733cf24d3",
    "last_seen": "2026-08-11",
    "section_id": null,
    "section_role": null,
    "source": "gov.tw:7320",
    "speed_limit": 60,
    "type": "fixed"
   },
   "type": "Feature"
  },
  {
   "geometry": {
    "coordinates": [
     121.585625,
     25.056156
    ],
    "type": "Point"
   },
   "properties": {
    "bearing": null,
    "city": "臺北市",
    "description": "潭美街223號對面",
    "id": "adcfbf41f6a1",
    "last_seen": "2026-08-11",
    "section_id": null,
    "section_role": null,
    "source": "gov.tw:7320",
    "speed_limit": 40,
    "type": "fixed"
   },
   "type": "Feature"
  },
  {
   "geometry": {
    "coordinates": [
     121.40175,
     25.056648
    ],
    "type": "Point"
   },
   "properties": {
    "bearing": 90.0,
    "city": "新北市",
    "description": "大科路331之6號旁（往新莊）",
    "id": "addb69504537",
    "last_seen": "2026-08-11",
    "section_id": null,
    "section_role": null,
    "source": "gov.tw:7320",
    "speed_limit": 50,
    "type": "fixed"
   },
   "type": "Feature"
  },
  {
   "geometry": {
    "coordinates": [
     121.38723,
     23.445353
    ],
    "type": "Point"
   },
   "properties": {
    "bearing": null,
    "city": "花蓮縣",
    "description": "縣道193線95.4K",
    "id": "adee7a3760ed",
    "last_seen": "2026-08-11",
    "section_id": null,
    "section_role": null,
    "source": "gov.tw:7320",
    "speed_limit": 50,
    "type": "fixed"
   },
   "type": "Feature"
  },
  {
   "geometry": {
    "coordinates": [
     120.68671,
     23.98525
    ],
    "type": "Point"
   },
   "properties": {
    "bearing": null,
    "city": "南投縣",
    "description": "中正路與博愛路口",
    "id": "adf0de75aca9",
    "last_seen": "2026-08-11",
    "section_id": null,
    "section_role": null,
    "source": "gov.tw:7320",
    "speed_limit": 60,
    "type": "fixed"
   },
   "type": "Feature"
  },
  {
   "geometry": {
    "coordinates": [
     120.622116,
     24.20721
    ],
    "type": "Point"
   },
   "properties": {
    "bearing": 90.0,
    "city": "臺中市",
    "description": "臺中市西屯區中科路段近科雅東路口(慢車道外側)",
    "id": "ae34d38dfd74",
    "last_seen": "2026-08-11",
    "section_id": null,
    "section_role": null,
    "source": "gov.tw:7320",
    "speed_limit": 60,
    "type": "fixed"
   },
   "type": "Feature"
  },
  {
   "geometry": {
    "coordinates": [
     120.48853,
     23.155445
    ],
    "type": "Point"
   },
   "properties": {
    "bearing": 0.0,
    "city": "臺南市",
    "description": "臺3線369公里",
    "id": "ae4bf2f2cd9e",
    "last_seen": "2026-08-11",
    "section_id": null,
    "section_role": null,
    "source": "gov.tw:7320",
    "speed_limit": 70,
    "type": "fixed"
   },
   "type": "Feature"
  },
  {
   "geometry": {
    "coordinates": [
     120.462395,
     22.836103
    ],
    "type": "Point"
   },
   "properties": {
    "bearing": 180.0,
    "city": "高雄市",
    "description": "旗山區旗南三路8號以北50公尺處",
    "id": "ae82222e187a",
    "last_seen": "2026-08-11",
    "section_id": null,
    "section_role": null,
    "source": "gov.tw:7320",
    "speed_limit": 50,
    "type": "fixed"
   },
   "type": "Feature"
  },
  {
   "geometry": {
    "coordinates": [
     121.37497,
     25.029663
    ],
    "type": "Point"
   },
   "properties": {
    "bearing": null,
    "city": "桃園市",
    "description": "振興路1169號前",
    "id": "ae9212ea3549",
    "last_seen": "2026-08-11",
    "section_id": null,
    "section_role": null,
    "source": "gov.tw:7320",
    "speed_limit": 50,
    "type": "fixed"
   },
   "type": "Feature"
  },
  {
   "geometry": {
    "coordinates": [
     120.40692,
     24.0522
    ],
    "type": "Point"
   },
   "properties": {
    "bearing": 270.0,
    "city": "臺中市",
    "description": "大里區環河路一段188號(中來水泥廠前)",
    "id": "aed884dcc05b",
    "last_seen": "2026-08-11",
    "section_id": null,
    "section_role": null,
    "source": "gov.tw:7320",
    "speed_limit": 60,
    "type": "fixed"
   },
   "type": "Feature"
  },
  {
   "geometry": {
    "coordinates": [
     120.568954,
     23.717222
    ],
    "type": "Point"
   },
   "properties": {
    "bearing": 0.0,
    "city": "雲林縣",
    "description": "台3線公路248k+970m處",
    "id": "af19e265db24",
    "last_seen": "2026-08-11",
    "section_id": null,
    "section_role": null,
    "source": "gov.tw:7320",
    "speed_limit": 60,
    "type": "fixed"
   },
   "type": "Feature"
  },
  {
   "geometry": {
    "coordinates": [
     121.71839,
     24.687069
    ],
    "type": "Point"
   },
   "properties": {
    "bearing": null,
    "city": "宜蘭縣",
    "description": "196線7ｋ+900ｍ大埔段西向",
    "id": "af69d3fec209",
    "last_seen": "2026-08-11",
    "section_id": null,
    "section_role": null,
    "source": "gov.tw:7320",
    "speed_limit": 60,
    "type": "fixed"
   },
   "type": "Feature"
  },
  {
   "geometry": {
    "coordinates": [
     118.39173,
     24.440441
    ],
    "type": "Point"
   },
   "properties": {
    "bearing": null,
    "city": "金門縣",
    "description": "金湖鎮瓊徑路(陳坑段)",
    "id": "afb3d7429fa3",
    "last_seen": "2026-08-11",
    "section_id": null,
    "section_role": null,
    "source": "gov.tw:7320",
    "speed_limit": 50,
    "type": "fixed"
   },
   "type": "Feature"
  },
  {
   "geometry": {
    "coordinates": [
     121.39851,
     23.153273
    ],
    "type": "Point"
   },
   "properties": {
    "bearing": null,
    "city": "臺東縣",
    "description": "臺11線106.95K(美山段)",
    "id": "afb5432112a6",
    "last_seen": "2026-08-11",
    "section_id": null,
    "section_role": null,
    "source": "gov.tw:7320",
    "speed_limit": 50,
    "type": "fixed"
   },
   "type": "Feature"
  },
  {
   "geometry": {
    "coordinates": [
     120.99416,
     24.85875
    ],
    "type": "Point"
   },
   "properties": {
    "bearing": null,
    "city": "新竹縣",
    "description": "中華路與中華路1483巷口",
    "id": "afe062654fcc",
    "last_seen": "2026-08-11",
    "section_id": null,
    "section_role": null,
    "source": "gov.tw:7320",
    "speed_limit": 60,
    "type": "fixed"
   },
   "type": "Feature"
  },
  {
   "geometry": {
    "coordinates": [
     120.973694,
     24.80587
    ],
    "type": "Point"
   },
   "properties": {
    "bearing": 90.0,
    "city": "新竹市",
    "description": "東大高架民族路上方",
    "id": "afe6e31eb5c5",
    "last_seen": "2026-08-11",
    "section_id": null,
    "section_role": null,
    "source": "gov.tw:7320",
    "speed_limit": 50,
    "type": "fixed"
   },
   "type": "Feature"
  },
  {
   "geometry": {
    "coordinates": [
     120.64006,
     24.13952
    ],
    "type": "Point"
   },
   "properties": {
    "bearing": 270.0,
    "city": "臺中市",
    "description": "南屯區五權西路二段與向上路三段路口",
    "id": "b064ab97838c",
    "last_seen": "2026-08-11",
    "section_id": null,
    "section_role": null,
    "source": "gov.tw:7320",
    "speed_limit": 50,
    "type": "fixed"
   },
   "type": "Feature"
  },
  {
   "geometry": {
    "coordinates": [
     120.630974,
     24.138615
    ],
    "type": "Point"
   },
   "properties": {
    "bearing": 90.0,
    "city": "臺中市",
    "description": "南屯區永春東路1392號對面",
    "id": "b0af9d404922",
    "last_seen": "2026-08-11",
    "section_id": null,
    "section_role": null,
    "source": "gov.tw:7320",
    "speed_limit": 50,
    "type": "fixed"
   },
   "type": "Feature"
  },
  {
   "geometry": {
    "coordinates": [
     120.71021,
     23.832108
    ],
    "type": "Point"
   },
   "properties": {
    "bearing": null,
    "city": "南投縣",
    "description": "臺16線及臺3線路口",
    "id": "b0b30c3888b9",
    "last_seen": "2026-08-11",
    "section_id": null,
    "section_role": null,
    "source": "gov.tw:7320",
    "speed_limit": 60,
    "type": "fixed"
   },
   "type": "Feature"
  },
  {
   "geometry": {
    "coordinates": [
     121.0363,
     24.83044
    ],
    "type": "Point"
   },
   "properties": {
    "bearing": null,
    "city": "新竹縣",
    "description": "褒忠路與文山路犁頭山段口",
    "id": "b0b5d51ce191",
    "last_seen": "2026-08-11",
    "section_id": null,
    "section_role": null,
    "source": "gov.tw:7320",
    "speed_limit": 40,
    "type": "fixed"
   },
   "type": "Feature"
  },
  {
   "geometry": {
    "coordinates": [
     120.22754,
     23.630302
    ],
    "type": "Point"
   },
   "properties": {
    "bearing": 180.0,
    "city": "雲林縣",
    "description": "四湖鄉155線四湖國中前",
    "id": "b0fc926ea12a",
    "last_seen": "2026-08-11",
    "section_id": null,
    "section_role": null,
    "source": "gov.tw:7320",
    "speed_limit": 60,
    "type": "fixed"
   },
   "type": "Feature"
  },
  {
   "geometry": {
    "coordinates": [
     121.70003,
     25.148745
    ],
    "type": "Point"
   },
   "properties": {
    "bearing": 270.0,
    "city": "基隆市",
    "description": "基金三路、武訓街口(西向)",
    "id": "b107f67c1ddf",
    "last_seen": "2026-08-11",
    "section_id": null,
    "section_role": null,
    "source": "gov.tw:7320",
    "speed_limit": 50,
    "type": "fixed"
   },
   "type": "Feature"
  },
  {
   "geometry": {
    "coordinates": [
     121.213356,
     24.927835
    ],
    "type": "Point"
   },
   "properties": {
    "bearing": null,
    "city": "桃園市",
    "description": "中豐路一段與快速路三段口",
    "id": "b1111bb4fa31",
    "last_seen": "2026-08-11",
    "section_id": null,
    "section_role": null,
    "source": "gov.tw:7320",
    "speed_limit": 50,
    "type": "fixed"
   },
   "type": "Feature"
  },
  {
   "geometry": {
    "coordinates": [
     120.19251,
     23.142836
    ],
    "type": "Point"
   },
   "properties": {
    "bearing": 0.0,
    "city": "臺南市",
    "description": "臺19線125.8公里與南45線往後營路口",
    "id": "b172963f395e",
    "last_seen": "2026-08-11",
    "section_id": null,
    "section_role": null,
    "source": "gov.tw:7320",
    "speed_limit": 70,
    "type": "fixed"
   },
   "type": "Feature"
  },
  {
   "geometry": {
    "coordinates": [
     120.25403,
     23.176693
    ],
    "type": "Point"
   },
   "properties": {
    "bearing": 0.0,
    "city": "臺南市",
    "description": "臺19甲17.2公里與新生南路路口",
    "id": "b18b5d547a28",
    "last_seen": "2026-08-11",
    "section_id": null,
    "section_role": null,
    "source": "gov.tw:7320",
    "speed_limit": 50,
    "type": "fixed"
   },
   "type": "Feature"
  },
  {
   "geometry": {
    "coordinates": [
     120.69985,
     24.137129
    ],
    "type": "Point"
   },
   "properties": {
    "bearing": 180.0,
    "city": "臺中市",
    "description": "東區旱溪西路一段300號前(成功國小往南)",
    "id": "b193b3889fd5",
    "last_seen": "2026-08-11",
    "section_id": null,
    "section_role": null,
    "source": "gov.tw:7320",
    "speed_limit": 50,
    "type": "fixed"
   },
   "type": "Feature"
  },
  {
   "geometry": {
    "coordinates": [
     121.35082,
     25.001873
    ],
    "type": "Point"
   },
   "properties": {
    "bearing": null,
    "city": "桃園市",
    "description": "萬壽路二段472號前",
    "id": "b19572258aba",
    "last_seen": "2026-08-11",
    "section_id": null,
    "section_role": null,
    "source": "gov.tw:7320",
    "speed_limit": 50,
    "type": "fixed"
   },
   "type": "Feature"
  },
  {
   "geometry": {
    "coordinates": [
     120.66457,
     24.09063
    ],
    "type": "Point"
   },
   "properties": {
    "bearing": 0.0,
    "city": "臺中市",
    "description": "大里區中投公路4.4K(北上)",
    "id": "b19a7904c0e9",
    "last_seen": "2026-08-11",
    "section_id": null,
    "section_role": null,
    "source": "gov.tw:7320",
    "speed_limit": 70,
    "type": "fixed"
   },
   "type": "Feature"
  },
  {
   "geometry": {
    "coordinates": [
     120.51073,
     23.877333
    ],
    "type": "Point"
   },
   "properties": {
    "bearing": null,
    "city": "彰化縣",
    "description": "北斗鎮斗苑路2段與斗苑路2段307巷口",
    "id": "b1abb651ad3a",
    "last_seen": "2026-08-11",
    "section_id": null,
    "section_role": null,
    "source": "gov.tw:7320",
    "speed_limit": 60,
    "type": "fixed"
   },
   "type": "Feature"
  },
  {
   "geometry": {
    "coordinates": [
     120.565056,
     23.971638
    ],
    "type": "Point"
   },
   "properties": {
    "bearing": 180.0,
    "city": "彰化縣",
    "description": "員林市員林大道5段與員埔路口",
    "id": "b213fc23d428",
    "last_seen": "2026-08-11",
    "section_id": null,
    "section_role": null,
    "source": "gov.tw:7320",
    "speed_limit": 50,
    "type": "fixed"
   },
   "type": "Feature"
  },
  {
   "geometry": {
    "coordinates": [
     120.64325,
     24.22963
    ],
    "type": "Point"
   },
   "properties": {
    "bearing": 0.0,
    "city": "臺中市",
    "description": "大雅區科雅路與平和路口",
    "id": "b23bbddbf512",
    "last_seen": "2026-08-11",
    "section_id": null,
    "section_role": null,
    "source": "gov.tw:7320",
    "speed_limit": 50,
    "type": "fixed"
   },
   "type": "Feature"
  },
  {
   "geometry": {
    "coordinates": [
     120.55959,
     22.584297
    ],
    "type": "Point"
   },
   "properties": {
    "bearing": null,
    "city": "屏東縣",
    "description": "187線五穀宮前",
    "id": "b25747d5dbe6",
    "last_seen": "2026-08-11",
    "section_id": null,
    "section_role": null,
    "source": "gov.tw:7320",
    "speed_limit": 50,
    "type": "fixed"
   },
   "type": "Feature"
  },
  {
   "geometry": {
    "coordinates": [
     120.842674,
     24.37388
    ],
    "type": "Point"
   },
   "properties": {
    "bearing": 0.0,
    "city": "苗栗縣",
    "description": "台3線137.2公里",
    "id": "b25f556e6f75",
    "last_seen": "2026-08-11",
    "section_id": null,
    "section_role": null,
    "source": "gov.tw:7320",
    "speed_limit": 50,
    "type": "fixed"
   },
   "type": "Feature"
  },
  {
   "geometry": {
    "coordinates": [
     120.395,
     23.679155
    ],
    "type": "Point"
   },
   "properties": {
    "bearing": 0.0,
    "city": "雲林縣",
    "description": "土庫鎮建國路與林森路路口",
    "id": "b26486b01ec5",
    "last_seen": "2026-08-11",
    "section_id": null,
    "section_role": null,
    "source": "gov.tw:7320",
    "speed_limit": 50,
    "type": "fixed"
   },
   "type": "Feature"
  },
  {
   "geometry": {
    "coordinates": [
     121.37527,
     25.072582
    ],
    "type": "Point"
   },
   "properties": {
    "bearing": 45.0,
    "city": "新北市",
    "description": "文化一路1段與麗園一街口（往林口）",
    "id": "b26891cf0744",
    "last_seen": "2026-08-11",
    "section_id": null,
    "section_role": null,
    "source": "gov.tw:7320",
    "speed_limit": 60,
    "type": "fixed"
   },
   "type": "Feature"
  },
  {
   "geometry": {
    "coordinates": [
     120.51324,
     22.565975
    ],
    "type": "Point"
   },
   "properties": {
    "bearing": null,
    "city": "屏東縣",
    "description": "188線19.9K",
    "id": "b2969294c3d5",
    "last_seen": "2026-08-11",
    "section_id": null,
    "section_role": null,
    "source": "gov.tw:7320",
    "speed_limit": 50,
    "type": "fixed"
   },
   "type": "Feature"
  },
  {
   "geometry": {
    "coordinates": [
     121.540924,
     25.077658
    ],
    "type": "Point"
   },
   "properties": {
    "bearing": null,
    "city": "臺北市",
    "description": "明水路325號前",
    "id": "b2d5dc82a68c",
    "last_seen": "2026-08-11",
    "section_id": null,
    "section_role": null,
    "source": "gov.tw:7320",
    "speed_limit": 50,
    "type": "fixed"
   },
   "type": "Feature"
  },
  {
   "geometry": {
    "coordinates": [
     121.608475,
     24.072582
    ],
    "type": "Point"
   },
   "properties": {
    "bearing": null,
    "city": "花蓮縣",
    "description": "臺9線179.02K",
    "id": "b3024c537ccd",
    "last_seen": "2026-08-11",
    "section_id": null,
    "section_role": null,
    "source": "gov.tw:7320",
    "speed_limit": 70,
    "type": "fixed"
   },
   "type": "Feature"
  },
  {
   "geometry": {
    "coordinates": [
     121.79365,
     25.019226
    ],
    "type": "Point"
   },
   "properties": {
    "bearing": 135.0,
    "city": "新北市",
    "description": "台2丙線12.7公里（往雙溪）",
    "id": "b30efe194f5d",
    "last_seen": "2026-08-11",
    "section_id": null,
    "section_role": null,
    "source": "gov.tw:7320",
    "speed_limit": 50,
    "type": "fixed"
   },
   "type": "Feature"
  },
  {
   "geometry": {
    "coordinates": [
     121.652214,
     24.162516
    ],
    "type": "Point"
   },
   "properties": {
    "bearing": null,
    "city": "花蓮縣",
    "description": "臺9線166.5K",
    "id": "b3305dd971a3",
    "last_seen": "2026-08-11",
    "section_id": null,
    "section_role": null,
    "source": "gov.tw:7320",
    "speed_limit": 50,
    "type": "fixed"
   },
   "type": "Feature"
  },
  {
   "geometry": {
    "coordinates": [
     120.916664,
     24.720003
    ],
    "type": "Point"
   },
   "properties": {
    "bearing": 0.0,
    "city": "新竹市",
    "description": "中華路六段807號前",
    "id": "b3666da5ae5b",
    "last_seen": "2026-08-11",
    "section_id": null,
    "section_role": null,
    "source": "gov.tw:7320",
    "speed_limit": 60,
    "type": "fixed"
   },
   "type": "Feature"
  },
  {
   "geometry": {
    "coordinates": [
     118.32414,
     24.413134
    ],
    "type": "Point"
   },
   "properties": {
    "bearing": null,
    "city": "金門縣",
    "description": "金城鎮環島南路一段(小西門路段)",
    "id": "b38c1be010b0",
    "last_seen": "2026-08-11",
    "section_id": null,
    "section_role": null,
    "source": "gov.tw:7320",
    "speed_limit": 60,
    "type": "fixed"
   },
   "type": "Feature"
  },
  {
   "geometry": {
    "coordinates": [
     121.01766,
     24.81264
    ],
    "type": "Point"
   },
   "properties": {
    "bearing": null,
    "city": "新竹縣",
    "description": "竹北市興隆路與莊敬南路口(新竹地方法院前)",
    "id": "b39fea45fb0a",
    "last_seen": "2026-08-11",
    "section_id": null,
    "section_role": null,
    "source": "gov.tw:7320",
    "speed_limit": 50,
    "type": "fixed"
   },
   "type": "Feature"
  },
  {
   "geometry": {
    "coordinates": [
     120.61391,
     24.18044
    ],
    "type": "Point"
   },
   "properties": {
    "bearing": 90.0,
    "city": "臺中市",
    "description": "西屯區西屯路三段與遠東街口",
    "id": "b3e00dc84830",
    "last_seen": "2026-08-11",
    "section_id": null,
    "section_role": null,
    "source": "gov.tw:7320",
    "speed_limit": 50,
    "type": "fixed"
   },
   "type": "Feature"
  },
  {
   "geometry": {
    "coordinates": [
     120.61027,
     24.170338
    ],
    "type": "Point"
   },
   "properties": {
    "bearing": 90.0,
    "city": "臺中市",
    "description": "工業區一路100對面",
    "id": "b3ed18e210a3",
    "last_seen": "2026-08-11",
    "section_id": null,
    "section_role": null,
    "source": "gov.tw:7320",
    "speed_limit": 40,
    "type": "fixed"
   },
   "type": "Feature"
  },
  {
   "geometry": {
    "coordinates": [
     120.496765,
     23.757647
    ],
    "type": "Point"
   },
   "properties": {
    "bearing": 0.0,
    "city": "雲林縣",
    "description": "莿桐鄉臺 1 線與中正路口",
    "id": "b3f3476047bc",
    "last_seen": "2026-08-11",
    "section_id": null,
    "section_role": null,
    "source": "gov.tw:7320",
    "speed_limit": 60,
    "type": "fixed"
   },
   "type": "Feature"
  },
  {
   "geometry": {
    "coordinates": [
     121.44227,
     25.043478
    ],
    "type": "Point"
   },
   "properties": {
    "bearing": 0.0,
    "city": "新北市",
    "description": "中環路2段台65線高架下（新泰路401巷29號對面）",
    "id": "b4219e3ecb2f",
    "last_seen": "2026-08-11",
    "section_id": null,
    "section_role": null,
    "source": "gov.tw:7320",
    "speed_limit": 50,
    "type": "fixed"
   },
   "type": "Feature"
  },
  {
   "geometry": {
    "coordinates": [
     120.40055,
     22.89416
    ],
    "type": "Point"
   },
   "properties": {
    "bearing": 270.0,
    "city": "高雄市",
    "description": "古亭路(台28線)18號以東67.5公尺處(往阿蓮方向)",
    "id": "b438de536440",
    "last_seen": "2026-08-11",
    "section_id": null,
    "section_role": null,
    "source": "gov.tw:7320",
    "speed_limit": 50,
    "type": "fixed"
   },
   "type": "Feature"
  },
  {
   "geometry": {
    "coordinates": [
     121.31246,
     25.005
    ],
    "type": "Point"
   },
   "properties": {
    "bearing": null,
    "city": "桃園市",
    "description": "春日路561號前",
    "id": "b47f581a50b5",
    "last_seen": "2026-08-11",
    "section_id": null,
    "section_role": null,
    "source": "gov.tw:7320",
    "speed_limit": 50,
    "type": "fixed"
   },
   "type": "Feature"
  },
  {
   "geometry": {
    "coordinates": [
     120.1884,
     23.04589
    ],
    "type": "Point"
   },
   "properties": {
    "bearing": 0.0,
    "city": "臺南市",
    "description": "安吉路-安中路口",
    "id": "b4a2641fa767",
    "last_seen": "2026-08-11",
    "section_id": null,
    "section_role": null,
    "source": "gov.tw:7320",
    "speed_limit": 60,
    "type": "fixed"
   },
   "type": "Feature"
  },
  {
   "geometry": {
    "coordinates": [
     120.47726,
     23.68877
    ],
    "type": "Point"
   },
   "properties": {
    "bearing": 0.0,
    "city": "雲林縣",
    "description": "斗南鎮大展路與東科三路",
    "id": "b4a79d631903",
    "last_seen": "2026-08-11",
    "section_id": null,
    "section_role": null,
    "source": "gov.tw:7320",
    "speed_limit": 50,
    "type": "fixed"
   },
   "type": "Feature"
  },
  {
   "geometry": {
    "coordinates": [
     120.337105,
     23.658632
    ],
    "type": "Point"
   },
   "properties": {
    "bearing": null,
    "city": "雲林縣",
    "description": "元長鄉160縣道20k+947m處(子茂段)",
    "id": "b4d818287c53",
    "last_seen": "2026-08-11",
    "section_id": null,
    "section_role": null,
    "source": "gov.tw:7320",
    "speed_limit": 60,
    "type": "fixed"
   },
   "type": "Feature"
  },
  {
   "geometry": {
    "coordinates": [
     120.5195,
     22.519917
    ],
    "type": "Point"
   },
   "properties": {
    "bearing": null,
    "city": "屏東縣",
    "description": "187線28.8K",
    "id": "b503d2dc3653",
    "last_seen": "2026-08-11",
    "section_id": null,
    "section_role": null,
    "source": "gov.tw:7320",
    "speed_limit": 60,
    "type": "fixed"
   },
   "type": "Feature"
  },
  {
   "geometry": {
    "coordinates": [
     118.35987,
     24.44569
    ],
    "type": "Point"
   },
   "properties": {
    "bearing": null,
    "city": "金門縣",
    "description": "金寧鄉伯玉路三段(中山林段)",
    "id": "b543777eabf6",
    "last_seen": "2026-08-11",
    "section_id": null,
    "section_role": null,
    "source": "gov.tw:7320",
    "speed_limit": 70,
    "type": "fixed"
   },
   "type": "Feature"
  },
  {
   "geometry": {
    "coordinates": [
     121.79389,
     24.849024
    ],
    "type": "Point"
   },
   "properties": {
    "bearing": null,
    "city": "宜蘭縣",
    "description": "台9線68.6K北宜路一段南下",
    "id": "b549fb9d53df",
    "last_seen": "2026-08-11",
    "section_id": null,
    "section_role": null,
    "source": "gov.tw:7320",
    "speed_limit": 40,
    "type": "fixed"
   },
   "type": "Feature"
  },
  {
   "geometry": {
    "coordinates": [
     121.44565,
     25.14733
    ],
    "type": "Point"
   },
   "properties": {
    "bearing": 315.0,
    "city": "新北市",
    "description": "龍米路2段米倉國小前（雙向）",
    "id": "b55af1184776",
    "last_seen": "2026-08-11",
    "section_id": null,
    "section_role": null,
    "source": "gov.tw:7320",
    "speed_limit": 50,
    "type": "fixed"
   },
   "type": "Feature"
  },
  {
   "geometry": {
    "coordinates": [
     120.30067,
     23.684862
    ],
    "type": "Point"
   },
   "properties": {
    "bearing": 90.0,
    "city": "雲林縣",
    "description": "東勢鄉台78線快速公路13k處(西向東)",
    "id": "b55c2c5c52ed",
    "last_seen": "2026-08-11",
    "section_id": null,
    "section_role": null,
    "source": "gov.tw:7320",
    "speed_limit": 100,
    "type": "fixed"
   },
   "type": "Feature"
  },
  {
   "geometry": {
    "coordinates": [
     121.83023,
     24.490236
    ],
    "type": "Point"
   },
   "properties": {
    "bearing": null,
    "city": "宜蘭縣",
    "description": "台9線117k+772m新澳隧道北上",
    "id": "b583113a5a8c",
    "last_seen": "2026-08-11",
    "section_id": null,
    "section_role": null,
    "source": "gov.tw:7320",
    "speed_limit": 40,
    "type": "fixed"
   },
   "type": "Feature"
  },
  {
   "geometry": {
    "coordinates": [
     120.3628,
     22.510351
    ],
    "type": "Point"
   },
   "properties": {
    "bearing": 0.0,
    "city": "高雄市",
    "description": "中門路與南星路口(快車道)",
    "id": "b5c399cc0ebe",
    "last_seen": "2026-08-11",
    "section_id": null,
    "section_role": null,
    "source": "gov.tw:7320",
    "speed_limit": 50,
    "type": "fixed"
   },
   "type": "Feature"
  },
  {
   "geometry": {
    "coordinates": [
     120.792854,
     24.522364
    ],
    "type": "Point"
   },
   "properties": {
    "bearing": 0.0,
    "city": "苗栗縣",
    "description": "台13線35.2公里處",
    "id": "b5c6252a0d43",
    "last_seen": "2026-08-11",
    "section_id": null,
    "section_role": null,
    "source": "gov.tw:7320",
    "speed_limit": 60,
    "type": "fixed"
   },
   "type": "Feature"
  },
  {
   "geometry": {
    "coordinates": [
     120.38855,
     23.670492
    ],
    "type": "Point"
   },
   "properties": {
    "bearing": null,
    "city": "雲林縣",
    "description": "土庫鎮145縣道29k處(土庫外環道)",
    "id": "b5c6703afab1",
    "last_seen": "2026-08-11",
    "section_id": null,
    "section_role": null,
    "source": "gov.tw:7320",
    "speed_limit": 60,
    "type": "fixed"
   },
   "type": "Feature"
  },
  {
   "geometry": {
    "coordinates": [
     120.73099,
     24.245043
    ],
    "type": "Point"
   },
   "properties": {
    "bearing": 0.0,
    "city": "臺中市",
    "description": "豐原大道四段51號",
    "id": "b5f2d9ec56ac",
    "last_seen": "2026-08-11",
    "section_id": null,
    "section_role": null,
    "source": "gov.tw:7320",
    "speed_limit": 60,
    "type": "fixed"
   },
   "type": "Feature"
  },
  {
   "geometry": {
    "coordinates": [
     120.958046,
     24.807743
    ],
    "type": "Point"
   },
   "properties": {
    "bearing": 0.0,
    "city": "新竹市",
    "description": "經國路二段、磐石路口",
    "id": "b60989c42ffa",
    "last_seen": "2026-08-11",
    "section_id": null,
    "section_role": null,
    "source": "gov.tw:7320",
    "speed_limit": 50,
    "type": "fixed"
   },
   "type": "Feature"
  },
  {
   "geometry": {
    "coordinates": [
     120.124985,
     23.189188
    ],
    "type": "Point"
   },
   "properties": {
    "bearing": 0.0,
    "city": "臺南市",
    "description": "臺17線152.6公里大潭寮路口",
    "id": "b6269c2d233c",
    "last_seen": "2026-08-11",
    "section_id": null,
    "section_role": null,
    "source": "gov.tw:7320",
    "speed_limit": 70,
    "type": "fixed"
   },
   "type": "Feature"
  },
  {
   "geometry": {
    "coordinates": [
     120.587204,
     24.11332
    ],
    "type": "Point"
   },
   "properties": {
    "bearing": 270.0,
    "city": "臺中市",
    "description": "烏日區沙田路一段與振興街口",
    "id": "b63dee9de92c",
    "last_seen": "2026-08-11",
    "section_id": null,
    "section_role": null,
    "source": "gov.tw:7320",
    "speed_limit": 40,
    "type": "fixed"
   },
   "type": "Feature"
  },
  {
   "geometry": {
    "coordinates": [
     120.54267,
     22.693243
    ],
    "type": "Point"
   },
   "properties": {
    "bearing": null,
    "city": "屏東縣",
    "description": "台24線7.98K中興路段",
    "id": "b66df37f1447",
    "last_seen": "2026-08-11",
    "section_id": null,
    "section_role": null,
    "source": "gov.tw:7320",
    "speed_limit": 60,
    "type": "fixed"
   },
   "type": "Feature"
  },
  {
   "geometry": {
    "coordinates": [
     120.41893,
     24.075989
    ],
    "type": "Point"
   },
   "properties": {
    "bearing": 270.0,
    "city": "彰化縣",
    "description": "鹿港鎮彰濱五路2段與臨海路3段",
    "id": "b6ada81e5805",
    "last_seen": "2026-08-11",
    "section_id": null,
    "section_role": null,
    "source": "gov.tw:7320",
    "speed_limit": 70,
    "type": "fixed"
   },
   "type": "Feature"
  },
  {
   "geometry": {
    "coordinates": [
     120.340614,
     23.910868
    ],
    "type": "Point"
   },
   "properties": {
    "bearing": null,
    "city": "彰化縣",
    "description": "芳苑鄉斗苑路頂後段與路平路口",
    "id": "b6f0677d5d46",
    "last_seen": "2026-08-11",
    "section_id": null,
    "section_role": null,
    "source": "gov.tw:7320",
    "speed_limit": 60,
    "type": "fixed"
   },
   "type": "Feature"
  },
  {
   "geometry": {
    "coordinates": [
     120.536415,
     23.962378
    ],
    "type": "Point"
   },
   "properties": {
    "bearing": 180.0,
    "city": "彰化縣",
    "description": "埔心鄉埔新路與瑤鳳路3段口",
    "id": "b6f2e14dda3a",
    "last_seen": "2026-08-11",
    "section_id": null,
    "section_role": null,
    "source": "gov.tw:7320",
    "speed_limit": 60,
    "type": "fixed"
   },
   "type": "Feature"
  },
  {
   "geometry": {
    "coordinates": [
     120.30972,
     22.56024
    ],
    "type": "Point"
   },
   "properties": {
    "bearing": 180.0,
    "city": "高雄市",
    "description": "過港隧道南孔〈旗津往前鎮方向〉汽車道1361M處",
    "id": "b6f374df5eba",
    "last_seen": "2026-08-11",
    "section_id": null,
    "section_role": null,
    "source": "gov.tw:7320",
    "speed_limit": 60,
    "type": "fixed"
   },
   "type": "Feature"
  },
  {
   "geometry": {
    "coordinates": [
     120.52917,
     22.563972
    ],
    "type": "Point"
   },
   "properties": {
    "bearing": null,
    "city": "屏東縣",
    "description": "189線22.68K",
    "id": "b6f87dfb42a3",
    "last_seen": "2026-08-11",
    "section_id": null,
    "section_role": null,
    "source": "gov.tw:7320",
    "speed_limit": 50,
    "type": "fixed"
   },
   "type": "Feature"
  },
  {
   "geometry": {
    "coordinates": [
     120.38841,
     24.0466
    ],
    "type": "Point"
   },
   "properties": {
    "bearing": null,
    "city": "臺中市",
    "description": "烏日區環中路八段599號前",
    "id": "b70aa9185103",
    "last_seen": "2026-08-11",
    "section_id": null,
    "section_role": null,
    "source": "gov.tw:7320",
    "speed_limit": 60,
    "type": "fixed"
   },
   "type": "Feature"
  },
  {
   "geometry": {
    "coordinates": [
     121.53001,
     23.907051
    ],
    "type": "Point"
   },
   "properties": {
    "bearing": null,
    "city": "花蓮縣",
    "description": "花蓮縣壽豐鄉志學村中山路與中正路口",
    "id": "b78ee31cb280",
    "last_seen": "2026-08-11",
    "section_id": null,
    "section_role": null,
    "source": "gov.tw:7320",
    "speed_limit": 50,
    "type": "fixed"
   },
   "type": "Feature"
  },
  {
   "geometry": {
    "coordinates": [
     121.02092,
     24.987894
    ],
    "type": "Point"
   },
   "properties": {
    "bearing": null,
    "city": "桃園市",
    "description": "西濱路永安段與中山西路三段路口",
    "id": "b7e2b13f7c2e",
    "last_seen": "2026-08-11",
    "section_id": null,
    "section_role": null,
    "source": "gov.tw:7320",
    "speed_limit": 50,
    "type": "fixed"
   },
   "type": "Feature"
  },
  {
   "geometry": {
    "coordinates": [
     120.69191,
     24.100637
    ],
    "type": "Point"
   },
   "properties": {
    "bearing": 0.0,
    "city": "臺中市",
    "description": "台74線35K(往太平方向)",
    "id": "b7ea986b8e08",
    "last_seen": "2026-08-11",
    "section_id": null,
    "section_role": null,
    "source": "gov.tw:7320",
    "speed_limit": 80,
    "type": "fixed"
   },
   "type": "Feature"
  },
  {
   "geometry": {
    "coordinates": [
     121.738594,
     24.714243
    ],
    "type": "Point"
   },
   "properties": {
    "bearing": null,
    "city": "宜蘭縣",
    "description": "宜18-2線溪洲路346號東向",
    "id": "b7eef7618d3e",
    "last_seen": "2026-08-11",
    "section_id": null,
    "section_role": null,
    "source": "gov.tw:7320",
    "speed_limit": 50,
    "type": "fixed"
   },
   "type": "Feature"
  },
  {
   "geometry": {
    "coordinates": [
     120.58574,
     22.636942
    ],
    "type": "Point"
   },
   "properties": {
    "bearing": null,
    "city": "屏東縣",
    "description": "187丙線18.6K科大路一段",
    "id": "b8051349c55d",
    "last_seen": "2026-08-11",
    "section_id": null,
    "section_role": null,
    "source": "gov.tw:7320",
    "speed_limit": 50,
    "type": "fixed"
   },
   "type": "Feature"
  },
  {
   "geometry": {
    "coordinates": [
     120.54649,
     23.699762
    ],
    "type": "Point"
   },
   "properties": {
    "bearing": 0.0,
    "city": "雲林縣",
    "description": "台3線公路252k+65m處",
    "id": "b807a1e0ce78",
    "last_seen": "2026-08-11",
    "section_id": null,
    "section_role": null,
    "source": "gov.tw:7320",
    "speed_limit": 60,
    "type": "fixed"
   },
   "type": "Feature"
  },
  {
   "geometry": {
    "coordinates": [
     120.5492,
     22.870377
    ],
    "type": "Point"
   },
   "properties": {
    "bearing": 180.0,
    "city": "高雄市",
    "description": "復興街一段480號前",
    "id": "b82ad63e6d47",
    "last_seen": "2026-08-11",
    "section_id": null,
    "section_role": null,
    "source": "gov.tw:7320",
    "speed_limit": 50,
    "type": "fixed"
   },
   "type": "Feature"
  },
  {
   "geometry": {
    "coordinates": [
     120.76707,
     21.95873
    ],
    "type": "Point"
   },
   "properties": {
    "bearing": null,
    "city": "屏東縣",
    "description": "台26線31.11K南灣段",
    "id": "b83c6e1738e0",
    "last_seen": "2026-08-11",
    "section_id": null,
    "section_role": null,
    "source": "gov.tw:7320",
    "speed_limit": 60,
    "type": "fixed"
   },
   "type": "Feature"
  },
  {
   "geometry": {
    "coordinates": [
     120.39813,
     23.433348
    ],
    "type": "Point"
   },
   "properties": {
    "bearing": null,
    "city": "嘉義縣",
    "description": "水上鄉台1線與168線路口",
    "id": "b84c777cb933",
    "last_seen": "2026-08-11",
    "section_id": null,
    "section_role": null,
    "source": "gov.tw:7320",
    "speed_limit": 50,
    "type": "fixed"
   },
   "type": "Feature"
  },
  {
   "geometry": {
    "coordinates": [
     121.43936,
     24.983473
    ],
    "type": "Point"
   },
   "properties": {
    "bearing": 180.0,
    "city": "新北市",
    "description": "擺接堡路1號裕德國小前（往土城或板橋）",
    "id": "b884f2ca09d0",
    "last_seen": "2026-08-11",
    "section_id": null,
    "section_role": null,
    "source": "gov.tw:7320",
    "speed_limit": 50,
    "type": "fixed"
   },
   "type": "Feature"
  },
  {
   "geometry": {
    "coordinates": [
     121.01968,
     24.75126
    ],
    "type": "Point"
   },
   "properties": {
    "bearing": 180.0,
    "city": "新竹縣",
    "description": "寶山路二段竹83線0.8公里",
    "id": "b88ccf7ef93d",
    "last_seen": "2026-08-11",
    "section_id": null,
    "section_role": null,
    "source": "gov.tw:7320",
    "speed_limit": 40,
    "type": "fixed"
   },
   "type": "Feature"
  },
  {
   "geometry": {
    "coordinates": [
     121.5118,
     25.029182
    ],
    "type": "Point"
   },
   "properties": {
    "bearing": 90.0,
    "city": "臺北市",
    "description": "和平西路寧波西街口",
    "id": "b8ae70c92e55",
    "last_seen": "2026-08-11",
    "section_id": null,
    "section_role": null,
    "source": "gov.tw:7320",
    "speed_limit": 50,
    "type": "fixed"
   },
   "type": "Feature"
  },
  {
   "geometry": {
    "coordinates": [
     121.43577,
     25.173384
    ],
    "type": "Point"
   },
   "properties": {
    "bearing": 270.0,
    "city": "新北市",
    "description": "文化路與中正路口（往漁人碼頭）",
    "id": "b8b397d2a9bf",
    "last_seen": "2026-08-11",
    "section_id": null,
    "section_role": null,
    "source": "gov.tw:7320",
    "speed_limit": 50,
    "type": "fixed"
   },
   "type": "Feature"
  },
  {
   "geometry": {
    "coordinates": [
     120.64389,
     22.871248
    ],
    "type": "Point"
   },
   "properties": {
    "bearing": null,
    "city": "屏東縣",
    "description": "185線0.95K",
    "id": "b8cc079db62a",
    "last_seen": "2026-08-11",
    "section_id": null,
    "section_role": null,
    "source": "gov.tw:7320",
    "speed_limit": 50,
    "type": "fixed"
   },
   "type": "Feature"
  },
  {
   "geometry": {
    "coordinates": [
     121.83988,
     24.547905
    ],
    "type": "Point"
   },
   "properties": {
    "bearing": null,
    "city": "宜蘭縣",
    "description": "台9線110k+300m東澳隧道北上",
    "id": "b8ddb7709a0f",
    "last_seen": "2026-08-11",
    "section_id": null,
    "section_role": null,
    "source": "gov.tw:7320",
    "speed_limit": 70,
    "type": "fixed"
   },
   "type": "Feature"
  },
  {
   "geometry": {
    "coordinates": [
     120.21746,
     22.941513
    ],
    "type": "Point"
   },
   "properties": {
    "bearing": 180.0,
    "city": "臺南市",
    "description": "機場路與機場路495巷口",
    "id": "b8ecb5dab461",
    "last_seen": "2026-08-11",
    "section_id": null,
    "section_role": null,
    "source": "gov.tw:7320",
    "speed_limit": 50,
    "type": "fixed"
   },
   "type": "Feature"
  },
  {
   "geometry": {
    "coordinates": [
     121.56716,
     23.964924
    ],
    "type": "Point"
   },
   "properties": {
    "bearing": null,
    "city": "花蓮縣",
    "description": "花蓮縣吉安鄉中央路與稻香路口",
    "id": "b8fde53b8fc2",
    "last_seen": "2026-08-11",
    "section_id": null,
    "section_role": null,
    "source": "gov.tw:7320",
    "speed_limit": 60,
    "type": "fixed"
   },
   "type": "Feature"
  },
  {
   "geometry": {
    "coordinates": [
     120.99644,
     24.775665
    ],
    "type": "Point"
   },
   "properties": {
    "bearing": 180.0,
    "city": "新竹市",
    "description": "新竹科學園區園區三路世界先進前",
    "id": "b92d5c270ad1",
    "last_seen": "2026-08-11",
    "section_id": null,
    "section_role": null,
    "source": "gov.tw:7320",
    "speed_limit": 50,
    "type": "fixed"
   },
   "type": "Feature"
  },
  {
   "geometry": {
    "coordinates": [
     120.58451,
     23.918741
    ],
    "type": "Point"
   },
   "properties": {
    "bearing": 180.0,
    "city": "彰化縣",
    "description": "社頭鄉中山路3段與圳尾巷口",
    "id": "b9668b47183b",
    "last_seen": "2026-08-11",
    "section_id": null,
    "section_role": null,
    "source": "gov.tw:7320",
    "speed_limit": 60,
    "type": "fixed"
   },
   "type": "Feature"
  },
  {
   "geometry": {
    "coordinates": [
     121.05449,
     24.7978
    ],
    "type": "Point"
   },
   "properties": {
    "bearing": null,
    "city": "新竹縣",
    "description": "東興路二段316號前(120線7.1公里)",
    "id": "b96da11023f5",
    "last_seen": "2026-08-11",
    "section_id": null,
    "section_role": null,
    "source": "gov.tw:7320",
    "speed_limit": 60,
    "type": "fixed"
   },
   "type": "Feature"
  },
  {
   "geometry": {
    "coordinates": [
     121.11795,
     24.898788
    ],
    "type": "Point"
   },
   "properties": {
    "bearing": 0.0,
    "city": "桃園市",
    "description": "中山南路台1線50.5k處",
    "id": "b96f1008b47c",
    "last_seen": "2026-08-11",
    "section_id": null,
    "section_role": null,
    "source": "gov.tw:7320",
    "speed_limit": 60,
    "type": "fixed"
   },
   "type": "Feature"
  },
  {
   "geometry": {
    "coordinates": [
     121.18129,
     25.084124
    ],
    "type": "Point"
   },
   "properties": {
    "bearing": null,
    "city": "桃園市",
    "description": "西濱路二段與民生路口",
    "id": "b970a4c79cc2",
    "last_seen": "2026-08-11",
    "section_id": null,
    "section_role": null,
    "source": "gov.tw:7320",
    "speed_limit": 50,
    "type": "fixed"
   },
   "type": "Feature"
  },
  {
   "geometry": {
    "coordinates": [
     120.7323,
     24.3199
    ],
    "type": "Point"
   },
   "properties": {
    "bearing": null,
    "city": "臺中市",
    "description": "后科路二段(盟力公司)",
    "id": "b9da5a491cb7",
    "last_seen": "2026-08-11",
    "section_id": null,
    "section_role": null,
    "source": "gov.tw:7320",
    "speed_limit": 50,
    "type": "fixed"
   },
   "type": "Feature"
  },
  {
   "geometry": {
    "coordinates": [
     121.51818,
     25.089865
    ],
    "type": "Point"
   },
   "properties": {
    "bearing": 180.0,
    "city": "臺北市",
    "description": "承德路4段福港街口",
    "id": "ba181cb13be2",
    "last_seen": "2026-08-11",
    "section_id": null,
    "section_role": null,
    "source": "gov.tw:7320",
    "speed_limit": 50,
    "type": "fixed"
   },
   "type": "Feature"
  },
  {
   "geometry": {
    "coordinates": [
     121.78074,
     24.703253
    ],
    "type": "Point"
   },
   "properties": {
    "bearing": null,
    "city": "宜蘭縣",
    "description": "宜25線1K五結中路三段東向",
    "id": "ba221cc92181",
    "last_seen": "2026-08-11",
    "section_id": null,
    "section_role": null,
    "source": "gov.tw:7320",
    "speed_limit": 50,
    "type": "fixed"
   },
   "type": "Feature"
  },
  {
   "geometry": {
    "coordinates": [
     120.92257,
     24.81397
    ],
    "type": "Point"
   },
   "properties": {
    "bearing": 0.0,
    "city": "新竹市",
    "description": "西濱路港南國小前",
    "id": "ba2a775bbae2",
    "last_seen": "2026-08-11",
    "section_id": null,
    "section_role": null,
    "source": "gov.tw:7320",
    "speed_limit": 60,
    "type": "fixed"
   },
   "type": "Feature"
  },
  {
   "geometry": {
    "coordinates": [
     121.48016,
     25.010178
    ],
    "type": "Point"
   },
   "properties": {
    "bearing": 135.0,
    "city": "新北市",
    "description": "中正路1203號前（往中山路方向）",
    "id": "ba3683c86ab7",
    "last_seen": "2026-08-11",
    "section_id": null,
    "section_role": null,
    "source": "gov.tw:7320",
    "speed_limit": 50,
    "type": "fixed"
   },
   "type": "Feature"
  },
  {
   "geometry": {
    "coordinates": [
     121.508865,
     25.065893
    ],
    "type": "Point"
   },
   "properties": {
    "bearing": null,
    "city": "臺北市",
    "description": "環河北路2段昌吉街口",
    "id": "ba5a0c341f79",
    "last_seen": "2026-08-11",
    "section_id": null,
    "section_role": null,
    "source": "gov.tw:7320",
    "speed_limit": 60,
    "type": "fixed"
   },
   "type": "Feature"
  },
  {
   "geometry": {
    "coordinates": [
     120.45011,
     23.12476
    ],
    "type": "Point"
   },
   "properties": {
    "bearing": null,
    "city": "臺南市",
    "description": "臺84線40.38公里",
    "id": "ba745425d695",
    "last_seen": "2026-08-11",
    "section_id": null,
    "section_role": null,
    "source": "gov.tw:7320",
    "speed_limit": 70,
    "type": "fixed"
   },
   "type": "Feature"
  },
  {
   "geometry": {
    "coordinates": [
     121.77481,
     24.433311
    ],
    "type": "Point"
   },
   "properties": {
    "bearing": null,
    "city": "宜蘭縣",
    "description": "台9線129k+404m至136k+883m(觀音隧道)",
    "id": "ba8be9f626a5",
    "last_seen": "2026-08-11",
    "section_id": null,
    "section_role": null,
    "source": "gov.tw:7320",
    "speed_limit": 70,
    "type": "fixed"
   },
   "type": "Feature"
  },
  {
   "geometry": {
    "coordinates": [
     121.55067,
     23.954082
    ],
    "type": "Point"
   },
   "properties": {
    "bearing": null,
    "city": "花蓮縣",
    "description": "台9丙線7.33K",
    "id": "baa30e292d74",
    "last_seen": "2026-08-11",
    "section_id": null,
    "section_role": null,
    "source": "gov.tw:7320",
    "speed_limit": 50,
    "type": "fixed"
   },
   "type": "Feature"
  },
  {
   "geometry": {
    "coordinates": [
     120.47336,
     22.67714
    ],
    "type": "Point"
   },
   "properties": {
    "bearing": null,
    "city": "屏東縣",
    "description": "屏42線4.6K機場北路段",
    "id": "bab8cfe896fd",
    "last_seen": "2026-08-11",
    "section_id": null,
    "section_role": null,
    "source": "gov.tw:7320",
    "speed_limit": 40,
    "type": "fixed"
   },
   "type": "Feature"
  },
  {
   "geometry": {
    "coordinates": [
     121.546074,
     24.948414
    ],
    "type": "Point"
   },
   "properties": {
    "bearing": 180.0,
    "city": "新北市",
    "description": "新烏路1段60號旁（往烏來）",
    "id": "babcf4616659",
    "last_seen": "2026-08-11",
    "section_id": null,
    "section_role": null,
    "source": "gov.tw:7320",
    "speed_limit": 40,
    "type": "fixed"
   },
   "type": "Feature"
  },
  {
   "geometry": {
    "coordinates": [
     121.24275,
     23.173555
    ],
    "type": "Point"
   },
   "properties": {
    "bearing": null,
    "city": "花蓮縣",
    "description": "臺9線299.82K",
    "id": "bae7f008067e",
    "last_seen": "2026-08-11",
    "section_id": null,
    "section_role": null,
    "source": "gov.tw:7320",
    "speed_limit": 60,
    "type": "fixed"
   },
   "type": "Feature"
  },
  {
   "geometry": {
    "coordinates": [
     121.53368,
     25.030283
    ],
    "type": "Point"
   },
   "properties": {
    "bearing": 180.0,
    "city": "臺北市",
    "description": "新生南路金華街",
    "id": "bb0d6c6fcf1e",
    "last_seen": "2026-08-11",
    "section_id": null,
    "section_role": null,
    "source": "gov.tw:7320",
    "speed_limit": 50,
    "type": "fixed"
   },
   "type": "Feature"
  },
  {
   "geometry": {
    "coordinates": [
     120.49853,
     23.8568
    ],
    "type": "Point"
   },
   "properties": {
    "bearing": null,
    "city": "彰化縣",
    "description": "溪州鄉台1線219.7公里(溪洲外環道)",
    "id": "bb142df6ccea",
    "last_seen": "2026-08-11",
    "section_id": null,
    "section_role": null,
    "source": "gov.tw:7320",
    "speed_limit": 70,
    "type": "fixed"
   },
   "type": "Feature"
  },
  {
   "geometry": {
    "coordinates": [
     120.28611,
     22.643929
    ],
    "type": "Point"
   },
   "properties": {
    "bearing": 270.0,
    "city": "高雄市",
    "description": "九如三路(中都街與九如大橋中段)",
    "id": "bb1734e839e5",
    "last_seen": "2026-08-11",
    "section_id": null,
    "section_role": null,
    "source": "gov.tw:7320",
    "speed_limit": 50,
    "type": "fixed"
   },
   "type": "Feature"
  },
  {
   "geometry": {
    "coordinates": [
     121.262245,
     24.989258
    ],
    "type": "Point"
   },
   "properties": {
    "bearing": null,
    "city": "桃園市",
    "description": "文中路一段265巷口前",
    "id": "bb2f03f96ad9",
    "last_seen": "2026-08-11",
    "section_id": null,
    "section_role": null,
    "source": "gov.tw:7320",
    "speed_limit": 50,
    "type": "fixed"
   },
   "type": "Feature"
  },
  {
   "geometry": {
    "coordinates": [
     121.452415,
     23.74475
    ],
    "type": "Point"
   },
   "properties": {
    "bearing": null,
    "city": "花蓮縣",
    "description": "花蓮縣鳳林鎮信義路與公正街口",
    "id": "bb37d17c790d",
    "last_seen": "2026-08-11",
    "section_id": null,
    "section_role": null,
    "source": "gov.tw:7320",
    "speed_limit": 70,
    "type": "fixed"
   },
   "type": "Feature"
  },
  {
   "geometry": {
    "coordinates": [
     121.76466,
     24.71843
    ],
    "type": "Point"
   },
   "properties": {
    "bearing": null,
    "city": "宜蘭縣",
    "description": "宜16線5.5K南津路東向",
    "id": "bb4f126db92e",
    "last_seen": "2026-08-11",
    "section_id": null,
    "section_role": null,
    "source": "gov.tw:7320",
    "speed_limit": 50,
    "type": "fixed"
   },
   "type": "Feature"
  },
  {
   "geometry": {
    "coordinates": [
     120.57284,
     24.031086
    ],
    "type": "Point"
   },
   "properties": {
    "bearing": null,
    "city": "彰化縣",
    "description": "花壇鄉台74甲線與灣福路口(慢車道速限40公里/小時)",
    "id": "bb627a707bb0",
    "last_seen": "2026-08-11",
    "section_id": null,
    "section_role": null,
    "source": "gov.tw:7320",
    "speed_limit": 70,
    "type": "fixed"
   },
   "type": "Feature"
  },
  {
   "geometry": {
    "coordinates": [
     120.27492,
     23.114704
    ],
    "type": "Point"
   },
   "properties": {
    "bearing": 180.0,
    "city": "臺南市",
    "description": "南科北路與南科八路口",
    "id": "bb6a148d6af2",
    "last_seen": "2026-08-11",
    "section_id": null,
    "section_role": null,
    "source": "gov.tw:7320",
    "speed_limit": 60,
    "type": "fixed"
   },
   "type": "Feature"
  },
  {
   "geometry": {
    "coordinates": [
     120.63207,
     24.205421
    ],
    "type": "Point"
   },
   "properties": {
    "bearing": 270.0,
    "city": "臺中市",
    "description": "大雅區中科路1088號前往永和路方向快慢分隔島",
    "id": "bb775109eff5",
    "last_seen": "2026-08-11",
    "section_id": null,
    "section_role": null,
    "source": "gov.tw:7320",
    "speed_limit": 60,
    "type": "fixed"
   },
   "type": "Feature"
  },
  {
   "geometry": {
    "coordinates": [
     120.533264,
     24.051252
    ],
    "type": "Point"
   },
   "properties": {
    "bearing": null,
    "city": "彰化縣",
    "description": "花壇鄉台1線194.496K(省道)",
    "id": "bba100316309",
    "last_seen": "2026-08-11",
    "section_id": null,
    "section_role": null,
    "source": "gov.tw:7320",
    "speed_limit": 70,
    "type": "fixed"
   },
   "type": "Feature"
  },
  {
   "geometry": {
    "coordinates": [
     120.231125,
     23.082523
    ],
    "type": "Point"
   },
   "properties": {
    "bearing": 90.0,
    "city": "國道八號",
    "description": "國道八號東向4.2公里",
    "id": "bbb6ad9a3749",
    "last_seen": "2026-08-11",
    "section_id": null,
    "section_role": null,
    "source": "gov.tw:7320",
    "speed_limit": 100,
    "type": "fixed"
   },
   "type": "Feature"
  },
  {
   "geometry": {
    "coordinates": [
     121.73952,
     25.102694
    ],
    "type": "Point"
   },
   "properties": {
    "bearing": 90.0,
    "city": "基隆市",
    "description": "源遠路、暖暖街口",
    "id": "bbbbbfdae1bd",
    "last_seen": "2026-08-11",
    "section_id": null,
    "section_role": null,
    "source": "gov.tw:7320",
    "speed_limit": 50,
    "type": "fixed"
   },
   "type": "Feature"
  },
  {
   "geometry": {
    "coordinates": [
     120.5978,
     24.1819
    ],
    "type": "Point"
   },
   "properties": {
    "bearing": 90.0,
    "city": "臺中市",
    "description": "西屯區臺灣大道四段2088號前(往市區)",
    "id": "bbc58a7263a2",
    "last_seen": "2026-08-11",
    "section_id": null,
    "section_role": null,
    "source": "gov.tw:7320",
    "speed_limit": 50,
    "type": "fixed"
   },
   "type": "Feature"
  },
  {
   "geometry": {
    "coordinates": [
     121.05023,
     24.826906
    ],
    "type": "Point"
   },
   "properties": {
    "bearing": null,
    "city": "新竹縣",
    "description": "文山路亞東段1008號",
    "id": "bbe021eeda2a",
    "last_seen": "2026-08-11",
    "section_id": null,
    "section_role": null,
    "source": "gov.tw:7320",
    "speed_limit": 50,
    "type": "fixed"
   },
   "type": "Feature"
  },
  {
   "geometry": {
    "coordinates": [
     120.906876,
     24.687279
    ],
    "type": "Point"
   },
   "properties": {
    "bearing": 180.0,
    "city": "苗栗縣",
    "description": "中央路與自強路口周邊道路",
    "id": "bbe4af6f6eda",
    "last_seen": "2026-08-11",
    "section_id": null,
    "section_role": null,
    "source": "gov.tw:7320",
    "speed_limit": 60,
    "type": "fixed"
   },
   "type": "Feature"
  },
  {
   "geometry": {
    "coordinates": [
     120.20978,
     23.263838
    ],
    "type": "Point"
   },
   "properties": {
    "bearing": null,
    "city": "臺南市",
    "description": "飯店里臺19線110.3公里",
    "id": "bbfde07d026b",
    "last_seen": "2026-08-11",
    "section_id": null,
    "section_role": null,
    "source": "gov.tw:7320",
    "speed_limit": 70,
    "type": "fixed"
   },
   "type": "Feature"
  },
  {
   "geometry": {
    "coordinates": [
     121.46705,
     25.040998
    ],
    "type": "Point"
   },
   "properties": {
    "bearing": 225.0,
    "city": "新北市",
    "description": "重新堤外道8.9公里處（往新莊）",
    "id": "bc0e17befe54",
    "last_seen": "2026-08-11",
    "section_id": null,
    "section_role": null,
    "source": "gov.tw:7320",
    "speed_limit": 50,
    "type": "fixed"
   },
   "type": "Feature"
  },
  {
   "geometry": {
    "coordinates": [
     120.422226,
     24.250887
    ],
    "type": "Point"
   },
   "properties": {
    "bearing": 0.0,
    "city": "臺中市",
    "description": "臺灣大道八段與港埠路口",
    "id": "bc3b685610e3",
    "last_seen": "2026-08-11",
    "section_id": null,
    "section_role": null,
    "source": "gov.tw:7320",
    "speed_limit": 60,
    "type": "fixed"
   },
   "type": "Feature"
  },
  {
   "geometry": {
    "coordinates": [
     120.53308,
     23.695944
    ],
    "type": "Point"
   },
   "properties": {
    "bearing": 90.0,
    "city": "雲林縣",
    "description": "大學路與雲林科技大學前路口",
    "id": "bc3ededf04d2",
    "last_seen": "2026-08-11",
    "section_id": null,
    "section_role": null,
    "source": "gov.tw:7320",
    "speed_limit": 60,
    "type": "fixed"
   },
   "type": "Feature"
  },
  {
   "geometry": {
    "coordinates": [
     121.810684,
     24.818115
    ],
    "type": "Point"
   },
   "properties": {
    "bearing": null,
    "city": "宜蘭縣",
    "description": "宜4線4k+280m大塭段東向",
    "id": "bce8afdc6075",
    "last_seen": "2026-08-11",
    "section_id": null,
    "section_role": null,
    "source": "gov.tw:7320",
    "speed_limit": 50,
    "type": "fixed"
   },
   "type": "Feature"
  },
  {
   "geometry": {
    "coordinates": [
     120.142685,
     23.052057
    ],
    "type": "Point"
   },
   "properties": {
    "bearing": null,
    "city": "臺南市",
    "description": "安明路近北汕尾路口",
    "id": "bd17f48617aa",
    "last_seen": "2026-08-11",
    "section_id": null,
    "section_role": null,
    "source": "gov.tw:7320",
    "speed_limit": 70,
    "type": "fixed"
   },
   "type": "Feature"
  },
  {
   "geometry": {
    "coordinates": [
     120.675,
     24.240812
    ],
    "type": "Point"
   },
   "properties": {
    "bearing": null,
    "city": "臺中市",
    "description": "神岡區民生路122號前(台10線17.4K)",
    "id": "bd20c7126f6d",
    "last_seen": "2026-08-11",
    "section_id": null,
    "section_role": null,
    "source": "gov.tw:7320",
    "speed_limit": 60,
    "type": "fixed"
   },
   "type": "Feature"
  },
  {
   "geometry": {
    "coordinates": [
     121.48293,
     25.0294
    ],
    "type": "Point"
   },
   "properties": {
    "bearing": 0.0,
    "city": "新北市",
    "description": "環河西路4段002597號燈桿旁（往三重）",
    "id": "bd8594e5c4a6",
    "last_seen": "2026-08-11",
    "section_id": null,
    "section_role": null,
    "source": "gov.tw:7320",
    "speed_limit": 50,
    "type": "fixed"
   },
   "type": "Feature"
  },
  {
   "geometry": {
    "coordinates": [
     121.7837,
     24.378277
    ],
    "type": "Point"
   },
   "properties": {
    "bearing": null,
    "city": "宜蘭縣",
    "description": "台9線135K+841m觀音隧道北上",
    "id": "bdd43c28abcd",
    "last_seen": "2026-08-11",
    "section_id": null,
    "section_role": null,
    "source": "gov.tw:7320",
    "speed_limit": 70,
    "type": "fixed"
   },
   "type": "Feature"
  },
  {
   "geometry": {
    "coordinates": [
     120.47146,
     23.459585
    ],
    "type": "Point"
   },
   "properties": {
    "bearing": null,
    "city": "嘉義縣",
    "description": "中埔鄉忠義路與大義路口",
    "id": "bdd91f4ef729",
    "last_seen": "2026-08-11",
    "section_id": null,
    "section_role": null,
    "source": "gov.tw:7320",
    "speed_limit": 50,
    "type": "fixed"
   },
   "type": "Feature"
  },
  {
   "geometry": {
    "coordinates": [
     121.37678,
     24.948078
    ],
    "type": "Point"
   },
   "properties": {
    "bearing": 0.0,
    "city": "新北市",
    "description": "大義路與學林路口（雙向）",
    "id": "bddef48aa40b",
    "last_seen": "2026-08-11",
    "section_id": null,
    "section_role": null,
    "source": "gov.tw:7320",
    "speed_limit": 50,
    "type": "fixed"
   },
   "type": "Feature"
  },
  {
   "geometry": {
    "coordinates": [
     120.64825,
     24.4435
    ],
    "type": "Point"
   },
   "properties": {
    "bearing": 180.0,
    "city": "苗栗縣",
    "description": "台1線140.8公里處(臨海路口)",
    "id": "be153521f076",
    "last_seen": "2026-08-11",
    "section_id": null,
    "section_role": null,
    "source": "gov.tw:7320",
    "speed_limit": 60,
    "type": "fixed"
   },
   "type": "Feature"
  },
  {
   "geometry": {
    "coordinates": [
     121.54384,
     25.01664
    ],
    "type": "Point"
   },
   "properties": {
    "bearing": 0.0,
    "city": "臺北市",
    "description": "基隆路長興街口",
    "id": "be1a192a90e5",
    "last_seen": "2026-08-11",
    "section_id": null,
    "section_role": null,
    "source": "gov.tw:7320",
    "speed_limit": 50,
    "type": "fixed"
   },
   "type": "Feature"
  },
  {
   "geometry": {
    "coordinates": [
     121.91447,
     25.07958
    ],
    "type": "Point"
   },
   "properties": {
    "bearing": 180.0,
    "city": "新北市",
    "description": "台2線91公里（往宜蘭或瑞芳）",
    "id": "be3a9d8e6e59",
    "last_seen": "2026-08-11",
    "section_id": null,
    "section_role": null,
    "source": "gov.tw:7320",
    "speed_limit": 60,
    "type": "fixed"
   },
   "type": "Feature"
  },
  {
   "geometry": {
    "coordinates": [
     120.28282,
     23.088713
    ],
    "type": "Point"
   },
   "properties": {
    "bearing": 0.0,
    "city": "臺南市",
    "description": "南科南路與新港社高架橋前",
    "id": "be6c3675558c",
    "last_seen": "2026-08-11",
    "section_id": null,
    "section_role": null,
    "source": "gov.tw:7320",
    "speed_limit": 60,
    "type": "fixed"
   },
   "type": "Feature"
  },
  {
   "geometry": {
    "coordinates": [
     121.03597,
     24.88042
    ],
    "type": "Point"
   },
   "properties": {
    "bearing": null,
    "city": "新竹縣",
    "description": "八德路一段與中山路一段口",
    "id": "bea58b9360ae",
    "last_seen": "2026-08-11",
    "section_id": null,
    "section_role": null,
    "source": "gov.tw:7320",
    "speed_limit": 60,
    "type": "fixed"
   },
   "type": "Feature"
  },
  {
   "geometry": {
    "coordinates": [
     120.29023,
     22.78207
    ],
    "type": "Point"
   },
   "properties": {
    "bearing": 90.0,
    "city": "高雄市",
    "description": "國軒路/鵬程東二路口",
    "id": "beddc3c71379",
    "last_seen": "2026-08-11",
    "section_id": null,
    "section_role": null,
    "source": "gov.tw:7320",
    "speed_limit": 50,
    "type": "fixed"
   },
   "type": "Feature"
  },
  {
   "geometry": {
    "coordinates": [
     121.4514,
     25.025661
    ],
    "type": "Point"
   },
   "properties": {
    "bearing": 225.0,
    "city": "新北市",
    "description": "環河西路5段00640燈桿（往板橋或土城）",
    "id": "bf3fee043d33",
    "last_seen": "2026-08-11",
    "section_id": null,
    "section_role": null,
    "source": "gov.tw:7320",
    "speed_limit": 50,
    "type": "fixed"
   },
   "type": "Feature"
  },
  {
   "geometry": {
    "coordinates": [
     121.48889,
     25.011087
    ],
    "type": "Point"
   },
   "properties": {
    "bearing": 135.0,
    "city": "新北市",
    "description": "環河西路3段091161號燈桿旁（雙向）",
    "id": "bf793fdb3e14",
    "last_seen": "2026-08-11",
    "section_id": null,
    "section_role": null,
    "source": "gov.tw:7320",
    "speed_limit": 50,
    "type": "fixed"
   },
   "type": "Feature"
  },
  {
   "geometry": {
    "coordinates": [
     120.50651,
     22.444584
    ],
    "type": "Point"
   },
   "properties": {
    "bearing": null,
    "city": "屏東縣",
    "description": "台17線262K（中山路口附近）",
    "id": "bfad8bc49ae0",
    "last_seen": "2026-08-11",
    "section_id": null,
    "section_role": null,
    "source": "gov.tw:7320",
    "speed_limit": 50,
    "type": "fixed"
   },
   "type": "Feature"
  },
  {
   "geometry": {
    "coordinates": [
     121.72058,
     25.133339
    ],
    "type": "Point"
   },
   "properties": {
    "bearing": 90.0,
    "city": "基隆市",
    "description": "麥金路749號前",
    "id": "bfbeff7b7689",
    "last_seen": "2026-08-11",
    "section_id": null,
    "section_role": null,
    "source": "gov.tw:7320",
    "speed_limit": 50,
    "type": "fixed"
   },
   "type": "Feature"
  },
  {
   "geometry": {
    "coordinates": [
     120.9788,
     24.69473
    ],
    "type": "Point"
   },
   "properties": {
    "bearing": 90.0,
    "city": "新竹縣",
    "description": "台3線91.2公里",
    "id": "bffd47e8e264",
    "last_seen": "2026-08-11",
    "section_id": null,
    "section_role": null,
    "source": "gov.tw:7320",
    "speed_limit": 60,
    "type": "fixed"
   },
   "type": "Feature"
  },
  {
   "geometry": {
    "coordinates": [
     120.61787,
     23.983116
    ],
    "type": "Point"
   },
   "properties": {
    "bearing": 180.0,
    "city": "彰化縣",
    "description": "芬園鄉大彰路2段與縣安路口",
    "id": "c021aa1ab055",
    "last_seen": "2026-08-11",
    "section_id": null,
    "section_role": null,
    "source": "gov.tw:7320",
    "speed_limit": 50,
    "type": "fixed"
   },
   "type": "Feature"
  },
  {
   "geometry": {
    "coordinates": [
     121.4526,
     25.08391
    ],
    "type": "Point"
   },
   "properties": {
    "bearing": 180.0,
    "city": "新北市",
    "description": "疏洪一路1K+535（雙向）",
    "id": "c023cc09733e",
    "last_seen": "2026-08-11",
    "section_id": null,
    "section_role": null,
    "source": "gov.tw:7320",
    "speed_limit": 50,
    "type": "fixed"
   },
   "type": "Feature"
  },
  {
   "geometry": {
    "coordinates": [
     121.76142,
     24.68059
    ],
    "type": "Point"
   },
   "properties": {
    "bearing": null,
    "city": "宜蘭縣",
    "description": "公正路324號東西雙向",
    "id": "c02401bb74df",
    "last_seen": "2026-08-11",
    "section_id": null,
    "section_role": null,
    "source": "gov.tw:7320",
    "speed_limit": 40,
    "type": "fixed"
   },
   "type": "Feature"
  },
  {
   "geometry": {
    "coordinates": [
     120.71295,
     24.277452
    ],
    "type": "Point"
   },
   "properties": {
    "bearing": 90.0,
    "city": "臺中市",
    "description": "豐原區國豐路一段501號",
    "id": "c05790b0b232",
    "last_seen": "2026-08-11",
    "section_id": null,
    "section_role": null,
    "source": "gov.tw:7320",
    "speed_limit": 50,
    "type": "fixed"
   },
   "type": "Feature"
  },
  {
   "geometry": {
    "coordinates": [
     120.51788,
     24.068613
    ],
    "type": "Point"
   },
   "properties": {
    "bearing": 0.0,
    "city": "彰化縣",
    "description": "彰化市線東路1段與環河街口",
    "id": "c059928fff7d",
    "last_seen": "2026-08-11",
    "section_id": null,
    "section_role": null,
    "source": "gov.tw:7320",
    "speed_limit": 60,
    "type": "fixed"
   },
   "type": "Feature"
  },
  {
   "geometry": {
    "coordinates": [
     121.24607,
     24.837442
    ],
    "type": "Point"
   },
   "properties": {
    "bearing": null,
    "city": "桃園市",
    "description": "中正路三坑下坡路段",
    "id": "c073e5b300c8",
    "last_seen": "2026-08-11",
    "section_id": null,
    "section_role": null,
    "source": "gov.tw:7320",
    "speed_limit": 60,
    "type": "fixed"
   },
   "type": "Feature"
  },
  {
   "geometry": {
    "coordinates": [
     120.22924,
     23.094667
    ],
    "type": "Point"
   },
   "properties": {
    "bearing": 90.0,
    "city": "臺南市",
    "description": "178線7.9公里與南134線路口",
    "id": "c0819d937c33",
    "last_seen": "2026-08-11",
    "section_id": null,
    "section_role": null,
    "source": "gov.tw:7320",
    "speed_limit": 50,
    "type": "fixed"
   },
   "type": "Feature"
  },
  {
   "geometry": {
    "coordinates": [
     121.51969,
     25.282158
    ],
    "type": "Point"
   },
   "properties": {
    "bearing": 45.0,
    "city": "新北市",
    "description": "台2線風管所前（往石門）",
    "id": "c0a06bbeb21b",
    "last_seen": "2026-08-11",
    "section_id": null,
    "section_role": null,
    "source": "gov.tw:7320",
    "speed_limit": 60,
    "type": "fixed"
   },
   "type": "Feature"
  },
  {
   "geometry": {
    "coordinates": [
     120.55259,
     23.970097
    ],
    "type": "Point"
   },
   "properties": {
    "bearing": null,
    "city": "彰化縣",
    "description": "員林市員埔路與三潭巷路口",
    "id": "c0ba532b0dfc",
    "last_seen": "2026-08-11",
    "section_id": null,
    "section_role": null,
    "source": "gov.tw:7320",
    "speed_limit": 60,
    "type": "fixed"
   },
   "type": "Feature"
  },
  {
   "geometry": {
    "coordinates": [
     121.771545,
     24.355694
    ],
    "type": "Point"
   },
   "properties": {
    "bearing": null,
    "city": "宜蘭縣",
    "description": "台9線138k+677m谷風隧道南下",
    "id": "c0c9bc6eca3d",
    "last_seen": "2026-08-11",
    "section_id": null,
    "section_role": null,
    "source": "gov.tw:7320",
    "speed_limit": 70,
    "type": "fixed"
   },
   "type": "Feature"
  },
  {
   "geometry": {
    "coordinates": [
     120.88591,
     24.461445
    ],
    "type": "Point"
   },
   "properties": {
    "bearing": null,
    "city": "苗栗縣",
    "description": "台3線124.9公里處",
    "id": "c0d7449465dd",
    "last_seen": "2026-08-11",
    "section_id": null,
    "section_role": null,
    "source": "gov.tw:7320",
    "speed_limit": 60,
    "type": "fixed"
   },
   "type": "Feature"
  },
  {
   "geometry": {
    "coordinates": [
     121.5879,
     23.987082
    ],
    "type": "Point"
   },
   "properties": {
    "bearing": null,
    "city": "花蓮縣",
    "description": "吉安鄉中央路與建國路口",
    "id": "c1084e5d527f",
    "last_seen": "2026-08-11",
    "section_id": null,
    "section_role": null,
    "source": "gov.tw:7320",
    "speed_limit": 50,
    "type": "fixed"
   },
   "type": "Feature"
  },
  {
   "geometry": {
    "coordinates": [
     120.57151,
     23.978357
    ],
    "type": "Point"
   },
   "properties": {
    "bearing": 0.0,
    "city": "彰化縣",
    "description": "大村鄉中山路1段與美港路口",
    "id": "c16bc1f5ffa2",
    "last_seen": "2026-08-11",
    "section_id": null,
    "section_role": null,
    "source": "gov.tw:7320",
    "speed_limit": 60,
    "type": "fixed"
   },
   "type": "Feature"
  },
  {
   "geometry": {
    "coordinates": [
     120.42705,
     23.549925
    ],
    "type": "Point"
   },
   "properties": {
    "bearing": null,
    "city": "嘉義縣",
    "description": "民雄鄉164線與嘉81路口",
    "id": "c16ea10ad53e",
    "last_seen": "2026-08-11",
    "section_id": null,
    "section_role": null,
    "source": "gov.tw:7320",
    "speed_limit": 60,
    "type": "fixed"
   },
   "type": "Feature"
  },
  {
   "geometry": {
    "coordinates": [
     121.717964,
     24.720016
    ],
    "type": "Point"
   },
   "properties": {
    "bearing": null,
    "city": "宜蘭縣",
    "description": "宜61線900ｍ深溝段南下",
    "id": "c195634244e3",
    "last_seen": "2026-08-11",
    "section_id": null,
    "section_role": null,
    "source": "gov.tw:7320",
    "speed_limit": 60,
    "type": "fixed"
   },
   "type": "Feature"
  },
  {
   "geometry": {
    "coordinates": [
     120.35345,
     23.33096
    ],
    "type": "Point"
   },
   "properties": {
    "bearing": null,
    "city": "臺南市",
    "description": "市道172線與南76線路口",
    "id": "c1bad1eb0254",
    "last_seen": "2026-08-11",
    "section_id": null,
    "section_role": null,
    "source": "gov.tw:7320",
    "speed_limit": 50,
    "type": "fixed"
   },
   "type": "Feature"
  },
  {
   "geometry": {
    "coordinates": [
     120.17244,
     23.503832
    ],
    "type": "Point"
   },
   "properties": {
    "bearing": 180.0,
    "city": "嘉義縣",
    "description": "台61線東石鄉257.31K處(往南)",
    "id": "c1ef834b6820",
    "last_seen": "2026-08-11",
    "section_id": null,
    "section_role": null,
    "source": "gov.tw:7320",
    "speed_limit": 90,
    "type": "fixed"
   },
   "type": "Feature"
  },
  {
   "geometry": {
    "coordinates": [
     120.21669,
     22.949238
    ],
    "type": "Point"
   },
   "properties": {
    "bearing": null,
    "city": "臺南市",
    "description": "機場路1050號前",
    "id": "c2429e8f2de7",
    "last_seen": "2026-08-11",
    "section_id": null,
    "section_role": null,
    "source": "gov.tw:7320",
    "speed_limit": 50,
    "type": "fixed"
   },
   "type": "Feature"
  },
  {
   "geometry": {
    "coordinates": [
     119.59951,
     23.64951
    ],
    "type": "Point"
   },
   "properties": {
    "bearing": 180.0,
    "city": "澎湖縣",
    "description": "縣道203線港子段14K",
    "id": "c253f843c1ed",
    "last_seen": "2026-08-11",
    "section_id": null,
    "section_role": null,
    "source": "gov.tw:7320",
    "speed_limit": 50,
    "type": "fixed"
   },
   "type": "Feature"
  },
  {
   "geometry": {
    "coordinates": [
     120.55449,
     22.74935
    ],
    "type": "Point"
   },
   "properties": {
    "bearing": null,
    "city": "屏東縣",
    "description": "台27線45K鹽埔彭厝路段",
    "id": "c2679bc0c8bc",
    "last_seen": "2026-08-11",
    "section_id": null,
    "section_role": null,
    "source": "gov.tw:7320",
    "speed_limit": 60,
    "type": "fixed"
   },
   "type": "Feature"
  },
  {
   "geometry": {
    "coordinates": [
     120.252304,
     22.779778
    ],
    "type": "Point"
   },
   "properties": {
    "bearing": 180.0,
    "city": "高雄市",
    "description": "彌陀區中正東路91號前",
    "id": "c2bd240d42e3",
    "last_seen": "2026-08-11",
    "section_id": null,
    "section_role": null,
    "source": "gov.tw:7320",
    "speed_limit": 70,
    "type": "fixed"
   },
   "type": "Feature"
  },
  {
   "geometry": {
    "coordinates": [
     121.55331,
     24.953354
    ],
    "type": "Point"
   },
   "properties": {
    "bearing": 90.0,
    "city": "新北市",
    "description": "北宜路2段82巷口（往坪林）",
    "id": "c2bf8773779d",
    "last_seen": "2026-08-11",
    "section_id": null,
    "section_role": null,
    "source": "gov.tw:7320",
    "speed_limit": 50,
    "type": "fixed"
   },
   "type": "Feature"
  },
  {
   "geometry": {
    "coordinates": [
     120.45504,
     22.652126
    ],
    "type": "Point"
   },
   "properties": {
    "bearing": null,
    "city": "屏東縣",
    "description": "高屏大橋屏東端",
    "id": "c2c0d649603c",
    "last_seen": "2026-08-11",
    "section_id": null,
    "section_role": null,
    "source": "gov.tw:7320",
    "speed_limit": 70,
    "type": "fixed"
   },
   "type": "Feature"
  },
  {
   "geometry": {
    "coordinates": [
     121.266235,
     25.045538
    ],
    "type": "Point"
   },
   "properties": {
    "bearing": null,
    "city": "桃園市",
    "description": "富國路一段130號前",
    "id": "c30fb7d5b531",
    "last_seen": "2026-08-11",
    "section_id": null,
    "section_role": null,
    "source": "gov.tw:7320",
    "speed_limit": 40,
    "type": "fixed"
   },
   "type": "Feature"
  },
  {
   "geometry": {
    "coordinates": [
     121.47077,
     25.018978
    ],
    "type": "Point"
   },
   "properties": {
    "bearing": null,
    "city": "新北市",
    "description": "台64線快速公路東向21.4K主線至23.2K",
    "id": "c310693e7062",
    "last_seen": "2026-08-11",
    "section_id": null,
    "section_role": null,
    "source": "gov.tw:7320",
    "speed_limit": 70,
    "type": "fixed"
   },
   "type": "Feature"
  },
  {
   "geometry": {
    "coordinates": [
     120.27446,
     22.847017
    ],
    "type": "Point"
   },
   "properties": {
    "bearing": 0.0,
    "city": "高雄市",
    "description": "路竹區復興路327巷口",
    "id": "c3165152469b",
    "last_seen": "2026-08-11",
    "section_id": null,
    "section_role": null,
    "source": "gov.tw:7320",
    "speed_limit": 50,
    "type": "fixed"
   },
   "type": "Feature"
  },
  {
   "geometry": {
    "coordinates": [
     120.94409,
     24.838078
    ],
    "type": "Point"
   },
   "properties": {
    "bearing": null,
    "city": "新竹市",
    "description": "公道五路五段、東大路三段430巷口",
    "id": "c376c6ca0632",
    "last_seen": "2026-08-11",
    "section_id": null,
    "section_role": null,
    "source": "gov.tw:7320",
    "speed_limit": 50,
    "type": "fixed"
   },
   "type": "Feature"
  },
  {
   "geometry": {
    "coordinates": [
     121.16879,
     25.079788
    ],
    "type": "Point"
   },
   "properties": {
    "bearing": null,
    "city": "桃園市",
    "description": "台61線29.3K(高架)",
    "id": "c399e832544b",
    "last_seen": "2026-08-11",
    "section_id": null,
    "section_role": null,
    "source": "gov.tw:7320",
    "speed_limit": 90,
    "type": "fixed"
   },
   "type": "Feature"
  },
  {
   "geometry": {
    "coordinates": [
     120.251076,
     23.211996
    ],
    "type": "Point"
   },
   "properties": {
    "bearing": null,
    "city": "臺南市",
    "description": "臺84線快速公路16.3公里處",
    "id": "c3ab126e1b7f",
    "last_seen": "2026-08-11",
    "section_id": null,
    "section_role": null,
    "source": "gov.tw:7320",
    "speed_limit": 100,
    "type": "fixed"
   },
   "type": "Feature"
  },
  {
   "geometry": {
    "coordinates": [
     121.083916,
     24.0022
    ],
    "type": "Point"
   },
   "properties": {
    "bearing": null,
    "city": "南投縣",
    "description": "臺14線70.7公里處",
    "id": "c3ac94cf929a",
    "last_seen": "2026-08-11",
    "section_id": null,
    "section_role": null,
    "source": "gov.tw:7320",
    "speed_limit": 50,
    "type": "fixed"
   },
   "type": "Feature"
  },
  {
   "geometry": {
    "coordinates": [
     120.85494,
     24.576845
    ],
    "type": "Point"
   },
   "properties": {
    "bearing": 180.0,
    "city": "苗栗縣",
    "description": "台13線24.2公里處",
    "id": "c47a73882f02",
    "last_seen": "2026-08-11",
    "section_id": null,
    "section_role": null,
    "source": "gov.tw:7320",
    "speed_limit": 50,
    "type": "fixed"
   },
   "type": "Feature"
  },
  {
   "geometry": {
    "coordinates": [
     121.46002,
     25.05175
    ],
    "type": "Point"
   },
   "properties": {
    "bearing": 0.0,
    "city": "新北市",
    "description": "思源路370巷口（往五股）",
    "id": "c48c7eceb8a6",
    "last_seen": "2026-08-11",
    "section_id": null,
    "section_role": null,
    "source": "gov.tw:7320",
    "speed_limit": 40,
    "type": "fixed"
   },
   "type": "Feature"
  },
  {
   "geometry": {
    "coordinates": [
     121.238655,
     24.826025
    ],
    "type": "Point"
   },
   "properties": {
    "bearing": null,
    "city": "桃園市",
    "description": "龍源路大平段290號",
    "id": "c51407243c58",
    "last_seen": "2026-08-11",
    "section_id": null,
    "section_role": null,
    "source": "gov.tw:7320",
    "speed_limit": 60,
    "type": "fixed"
   },
   "type": "Feature"
  },
  {
   "geometry": {
    "coordinates": [
     120.200676,
     22.882696
    ],
    "type": "Point"
   },
   "properties": {
    "bearing": 90.0,
    "city": "高雄市",
    "description": "茄萣區正順北路近正順東路口",
    "id": "c51631bd2d54",
    "last_seen": "2026-08-11",
    "section_id": null,
    "section_role": null,
    "source": "gov.tw:7320",
    "speed_limit": 40,
    "type": "fixed"
   },
   "type": "Feature"
  },
  {
   "geometry": {
    "coordinates": [
     119.60889,
     23.61199
    ],
    "type": "Point"
   },
   "properties": {
    "bearing": 180.0,
    "city": "澎湖縣",
    "description": "縣道203線中屯段9.5K",
    "id": "c5301e23665f",
    "last_seen": "2026-08-11",
    "section_id": null,
    "section_role": null,
    "source": "gov.tw:7320",
    "speed_limit": 50,
    "type": "fixed"
   },
   "type": "Feature"
  },
  {
   "geometry": {
    "coordinates": [
     121.726135,
     25.103262
    ],
    "type": "Point"
   },
   "properties": {
    "bearing": 0.0,
    "city": "基隆市",
    "description": "八堵路185巷口(北上)",
    "id": "c5339bb5821a",
    "last_seen": "2026-08-11",
    "section_id": null,
    "section_role": null,
    "source": "gov.tw:7320",
    "speed_limit": 50,
    "type": "fixed"
   },
   "type": "Feature"
  },
  {
   "geometry": {
    "coordinates": [
     121.35365,
     24.813555
    ],
    "type": "Point"
   },
   "properties": {
    "bearing": null,
    "city": "桃園市",
    "description": "台七線17.9K處",
    "id": "c537c2b0ab09",
    "last_seen": "2026-08-11",
    "section_id": null,
    "section_role": null,
    "source": "gov.tw:7320",
    "speed_limit": 40,
    "type": "fixed"
   },
   "type": "Feature"
  },
  {
   "geometry": {
    "coordinates": [
     120.54868,
     22.582087
    ],
    "type": "Point"
   },
   "properties": {
    "bearing": null,
    "city": "屏東縣",
    "description": "台1線410.97K水源路段",
    "id": "c545e11cf426",
    "last_seen": "2026-08-11",
    "section_id": null,
    "section_role": null,
    "source": "gov.tw:7320",
    "speed_limit": 70,
    "type": "fixed"
   },
   "type": "Feature"
  },
  {
   "geometry": {
    "coordinates": [
     121.51186,
     25.104881
    ],
    "type": "Point"
   },
   "properties": {
    "bearing": 180.0,
    "city": "臺北市",
    "description": "承德路6段",
    "id": "c54b65266ca7",
    "last_seen": "2026-08-11",
    "section_id": null,
    "section_role": null,
    "source": "gov.tw:7320",
    "speed_limit": 60,
    "type": "fixed"
   },
   "type": "Feature"
  },
  {
   "geometry": {
    "coordinates": [
     121.68534,
     25.114391
    ],
    "type": "Point"
   },
   "properties": {
    "bearing": 180.0,
    "city": "基隆市",
    "description": "新台五路、福三街口(北向南)",
    "id": "c557a16584f9",
    "last_seen": "2026-08-11",
    "section_id": null,
    "section_role": null,
    "source": "gov.tw:7320",
    "speed_limit": 50,
    "type": "fixed"
   },
   "type": "Feature"
  },
  {
   "geometry": {
    "coordinates": [
     120.312096,
     22.797258
    ],
    "type": "Point"
   },
   "properties": {
    "bearing": 180.0,
    "city": "高雄市",
    "description": "岡山區聖森路與聖森路160巷口",
    "id": "c5596eae7986",
    "last_seen": "2026-08-11",
    "section_id": null,
    "section_role": null,
    "source": "gov.tw:7320",
    "speed_limit": 50,
    "type": "fixed"
   },
   "type": "Feature"
  },
  {
   "geometry": {
    "coordinates": [
     120.200134,
     22.997572
    ],
    "type": "Point"
   },
   "properties": {
    "bearing": 180.0,
    "city": "臺南市",
    "description": "西門路與民族路口",
    "id": "c56720456c08",
    "last_seen": "2026-08-11",
    "section_id": null,
    "section_role": null,
    "source": "gov.tw:7320",
    "speed_limit": 50,
    "type": "fixed"
   },
   "type": "Feature"
  },
  {
   "geometry": {
    "coordinates": [
     121.00037,
     24.74614
    ],
    "type": "Point"
   },
   "properties": {
    "bearing": 0.0,
    "city": "新竹縣",
    "description": "三峰路二段8號",
    "id": "c59ad01ef94f",
    "last_seen": "2026-08-11",
    "section_id": null,
    "section_role": null,
    "source": "gov.tw:7320",
    "speed_limit": 40,
    "type": "fixed"
   },
   "type": "Feature"
  },
  {
   "geometry": {
    "coordinates": [
     121.54253,
     25.104
    ],
    "type": "Point"
   },
   "properties": {
    "bearing": null,
    "city": "臺北市",
    "description": "仰德大道2段29巷",
    "id": "c5b9428efc59",
    "last_seen": "2026-08-11",
    "section_id": null,
    "section_role": null,
    "source": "gov.tw:7320",
    "speed_limit": 40,
    "type": "fixed"
   },
   "type": "Feature"
  },
  {
   "geometry": {
    "coordinates": [
     120.586006,
     24.186035
    ],
    "type": "Point"
   },
   "properties": {
    "bearing": 90.0,
    "city": "臺中市",
    "description": "臺灣大道五段與遊園南路口",
    "id": "c5d9f2ed2e4e",
    "last_seen": "2026-08-11",
    "section_id": null,
    "section_role": null,
    "source": "gov.tw:7320",
    "speed_limit": 60,
    "type": "fixed"
   },
   "type": "Feature"
  },
  {
   "geometry": {
    "coordinates": [
     120.58682,
     24.303308
    ],
    "type": "Point"
   },
   "properties": {
    "bearing": 270.0,
    "city": "臺中市",
    "description": "清水區臨港路七段(台17線近1K處)",
    "id": "c6200857ed54",
    "last_seen": "2026-08-11",
    "section_id": null,
    "section_role": null,
    "source": "gov.tw:7320",
    "speed_limit": 70,
    "type": "fixed"
   },
   "type": "Feature"
  },
  {
   "geometry": {
    "coordinates": [
     121.33779,
     24.929586
    ],
    "type": "Point"
   },
   "properties": {
    "bearing": 90.0,
    "city": "新北市",
    "description": "環河路205389號燈桿旁（雙向）",
    "id": "c6d012a1d250",
    "last_seen": "2026-08-11",
    "section_id": null,
    "section_role": null,
    "source": "gov.tw:7320",
    "speed_limit": 40,
    "type": "fixed"
   },
   "type": "Feature"
  },
  {
   "geometry": {
    "coordinates": [
     121.41754,
     25.025896
    ],
    "type": "Point"
   },
   "properties": {
    "bearing": 0.0,
    "city": "新北市",
    "description": "中正路879號（雙向）",
    "id": "c6f7b32899c1",
    "last_seen": "2026-08-11",
    "section_id": null,
    "section_role": null,
    "source": "gov.tw:7320",
    "speed_limit": 50,
    "type": "fixed"
   },
   "type": "Feature"
  },
  {
   "geometry": {
    "coordinates": [
     120.81822,
     24.46855
    ],
    "type": "Point"
   },
   "properties": {
    "bearing": null,
    "city": "苗栗縣",
    "description": "台72線24公里處",
    "id": "c70dbe769fa8",
    "last_seen": "2026-08-11",
    "section_id": null,
    "section_role": null,
    "source": "gov.tw:7320",
    "speed_limit": 80,
    "type": "fixed"
   },
   "type": "Feature"
  },
  {
   "geometry": {
    "coordinates": [
     121.25576,
     25.11272
    ],
    "type": "Point"
   },
   "properties": {
    "bearing": null,
    "city": "桃園市",
    "description": "濱海路一段101號前",
    "id": "c7234863f536",
    "last_seen": "2026-08-11",
    "section_id": null,
    "section_role": null,
    "source": "gov.tw:7320",
    "speed_limit": 70,
    "type": "fixed"
   },
   "type": "Feature"
  },
  {
   "geometry": {
    "coordinates": [
     120.96891,
     24.8989
    ],
    "type": "Point"
   },
   "properties": {
    "bearing": null,
    "city": "新竹縣",
    "description": "台61線60.1公里處",
    "id": "c724f7ad1ccf",
    "last_seen": "2026-08-11",
    "section_id": null,
    "section_role": null,
    "source": "gov.tw:7320",
    "speed_limit": 90,
    "type": "fixed"
   },
   "type": "Feature"
  },
  {
   "geometry": {
    "coordinates": [
     120.21225,
     23.462511
    ],
    "type": "Point"
   },
   "properties": {
    "bearing": null,
    "city": "嘉義縣",
    "description": "東石鄉168線157線與嘉7線路口",
    "id": "c72ff2b524c3",
    "last_seen": "2026-08-11",
    "section_id": null,
    "section_role": null,
    "source": "gov.tw:7320",
    "speed_limit": 50,
    "type": "fixed"
   },
   "type": "Feature"
  },
  {
   "geometry": {
    "coordinates": [
     121.79351,
     24.761602
    ],
    "type": "Point"
   },
   "properties": {
    "bearing": null,
    "city": "宜蘭縣",
    "description": "宜9線3k+100m中央路三段南下",
    "id": "c731fa4ff95f",
    "last_seen": "2026-08-11",
    "section_id": null,
    "section_role": null,
    "source": "gov.tw:7320",
    "speed_limit": 60,
    "type": "fixed"
   },
   "type": "Feature"
  },
  {
   "geometry": {
    "coordinates": [
     121.72361,
     24.245474
    ],
    "type": "Point"
   },
   "properties": {
    "bearing": null,
    "city": "花蓮縣",
    "description": "臺9丁線59.5K-64K",
    "id": "c779f4b31099",
    "last_seen": "2026-08-11",
    "section_id": null,
    "section_role": null,
    "source": "gov.tw:7320",
    "speed_limit": 40,
    "type": "fixed"
   },
   "type": "Feature"
  },
  {
   "geometry": {
    "coordinates": [
     121.16648,
     24.908808
    ],
    "type": "Point"
   },
   "properties": {
    "bearing": 90.0,
    "city": "桃園市",
    "description": "中山北路二段與裕成路口",
    "id": "c7856e60b875",
    "last_seen": "2026-08-11",
    "section_id": null,
    "section_role": null,
    "source": "gov.tw:7320",
    "speed_limit": 50,
    "type": "fixed"
   },
   "type": "Feature"
  },
  {
   "geometry": {
    "coordinates": [
     121.01534,
     24.96468
    ],
    "type": "Point"
   },
   "properties": {
    "bearing": null,
    "city": "桃園市",
    "description": "文化路二段與深圳路口",
    "id": "c7cf264a1205",
    "last_seen": "2026-08-11",
    "section_id": null,
    "section_role": null,
    "source": "gov.tw:7320",
    "speed_limit": 70,
    "type": "fixed"
   },
   "type": "Feature"
  },
  {
   "geometry": {
    "coordinates": [
     121.36074,
     24.860182
    ],
    "type": "Point"
   },
   "properties": {
    "bearing": 225.0,
    "city": "新北市",
    "description": "大埔路台7乙線7.37公里處（往桃園）",
    "id": "c7faea825fb5",
    "last_seen": "2026-08-11",
    "section_id": null,
    "section_role": null,
    "source": "gov.tw:7320",
    "speed_limit": 40,
    "type": "fixed"
   },
   "type": "Feature"
  },
  {
   "geometry": {
    "coordinates": [
     120.4309,
     23.477198
    ],
    "type": "Point"
   },
   "properties": {
    "bearing": null,
    "city": "嘉義市",
    "description": "高鐵大道與福義街口",
    "id": "c80366488a0e",
    "last_seen": "2026-08-11",
    "section_id": null,
    "section_role": null,
    "source": "gov.tw:7320",
    "speed_limit": 50,
    "type": "fixed"
   },
   "type": "Feature"
  },
  {
   "geometry": {
    "coordinates": [
     120.300354,
     23.319435
    ],
    "type": "Point"
   },
   "properties": {
    "bearing": 90.0,
    "city": "臺南市",
    "description": "長榮路與三興街口172線20.05公里",
    "id": "c804c6941feb",
    "last_seen": "2026-08-11",
    "section_id": null,
    "section_role": null,
    "source": "gov.tw:7320",
    "speed_limit": 50,
    "type": "fixed"
   },
   "type": "Feature"
  },
  {
   "geometry": {
    "coordinates": [
     120.19698,
     23.019335
    ],
    "type": "Point"
   },
   "properties": {
    "bearing": null,
    "city": "臺南市",
    "description": "中華北路2段80巷口",
    "id": "c8855cd4aff6",
    "last_seen": "2026-08-11",
    "section_id": null,
    "section_role": null,
    "source": "gov.tw:7320",
    "speed_limit": 60,
    "type": "fixed"
   },
   "type": "Feature"
  },
  {
   "geometry": {
    "coordinates": [
     121.381966,
     23.561146
    ],
    "type": "Point"
   },
   "properties": {
    "bearing": null,
    "city": "花蓮縣",
    "description": "臺9線248.1K",
    "id": "c887530d3a5c",
    "last_seen": "2026-08-11",
    "section_id": null,
    "section_role": null,
    "source": "gov.tw:7320",
    "speed_limit": 70,
    "type": "fixed"
   },
   "type": "Feature"
  },
  {
   "geometry": {
    "coordinates": [
     121.68396,
     25.191902
    ],
    "type": "Point"
   },
   "properties": {
    "bearing": 225.0,
    "city": "新北市",
    "description": "台2線48.3公里萬里隧道出口處（往基隆）",
    "id": "c89973ff83ef",
    "last_seen": "2026-08-11",
    "section_id": null,
    "section_role": null,
    "source": "gov.tw:7320",
    "speed_limit": 50,
    "type": "fixed"
   },
   "type": "Feature"
  },
  {
   "geometry": {
    "coordinates": [
     121.369484,
     23.26736
    ],
    "type": "Point"
   },
   "properties": {
    "bearing": null,
    "city": "花蓮縣",
    "description": "台30線27.2K",
    "id": "c89e4f02a338",
    "last_seen": "2026-08-11",
    "section_id": null,
    "section_role": null,
    "source": "gov.tw:7320",
    "speed_limit": 50,
    "type": "fixed"
   },
   "type": "Feature"
  },
  {
   "geometry": {
    "coordinates": [
     121.259544,
     24.911953
    ],
    "type": "Point"
   },
   "properties": {
    "bearing": null,
    "city": "桃園市",
    "description": "仁和路二段517巷口",
    "id": "c8c42c07dfb1",
    "last_seen": "2026-08-11",
    "section_id": null,
    "section_role": null,
    "source": "gov.tw:7320",
    "speed_limit": 50,
    "type": "fixed"
   },
   "type": "Feature"
  },
  {
   "geometry": {
    "coordinates": [
     120.3271,
     22.812801
    ],
    "type": "Point"
   },
   "properties": {
    "bearing": 180.0,
    "city": "高雄市",
    "description": "岡山區大莊路60巷90號對面",
    "id": "c90f615beb2b",
    "last_seen": "2026-08-11",
    "section_id": null,
    "section_role": null,
    "source": "gov.tw:7320",
    "speed_limit": 50,
    "type": "fixed"
   },
   "type": "Feature"
  },
  {
   "geometry": {
    "coordinates": [
     120.48161,
     22.574972
    ],
    "type": "Point"
   },
   "properties": {
    "bearing": null,
    "city": "屏東縣",
    "description": "台27線68K",
    "id": "c91c3e0e44b1",
    "last_seen": "2026-08-11",
    "section_id": null,
    "section_role": null,
    "source": "gov.tw:7320",
    "speed_limit": 50,
    "type": "fixed"
   },
   "type": "Feature"
  },
  {
   "geometry": {
    "coordinates": [
     120.43338,
     22.592665
    ],
    "type": "Point"
   },
   "properties": {
    "bearing": 270.0,
    "city": "高雄市",
    "description": "台88線快速道路東向西10公里處大發交流道前",
    "id": "c9257843736c",
    "last_seen": "2026-08-11",
    "section_id": null,
    "section_role": null,
    "source": "gov.tw:7320",
    "speed_limit": 90,
    "type": "fixed"
   },
   "type": "Feature"
  },
  {
   "geometry": {
    "coordinates": [
     120.62407,
     22.827557
    ],
    "type": "Point"
   },
   "properties": {
    "bearing": null,
    "city": "屏東縣",
    "description": "大山一路37號前",
    "id": "c93620ced23a",
    "last_seen": "2026-08-11",
    "section_id": null,
    "section_role": null,
    "source": "gov.tw:7320",
    "speed_limit": 50,
    "type": "fixed"
   },
   "type": "Feature"
  },
  {
   "geometry": {
    "coordinates": [
     120.33221,
     22.561941
    ],
    "type": "Point"
   },
   "properties": {
    "bearing": 0.0,
    "city": "高雄市",
    "description": "東亞南路、平和7路路口",
    "id": "c93e67d25a55",
    "last_seen": "2026-08-11",
    "section_id": null,
    "section_role": null,
    "source": "gov.tw:7320",
    "speed_limit": 60,
    "type": "fixed"
   },
   "type": "Feature"
  },
  {
   "geometry": {
    "coordinates": [
     121.02363,
     24.88507
    ],
    "type": "Point"
   },
   "properties": {
    "bearing": null,
    "city": "新竹縣",
    "description": "八德路一段35號前(台1線61公里)",
    "id": "c946218ef0f9",
    "last_seen": "2026-08-11",
    "section_id": null,
    "section_role": null,
    "source": "gov.tw:7320",
    "speed_limit": 60,
    "type": "fixed"
   },
   "type": "Feature"
  },
  {
   "geometry": {
    "coordinates": [
     120.24107,
     23.184969
    ],
    "type": "Point"
   },
   "properties": {
    "bearing": null,
    "city": "臺南市",
    "description": "新生南路與中山路口",
    "id": "c95d6caeb505",
    "last_seen": "2026-08-11",
    "section_id": null,
    "section_role": null,
    "source": "gov.tw:7320",
    "speed_limit": 50,
    "type": "fixed"
   },
   "type": "Feature"
  },
  {
   "geometry": {
    "coordinates": [
     121.740974,
     25.138008
    ],
    "type": "Point"
   },
   "properties": {
    "bearing": 0.0,
    "city": "基隆市",
    "description": "中山二路36巷口",
    "id": "c97f8e1b165a",
    "last_seen": "2026-08-11",
    "section_id": null,
    "section_role": null,
    "source": "gov.tw:7320",
    "speed_limit": 50,
    "type": "fixed"
   },
   "type": "Feature"
  },
  {
   "geometry": {
    "coordinates": [
     120.55818,
     24.0214
    ],
    "type": "Point"
   },
   "properties": {
    "bearing": null,
    "city": "彰化縣",
    "description": "花壇鄉台74甲線與彰員路口",
    "id": "c9b80b6977d0",
    "last_seen": "2026-08-11",
    "section_id": null,
    "section_role": null,
    "source": "gov.tw:7320",
    "speed_limit": 70,
    "type": "fixed"
   },
   "type": "Feature"
  },
  {
   "geometry": {
    "coordinates": [
     121.53528,
     24.999609
    ],
    "type": "Point"
   },
   "properties": {
    "bearing": 180.0,
    "city": "臺北市",
    "description": "水源快道路往南(景福匝道口)",
    "id": "c9c35025e1b3",
    "last_seen": "2026-08-11",
    "section_id": null,
    "section_role": null,
    "source": "gov.tw:7320",
    "speed_limit": 60,
    "type": "fixed"
   },
   "type": "Feature"
  },
  {
   "geometry": {
    "coordinates": [
     119.636734,
     23.582226
    ],
    "type": "Point"
   },
   "properties": {
    "bearing": 180.0,
    "city": "澎湖縣",
    "description": "縣道202線西溪段5K",
    "id": "ca0b11450e34",
    "last_seen": "2026-08-11",
    "section_id": null,
    "section_role": null,
    "source": "gov.tw:7320",
    "speed_limit": 50,
    "type": "fixed"
   },
   "type": "Feature"
  },
  {
   "geometry": {
    "coordinates": [
     120.43907,
     23.444014
    ],
    "type": "Point"
   },
   "properties": {
    "bearing": null,
    "city": "嘉義市",
    "description": "湖子內路與環湖一街口",
    "id": "ca2994dbef46",
    "last_seen": "2026-08-11",
    "section_id": null,
    "section_role": null,
    "source": "gov.tw:7320",
    "speed_limit": 50,
    "type": "fixed"
   },
   "type": "Feature"
  },
  {
   "geometry": {
    "coordinates": [
     120.46827,
     23.63372
    ],
    "type": "Point"
   },
   "properties": {
    "bearing": 0.0,
    "city": "雲林縣",
    "description": "台1線公路247k+500m處(豐田段)",
    "id": "ca3279c12e5e",
    "last_seen": "2026-08-11",
    "section_id": null,
    "section_role": null,
    "source": "gov.tw:7320",
    "speed_limit": 70,
    "type": "fixed"
   },
   "type": "Feature"
  },
  {
   "geometry": {
    "coordinates": [
     121.735,
     25.11111
    ],
    "type": "Point"
   },
   "properties": {
    "bearing": 0.0,
    "city": "基隆市",
    "description": "八堵路國安路口",
    "id": "ca4b4c9f1b06",
    "last_seen": "2026-08-11",
    "section_id": null,
    "section_role": null,
    "source": "gov.tw:7320",
    "speed_limit": 50,
    "type": "fixed"
   },
   "type": "Feature"
  },
  {
   "geometry": {
    "coordinates": [
     120.42328,
     22.887613
    ],
    "type": "Point"
   },
   "properties": {
    "bearing": 90.0,
    "city": "高雄市",
    "description": "鹿埔路19號前",
    "id": "cab6601d9ccf",
    "last_seen": "2026-08-11",
    "section_id": null,
    "section_role": null,
    "source": "gov.tw:7320",
    "speed_limit": 50,
    "type": "fixed"
   },
   "type": "Feature"
  },
  {
   "geometry": {
    "coordinates": [
     120.55165,
     22.470507
    ],
    "type": "Point"
   },
   "properties": {
    "bearing": null,
    "city": "屏東縣",
    "description": "189線新埤國小前",
    "id": "caf0034eedb1",
    "last_seen": "2026-08-11",
    "section_id": null,
    "section_role": null,
    "source": "gov.tw:7320",
    "speed_limit": 50,
    "type": "fixed"
   },
   "type": "Feature"
  },
  {
   "geometry": {
    "coordinates": [
     120.38359,
     23.40855
    ],
    "type": "Point"
   },
   "properties": {
    "bearing": null,
    "city": "嘉義縣",
    "description": "水上鄉台1線277.51K(南靖段)",
    "id": "cb1066fd5457",
    "last_seen": "2026-08-11",
    "section_id": null,
    "section_role": null,
    "source": "gov.tw:7320",
    "speed_limit": 70,
    "type": "fixed"
   },
   "type": "Feature"
  },
  {
   "geometry": {
    "coordinates": [
     121.76619,
     24.710798
    ],
    "type": "Point"
   },
   "properties": {
    "bearing": null,
    "city": "宜蘭縣",
    "description": "宜22線1k+500ｍ二結段東向",
    "id": "cb3ba1bacd21",
    "last_seen": "2026-08-11",
    "section_id": null,
    "section_role": null,
    "source": "gov.tw:7320",
    "speed_limit": 60,
    "type": "fixed"
   },
   "type": "Feature"
  },
  {
   "geometry": {
    "coordinates": [
     121.81242,
     25.021004
    ],
    "type": "Point"
   },
   "properties": {
    "bearing": 90.0,
    "city": "新北市",
    "description": "台2丙線14.95公里與雙柑公路口（往貢寮）",
    "id": "cb3c30f672ce",
    "last_seen": "2026-08-11",
    "section_id": null,
    "section_role": null,
    "source": "gov.tw:7320",
    "speed_limit": 60,
    "type": "fixed"
   },
   "type": "Feature"
  },
  {
   "geometry": {
    "coordinates": [
     120.55248,
     24.294132
    ],
    "type": "Point"
   },
   "properties": {
    "bearing": 90.0,
    "city": "臺中市",
    "description": "清水區臨港路與港埠路口",
    "id": "cb609f110169",
    "last_seen": "2026-08-11",
    "section_id": null,
    "section_role": null,
    "source": "gov.tw:7320",
    "speed_limit": 70,
    "type": "fixed"
   },
   "type": "Feature"
  },
  {
   "geometry": {
    "coordinates": [
     121.17615,
     24.77501
    ],
    "type": "Point"
   },
   "properties": {
    "bearing": null,
    "city": "新竹縣",
    "description": "中豐公路與十六張路口",
    "id": "cbb72d3a7ef3",
    "last_seen": "2026-08-11",
    "section_id": null,
    "section_role": null,
    "source": "gov.tw:7320",
    "speed_limit": 50,
    "type": "fixed"
   },
   "type": "Feature"
  },
  {
   "geometry": {
    "coordinates": [
     121.499146,
     25.056368
    ],
    "type": "Point"
   },
   "properties": {
    "bearing": 45.0,
    "city": "新北市",
    "description": "環河南路與正義南路口（北向）",
    "id": "cbce4bef0c72",
    "last_seen": "2026-08-11",
    "section_id": null,
    "section_role": null,
    "source": "gov.tw:7320",
    "speed_limit": 50,
    "type": "fixed"
   },
   "type": "Feature"
  },
  {
   "geometry": {
    "coordinates": [
     120.273506,
     23.117811
    ],
    "type": "Point"
   },
   "properties": {
    "bearing": null,
    "city": "臺南市",
    "description": "南科北路與南科九路口",
    "id": "cbf6f39467f1",
    "last_seen": "2026-08-11",
    "section_id": null,
    "section_role": null,
    "source": "gov.tw:7320",
    "speed_limit": 60,
    "type": "fixed"
   },
   "type": "Feature"
  },
  {
   "geometry": {
    "coordinates": [
     121.4195,
     23.678417
    ],
    "type": "Point"
   },
   "properties": {
    "bearing": null,
    "city": "花蓮縣",
    "description": "臺9線233.92K",
    "id": "cbf9842ab069",
    "last_seen": "2026-08-11",
    "section_id": null,
    "section_role": null,
    "source": "gov.tw:7320",
    "speed_limit": 60,
    "type": "fixed"
   },
   "type": "Feature"
  },
  {
   "geometry": {
    "coordinates": [
     121.169106,
     25.01923
    ],
    "type": "Point"
   },
   "properties": {
    "bearing": null,
    "city": "桃園市",
    "description": "月桃路三段256號前",
    "id": "cc06b59f1475",
    "last_seen": "2026-08-11",
    "section_id": null,
    "section_role": null,
    "source": "gov.tw:7320",
    "speed_limit": 50,
    "type": "fixed"
   },
   "type": "Feature"
  },
  {
   "geometry": {
    "coordinates": [
     121.73923,
     25.141153
    ],
    "type": "Point"
   },
   "properties": {
    "bearing": 0.0,
    "city": "基隆市",
    "description": "中山二路、健民街口(北向)",
    "id": "cc143f7ef243",
    "last_seen": "2026-08-11",
    "section_id": null,
    "section_role": null,
    "source": "gov.tw:7320",
    "speed_limit": 50,
    "type": "fixed"
   },
   "type": "Feature"
  },
  {
   "geometry": {
    "coordinates": [
     120.499855,
     24.178015
    ],
    "type": "Point"
   },
   "properties": {
    "bearing": null,
    "city": "彰化縣",
    "description": "伸港鄉中興路3段與興工路口",
    "id": "cc43975f4370",
    "last_seen": "2026-08-11",
    "section_id": null,
    "section_role": null,
    "source": "gov.tw:7320",
    "speed_limit": 60,
    "type": "fixed"
   },
   "type": "Feature"
  },
  {
   "geometry": {
    "coordinates": [
     120.68229,
     24.119066
    ],
    "type": "Point"
   },
   "properties": {
    "bearing": null,
    "city": "臺中市",
    "description": "南區忠明南路1265號前",
    "id": "cc4bc59b71b1",
    "last_seen": "2026-08-11",
    "section_id": null,
    "section_role": null,
    "source": "gov.tw:7320",
    "speed_limit": 50,
    "type": "fixed"
   },
   "type": "Feature"
  },
  {
   "geometry": {
    "coordinates": [
     121.32443,
     24.992449
    ],
    "type": "Point"
   },
   "properties": {
    "bearing": null,
    "city": "桃園市",
    "description": "萬壽路二段與忠孝街口前",
    "id": "cc4fd2597861",
    "last_seen": "2026-08-11",
    "section_id": null,
    "section_role": null,
    "source": "gov.tw:7320",
    "speed_limit": 50,
    "type": "fixed"
   },
   "type": "Feature"
  },
  {
   "geometry": {
    "coordinates": [
     120.455376,
     22.607008
    ],
    "type": "Point"
   },
   "properties": {
    "bearing": 0.0,
    "city": "屏東縣",
    "description": "河堤北路與北社路口",
    "id": "cc6d8a61d7ad",
    "last_seen": "2026-08-11",
    "section_id": null,
    "section_role": null,
    "source": "gov.tw:7320",
    "speed_limit": 60,
    "type": "fixed"
   },
   "type": "Feature"
  },
  {
   "geometry": {
    "coordinates": [
     121.54072,
     24.992584
    ],
    "type": "Point"
   },
   "properties": {
    "bearing": 180.0,
    "city": "臺北市",
    "description": "羅斯福路6段226號前",
    "id": "cca09001d97a",
    "last_seen": "2026-08-11",
    "section_id": null,
    "section_role": null,
    "source": "gov.tw:7320",
    "speed_limit": 50,
    "type": "fixed"
   },
   "type": "Feature"
  },
  {
   "geometry": {
    "coordinates": [
     120.519936,
     23.87649
    ],
    "type": "Point"
   },
   "properties": {
    "bearing": null,
    "city": "彰化縣",
    "description": "北斗鎮中山路2段與文苑路1段路口",
    "id": "ccb8911e77c0",
    "last_seen": "2026-08-11",
    "section_id": null,
    "section_role": null,
    "source": "gov.tw:7320",
    "speed_limit": 50,
    "type": "fixed"
   },
   "type": "Feature"
  },
  {
   "geometry": {
    "coordinates": [
     120.55256,
     23.680202
    ],
    "type": "Point"
   },
   "properties": {
    "bearing": null,
    "city": "雲林縣",
    "description": "154乙縣道13k+200m處(環科大前)",
    "id": "cd07a16c5c62",
    "last_seen": "2026-08-11",
    "section_id": null,
    "section_role": null,
    "source": "gov.tw:7320",
    "speed_limit": 60,
    "type": "fixed"
   },
   "type": "Feature"
  },
  {
   "geometry": {
    "coordinates": [
     120.14962,
     23.078297
    ],
    "type": "Point"
   },
   "properties": {
    "bearing": null,
    "city": "臺南市",
    "description": "公學路六段418號前",
    "id": "cd0a7631b618",
    "last_seen": "2026-08-11",
    "section_id": null,
    "section_role": null,
    "source": "gov.tw:7320",
    "speed_limit": 50,
    "type": "fixed"
   },
   "type": "Feature"
  },
  {
   "geometry": {
    "coordinates": [
     121.67277,
     25.008032
    ],
    "type": "Point"
   },
   "properties": {
    "bearing": 0.0,
    "city": "新北市",
    "description": "106線靜安路1段236號前（往平溪）",
    "id": "cd96f6c0726d",
    "last_seen": "2026-08-11",
    "section_id": null,
    "section_role": null,
    "source": "gov.tw:7320",
    "speed_limit": 40,
    "type": "fixed"
   },
   "type": "Feature"
  },
  {
   "geometry": {
    "coordinates": [
     121.62762,
     25.002403
    ],
    "type": "Point"
   },
   "properties": {
    "bearing": 45.0,
    "city": "新北市",
    "description": "文山路1段與旺躭路45巷口（往石碇方向）",
    "id": "cd98b3475fc6",
    "last_seen": "2026-08-11",
    "section_id": null,
    "section_role": null,
    "source": "gov.tw:7320",
    "speed_limit": 60,
    "type": "fixed"
   },
   "type": "Feature"
  },
  {
   "geometry": {
    "coordinates": [
     120.359566,
     23.889494
    ],
    "type": "Point"
   },
   "properties": {
    "bearing": null,
    "city": "彰化縣",
    "description": "二林鎮二城路6號前",
    "id": "cdab0e177d4c",
    "last_seen": "2026-08-11",
    "section_id": null,
    "section_role": null,
    "source": "gov.tw:7320",
    "speed_limit": 50,
    "type": "fixed"
   },
   "type": "Feature"
  },
  {
   "geometry": {
    "coordinates": [
     121.56397,
     25.047626
    ],
    "type": "Point"
   },
   "properties": {
    "bearing": 90.0,
    "city": "臺北市",
    "description": "市民大道5段50號前近東寧路口",
    "id": "cdb196774713",
    "last_seen": "2026-08-11",
    "section_id": null,
    "section_role": null,
    "source": "gov.tw:7320",
    "speed_limit": 50,
    "type": "fixed"
   },
   "type": "Feature"
  },
  {
   "geometry": {
    "coordinates": [
     120.538185,
     24.092823
    ],
    "type": "Point"
   },
   "properties": {
    "bearing": 180.0,
    "city": "彰化縣",
    "description": "彰化市金馬路2段與彰新路1段口",
    "id": "cdc529160485",
    "last_seen": "2026-08-11",
    "section_id": null,
    "section_role": null,
    "source": "gov.tw:7320",
    "speed_limit": 70,
    "type": "fixed"
   },
   "type": "Feature"
  },
  {
   "geometry": {
    "coordinates": [
     121.53301,
     25.042383
    ],
    "type": "Point"
   },
   "properties": {
    "bearing": 180.0,
    "city": "國道一號",
    "description": "國道一號南向279公里",
    "id": "cdd5beee8e84",
    "last_seen": "2026-08-11",
    "section_id": null,
    "section_role": null,
    "source": "gov.tw:7320",
    "speed_limit": 110,
    "type": "fixed"
   },
   "type": "Feature"
  },
  {
   "geometry": {
    "coordinates": [
     121.22926,
     24.849716
    ],
    "type": "Point"
   },
   "properties": {
    "bearing": null,
    "city": "桃園市",
    "description": "中正路三林段330號",
    "id": "cdf15943c8ab",
    "last_seen": "2026-08-11",
    "section_id": null,
    "section_role": null,
    "source": "gov.tw:7320",
    "speed_limit": 50,
    "type": "fixed"
   },
   "type": "Feature"
  },
  {
   "geometry": {
    "coordinates": [
     121.50531,
     23.861803
    ],
    "type": "Point"
   },
   "properties": {
    "bearing": null,
    "city": "花蓮縣",
    "description": "臺9線209.7K",
    "id": "cdf6ec7f4b62",
    "last_seen": "2026-08-11",
    "section_id": null,
    "section_role": null,
    "source": "gov.tw:7320",
    "speed_limit": 70,
    "type": "fixed"
   },
   "type": "Feature"
  },
  {
   "geometry": {
    "coordinates": [
     120.95324,
     24.86839
    ],
    "type": "Point"
   },
   "properties": {
    "bearing": 180.0,
    "city": "新竹縣",
    "description": "西濱路一段與西濱路二段265巷口(台61線)",
    "id": "ce0af0f5ceca",
    "last_seen": "2026-08-11",
    "section_id": null,
    "section_role": null,
    "source": "gov.tw:7320",
    "speed_limit": 70,
    "type": "fixed"
   },
   "type": "Feature"
  },
  {
   "geometry": {
    "coordinates": [
     120.86529,
     24.409588
    ],
    "type": "Point"
   },
   "properties": {
    "bearing": 0.0,
    "city": "苗栗縣",
    "description": "台3線131.6公里處",
    "id": "ce0c5a8e129f",
    "last_seen": "2026-08-11",
    "section_id": null,
    "section_role": null,
    "source": "gov.tw:7320",
    "speed_limit": 60,
    "type": "fixed"
   },
   "type": "Feature"
  },
  {
   "geometry": {
    "coordinates": [
     121.03269,
     24.72859
    ],
    "type": "Point"
   },
   "properties": {
    "bearing": 0.0,
    "city": "新竹縣",
    "description": "寶山路一段228號",
    "id": "ce31947f0f39",
    "last_seen": "2026-08-11",
    "section_id": null,
    "section_role": null,
    "source": "gov.tw:7320",
    "speed_limit": 40,
    "type": "fixed"
   },
   "type": "Feature"
  },
  {
   "geometry": {
    "coordinates": [
     120.24047,
     22.818577
    ],
    "type": "Point"
   },
   "properties": {
    "bearing": null,
    "city": "高雄市",
    "description": "台17線(保安路)201.2K處",
    "id": "cea06d00fbd1",
    "last_seen": "2026-08-11",
    "section_id": null,
    "section_role": null,
    "source": "gov.tw:7320",
    "speed_limit": 60,
    "type": "fixed"
   },
   "type": "Feature"
  },
  {
   "geometry": {
    "coordinates": [
     121.204506,
     24.870478
    ],
    "type": "Point"
   },
   "properties": {
    "bearing": null,
    "city": "桃園市",
    "description": "聖亭路236號春源鋼鐵旁",
    "id": "ced0eb9450e4",
    "last_seen": "2026-08-11",
    "section_id": null,
    "section_role": null,
    "source": "gov.tw:7320",
    "speed_limit": 50,
    "type": "fixed"
   },
   "type": "Feature"
  },
  {
   "geometry": {
    "coordinates": [
     120.28728,
     23.011648
    ],
    "type": "Point"
   },
   "properties": {
    "bearing": 180.0,
    "city": "臺南市",
    "description": "臺39線2.6公里處",
    "id": "cef08b9c8d6b",
    "last_seen": "2026-08-11",
    "section_id": null,
    "section_role": null,
    "source": "gov.tw:7320",
    "speed_limit": 70,
    "type": "fixed"
   },
   "type": "Feature"
  },
  {
   "geometry": {
    "coordinates": [
     120.92019,
     24.784409
    ],
    "type": "Point"
   },
   "properties": {
    "bearing": 180.0,
    "city": "新竹市",
    "description": "中華路五段208巷口",
    "id": "cf45c0422e36",
    "last_seen": "2026-08-11",
    "section_id": null,
    "section_role": null,
    "source": "gov.tw:7320",
    "speed_limit": 60,
    "type": "fixed"
   },
   "type": "Feature"
  },
  {
   "geometry": {
    "coordinates": [
     121.28599,
     25.033958
    ],
    "type": "Point"
   },
   "properties": {
    "bearing": null,
    "city": "桃園市",
    "description": "蘆興南路408號旁",
    "id": "cf6b298d7f45",
    "last_seen": "2026-08-11",
    "section_id": null,
    "section_role": null,
    "source": "gov.tw:7320",
    "speed_limit": 50,
    "type": "fixed"
   },
   "type": "Feature"
  },
  {
   "geometry": {
    "coordinates": [
     119.58779,
     23.564676
    ],
    "type": "Point"
   },
   "properties": {
    "bearing": 315.0,
    "city": "澎湖縣",
    "description": "縣道204線與新店路岔路口(兼闖紅燈)",
    "id": "cfc3f14ba55e",
    "last_seen": "2026-08-11",
    "section_id": null,
    "section_role": null,
    "source": "gov.tw:7320",
    "speed_limit": 50,
    "type": "fixed"
   },
   "type": "Feature"
  },
  {
   "geometry": {
    "coordinates": [
     120.37311,
     22.730991
    ],
    "type": "Point"
   },
   "properties": {
    "bearing": 90.0,
    "city": "高雄市",
    "description": "大社區翠屏路112巷1-11號旁",
    "id": "d053e454987d",
    "last_seen": "2026-08-11",
    "section_id": null,
    "section_role": null,
    "source": "gov.tw:7320",
    "speed_limit": 40,
    "type": "fixed"
   },
   "type": "Feature"
  },
  {
   "geometry": {
    "coordinates": [
     121.69864,
     24.227335
    ],
    "type": "Point"
   },
   "properties": {
    "bearing": null,
    "city": "花蓮縣",
    "description": "蘇花改仁水隧道",
    "id": "d0852a43dc4b",
    "last_seen": "2026-08-11",
    "section_id": null,
    "section_role": null,
    "source": "gov.tw:7320",
    "speed_limit": 60,
    "type": "fixed"
   },
   "type": "Feature"
  },
  {
   "geometry": {
    "coordinates": [
     120.69999,
     24.075089
    ],
    "type": "Point"
   },
   "properties": {
    "bearing": 0.0,
    "city": "臺中市",
    "description": "中正路1236號",
    "id": "d092ecb04d6e",
    "last_seen": "2026-08-11",
    "section_id": null,
    "section_role": null,
    "source": "gov.tw:7320",
    "speed_limit": 50,
    "type": "fixed"
   },
   "type": "Feature"
  },
  {
   "geometry": {
    "coordinates": [
     121.57854,
     25.053398
    ],
    "type": "Point"
   },
   "properties": {
    "bearing": 90.0,
    "city": "臺北市",
    "description": "潭美街新明路460巷口",
    "id": "d0b57c4d27c8",
    "last_seen": "2026-08-11",
    "section_id": null,
    "section_role": null,
    "source": "gov.tw:7320",
    "speed_limit": 50,
    "type": "fixed"
   },
   "type": "Feature"
  },
  {
   "geometry": {
    "coordinates": [
     120.58764,
     24.291664
    ],
    "type": "Point"
   },
   "properties": {
    "bearing": 180.0,
    "city": "臺中市",
    "description": "清水區中山路553號前",
    "id": "d0c651f1c80d",
    "last_seen": "2026-08-11",
    "section_id": null,
    "section_role": null,
    "source": "gov.tw:7320",
    "speed_limit": 70,
    "type": "fixed"
   },
   "type": "Feature"
  },
  {
   "geometry": {
    "coordinates": [
     121.74865,
     25.083538
    ],
    "type": "Point"
   },
   "properties": {
    "bearing": 0.0,
    "city": "基隆市",
    "description": "東勢街、暖濃橋口",
    "id": "d0c82a4829be",
    "last_seen": "2026-08-11",
    "section_id": null,
    "section_role": null,
    "source": "gov.tw:7320",
    "speed_limit": 40,
    "type": "fixed"
   },
   "type": "Feature"
  },
  {
   "geometry": {
    "coordinates": [
     120.2939,
     23.282194
    ],
    "type": "Point"
   },
   "properties": {
    "bearing": null,
    "city": "臺南市",
    "description": "長榮路四段近2.8公里處",
    "id": "d1113e4facf1",
    "last_seen": "2026-08-11",
    "section_id": null,
    "section_role": null,
    "source": "gov.tw:7320",
    "speed_limit": 60,
    "type": "fixed"
   },
   "type": "Feature"
  },
  {
   "geometry": {
    "coordinates": [
     121.68707,
     24.971546
    ],
    "type": "Point"
   },
   "properties": {
    "bearing": 0.0,
    "city": "新北市",
    "description": "106乙線碇坪路2段與華梵路口（往石碇）",
    "id": "d114fb94087c",
    "last_seen": "2026-08-11",
    "section_id": null,
    "section_role": null,
    "source": "gov.tw:7320",
    "speed_limit": 40,
    "type": "fixed"
   },
   "type": "Feature"
  },
  {
   "geometry": {
    "coordinates": [
     120.38012,
     23.067501
    ],
    "type": "Point"
   },
   "properties": {
    "bearing": null,
    "city": "臺南市",
    "description": "臺20線22.3公里",
    "id": "d117458d8a27",
    "last_seen": "2026-08-11",
    "section_id": null,
    "section_role": null,
    "source": "gov.tw:7320",
    "speed_limit": 60,
    "type": "fixed"
   },
   "type": "Feature"
  },
  {
   "geometry": {
    "coordinates": [
     121.71468,
     25.13953
    ],
    "type": "Point"
   },
   "properties": {
    "bearing": 270.0,
    "city": "基隆市",
    "description": "基金一路、5B匝道口",
    "id": "d15145883ba7",
    "last_seen": "2026-08-11",
    "section_id": null,
    "section_role": null,
    "source": "gov.tw:7320",
    "speed_limit": 50,
    "type": "fixed"
   },
   "type": "Feature"
  },
  {
   "geometry": {
    "coordinates": [
     121.77507,
     25.10357
    ],
    "type": "Point"
   },
   "properties": {
    "bearing": 0.0,
    "city": "新北市",
    "description": "楓仔瀨路瑞楓陸橋前台2丁線5.95k（往基隆方向）",
    "id": "d1e6f7fd0488",
    "last_seen": "2026-08-11",
    "section_id": null,
    "section_role": null,
    "source": "gov.tw:7320",
    "speed_limit": 50,
    "type": "fixed"
   },
   "type": "Feature"
  },
  {
   "geometry": {
    "coordinates": [
     120.94274,
     24.844084
    ],
    "type": "Point"
   },
   "properties": {
    "bearing": 180.0,
    "city": "新竹市",
    "description": "舊港1-1號前(舊港大橋)",
    "id": "d1e8d4bd2157",
    "last_seen": "2026-08-11",
    "section_id": null,
    "section_role": null,
    "source": "gov.tw:7320",
    "speed_limit": 50,
    "type": "fixed"
   },
   "type": "Feature"
  },
  {
   "geometry": {
    "coordinates": [
     121.69114,
     25.161203
    ],
    "type": "Point"
   },
   "properties": {
    "bearing": 90.0,
    "city": "基隆市",
    "description": "基金三路下坡路段(路燈編號68419處)",
    "id": "d23ba073b3e0",
    "last_seen": "2026-08-11",
    "section_id": null,
    "section_role": null,
    "source": "gov.tw:7320",
    "speed_limit": 50,
    "type": "fixed"
   },
   "type": "Feature"
  },
  {
   "geometry": {
    "coordinates": [
     120.45667,
     22.480755
    ],
    "type": "Point"
   },
   "properties": {
    "bearing": null,
    "city": "屏東縣",
    "description": "台17線東港大橋端",
    "id": "d267c53e00e4",
    "last_seen": "2026-08-11",
    "section_id": null,
    "section_role": null,
    "source": "gov.tw:7320",
    "speed_limit": 50,
    "type": "fixed"
   },
   "type": "Feature"
  },
  {
   "geometry": {
    "coordinates": [
     120.69453,
     24.004614
    ],
    "type": "Point"
   },
   "properties": {
    "bearing": null,
    "city": "南投縣",
    "description": "中正路與大覺路口",
    "id": "d276921cdc50",
    "last_seen": "2026-08-11",
    "section_id": null,
    "section_role": null,
    "source": "gov.tw:7320",
    "speed_limit": 60,
    "type": "fixed"
   },
   "type": "Feature"
  },
  {
   "geometry": {
    "coordinates": [
     121.70965,
     25.14201
    ],
    "type": "Point"
   },
   "properties": {
    "bearing": 90.0,
    "city": "基隆市",
    "description": "基金一路135巷口",
    "id": "d2cbc09f0384",
    "last_seen": "2026-08-11",
    "section_id": null,
    "section_role": null,
    "source": "gov.tw:7320",
    "speed_limit": 50,
    "type": "fixed"
   },
   "type": "Feature"
  },
  {
   "geometry": {
    "coordinates": [
     121.18615,
     25.04613
    ],
    "type": "Point"
   },
   "properties": {
    "bearing": null,
    "city": "桃園市",
    "description": "和平西路一段447號前",
    "id": "d2d99a71341b",
    "last_seen": "2026-08-11",
    "section_id": null,
    "section_role": null,
    "source": "gov.tw:7320",
    "speed_limit": 50,
    "type": "fixed"
   },
   "type": "Feature"
  },
  {
   "geometry": {
    "coordinates": [
     121.478935,
     25.035913
    ],
    "type": "Point"
   },
   "properties": {
    "bearing": 270.0,
    "city": "新北市",
    "description": "華江橋下坡處（往板橋）",
    "id": "d2e0e3ccb50c",
    "last_seen": "2026-08-11",
    "section_id": null,
    "section_role": null,
    "source": "gov.tw:7320",
    "speed_limit": 50,
    "type": "fixed"
   },
   "type": "Feature"
  },
  {
   "geometry": {
    "coordinates": [
     121.648926,
     24.152937
    ],
    "type": "Point"
   },
   "properties": {
    "bearing": null,
    "city": "花蓮縣",
    "description": "臺9線167.5K",
    "id": "d316b3fe533e",
    "last_seen": "2026-08-11",
    "section_id": null,
    "section_role": null,
    "source": "gov.tw:7320",
    "speed_limit": 50,
    "type": "fixed"
   },
   "type": "Feature"
  },
  {
   "geometry": {
    "coordinates": [
     120.33201,
     23.061539
    ],
    "type": "Point"
   },
   "properties": {
    "bearing": 180.0,
    "city": "臺南市",
    "description": "臺20線15.9公里國8道路口",
    "id": "d31cfd4c8a2c",
    "last_seen": "2026-08-11",
    "section_id": null,
    "section_role": null,
    "source": "gov.tw:7320",
    "speed_limit": 60,
    "type": "fixed"
   },
   "type": "Feature"
  },
  {
   "geometry": {
    "coordinates": [
     120.12972,
     23.294575
    ],
    "type": "Point"
   },
   "properties": {
    "bearing": 180.0,
    "city": "臺南市",
    "description": "臺61線281.9公里",
    "id": "d33521461cf7",
    "last_seen": "2026-08-11",
    "section_id": null,
    "section_role": null,
    "source": "gov.tw:7320",
    "speed_limit": 90,
    "type": "fixed"
   },
   "type": "Feature"
  },
  {
   "geometry": {
    "coordinates": [
     121.32719,
     24.993011
    ],
    "type": "Point"
   },
   "properties": {
    "bearing": null,
    "city": "桃園市",
    "description": "萬壽路二段1262號前",
    "id": "d371b6f8d812",
    "last_seen": "2026-08-11",
    "section_id": null,
    "section_role": null,
    "source": "gov.tw:7320",
    "speed_limit": 50,
    "type": "fixed"
   },
   "type": "Feature"
  },
  {
   "geometry": {
    "coordinates": [
     121.79835,
     25.132046
    ],
    "type": "Point"
   },
   "properties": {
    "bearing": null,
    "city": "基隆市",
    "description": "調和街154之3號旁",
    "id": "d38c0f809f0e",
    "last_seen": "2026-08-11",
    "section_id": null,
    "section_role": null,
    "source": "gov.tw:7320",
    "speed_limit": 50,
    "type": "fixed"
   },
   "type": "Feature"
  },
  {
   "geometry": {
    "coordinates": [
     120.193634,
     23.07735
    ],
    "type": "Point"
   },
   "properties": {
    "bearing": 0.0,
    "city": "臺南市",
    "description": "安吉路3段近安順庄大道",
    "id": "d3bfcb98da47",
    "last_seen": "2026-08-11",
    "section_id": null,
    "section_role": null,
    "source": "gov.tw:7320",
    "speed_limit": 60,
    "type": "fixed"
   },
   "type": "Feature"
  },
  {
   "geometry": {
    "coordinates": [
     120.44719,
     22.742186
    ],
    "type": "Point"
   },
   "properties": {
    "bearing": null,
    "city": "高雄市",
    "description": "大樹區(台29線)興田路82-2號前路口",
    "id": "d3cb02513b05",
    "last_seen": "2026-08-11",
    "section_id": null,
    "section_role": null,
    "source": "gov.tw:7320",
    "speed_limit": 70,
    "type": "fixed"
   },
   "type": "Feature"
  },
  {
   "geometry": {
    "coordinates": [
     121.48208,
     25.009008
    ],
    "type": "Point"
   },
   "properties": {
    "bearing": 315.0,
    "city": "新北市",
    "description": "台64線快速公路23公里（往西）",
    "id": "d3d0754534f6",
    "last_seen": "2026-08-11",
    "section_id": null,
    "section_role": null,
    "source": "gov.tw:7320",
    "speed_limit": 70,
    "type": "fixed"
   },
   "type": "Feature"
  },
  {
   "geometry": {
    "coordinates": [
     120.52414,
     24.09933
    ],
    "type": "Point"
   },
   "properties": {
    "bearing": 270.0,
    "city": "彰化縣",
    "description": "和美鎮彰美路3段與中興路口",
    "id": "d3f6638d39a8",
    "last_seen": "2026-08-11",
    "section_id": null,
    "section_role": null,
    "source": "gov.tw:7320",
    "speed_limit": 60,
    "type": "fixed"
   },
   "type": "Feature"
  },
  {
   "geometry": {
    "coordinates": [
     121.006836,
     24.784254
    ],
    "type": "Point"
   },
   "properties": {
    "bearing": 90.0,
    "city": "新竹市",
    "description": "新竹科學園區園區一路近竹村一路口",
    "id": "d3f84e140e98",
    "last_seen": "2026-08-11",
    "section_id": null,
    "section_role": null,
    "source": "gov.tw:7320",
    "speed_limit": 50,
    "type": "fixed"
   },
   "type": "Feature"
  },
  {
   "geometry": {
    "coordinates": [
     120.49306,
     23.683113
    ],
    "type": "Point"
   },
   "properties": {
    "bearing": 0.0,
    "city": "雲林縣",
    "description": "斗南鎮新生二路東明橋北端",
    "id": "d43bcc2058dd",
    "last_seen": "2026-08-11",
    "section_id": null,
    "section_role": null,
    "source": "gov.tw:7320",
    "speed_limit": 50,
    "type": "fixed"
   },
   "type": "Feature"
  },
  {
   "geometry": {
    "coordinates": [
     120.81877,
     24.529028
    ],
    "type": "Point"
   },
   "properties": {
    "bearing": 180.0,
    "city": "苗栗縣",
    "description": "台6線與苗26線口",
    "id": "d47812aedff4",
    "last_seen": "2026-08-11",
    "section_id": null,
    "section_role": null,
    "source": "gov.tw:7320",
    "speed_limit": 60,
    "type": "fixed"
   },
   "type": "Feature"
  },
  {
   "geometry": {
    "coordinates": [
     120.99193,
     24.782099
    ],
    "type": "Point"
   },
   "properties": {
    "bearing": 180.0,
    "city": "新竹市",
    "description": "新竹科學園區園區三路近研新四路",
    "id": "d50c15db957b",
    "last_seen": "2026-08-11",
    "section_id": null,
    "section_role": null,
    "source": "gov.tw:7320",
    "speed_limit": 50,
    "type": "fixed"
   },
   "type": "Feature"
  },
  {
   "geometry": {
    "coordinates": [
     121.770744,
     24.767035
    ],
    "type": "Point"
   },
   "properties": {
    "bearing": null,
    "city": "宜蘭縣",
    "description": "台9線79k+550m環市東路與192甲線路口北上",
    "id": "d5646854d590",
    "last_seen": "2026-08-11",
    "section_id": null,
    "section_role": null,
    "source": "gov.tw:7320",
    "speed_limit": 70,
    "type": "fixed"
   },
   "type": "Feature"
  },
  {
   "geometry": {
    "coordinates": [
     121.58009,
     23.940998
    ],
    "type": "Point"
   },
   "properties": {
    "bearing": 90.0,
    "city": "花蓮縣",
    "description": "花蓮縣吉安鄉知卡宣大道與永華二街口",
    "id": "d5aca65afedb",
    "last_seen": "2026-08-11",
    "section_id": null,
    "section_role": null,
    "source": "gov.tw:7320",
    "speed_limit": 60,
    "type": "fixed"
   },
   "type": "Feature"
  },
  {
   "geometry": {
    "coordinates": [
     120.571175,
     24.339993
    ],
    "type": "Point"
   },
   "properties": {
    "bearing": 180.0,
    "city": "臺中市",
    "description": "西濱公路(台61線)143.5K(近南埔路)",
    "id": "d63a4013173b",
    "last_seen": "2026-08-11",
    "section_id": null,
    "section_role": null,
    "source": "gov.tw:7320",
    "speed_limit": 40,
    "type": "fixed"
   },
   "type": "Feature"
  },
  {
   "geometry": {
    "coordinates": [
     120.19549,
     22.945978
    ],
    "type": "Point"
   },
   "properties": {
    "bearing": null,
    "city": "臺南市",
    "description": "永成路2段369號往南70公尺處",
    "id": "d6b6e63be3c7",
    "last_seen": "2026-08-11",
    "section_id": null,
    "section_role": null,
    "source": "gov.tw:7320",
    "speed_limit": 60,
    "type": "fixed"
   },
   "type": "Feature"
  },
  {
   "geometry": {
    "coordinates": [
     121.65141,
     25.061493
    ],
    "type": "Point"
   },
   "properties": {
    "bearing": 90.0,
    "city": "新北市",
    "description": "台5線14.4公里處（往基隆）",
    "id": "d6f3d0ee0147",
    "last_seen": "2026-08-11",
    "section_id": null,
    "section_role": null,
    "source": "gov.tw:7320",
    "speed_limit": 50,
    "type": "fixed"
   },
   "type": "Feature"
  },
  {
   "geometry": {
    "coordinates": [
     121.184975,
     24.89299
    ],
    "type": "Point"
   },
   "properties": {
    "bearing": 0.0,
    "city": "桃園市",
    "description": "桃園市平鎮區梅獅路二段",
    "id": "d737d645f0c5",
    "last_seen": "2026-08-11",
    "section_id": null,
    "section_role": null,
    "source": "gov.tw:7320",
    "speed_limit": 40,
    "type": "fixed"
   },
   "type": "Feature"
  },
  {
   "geometry": {
    "coordinates": [
     121.17272,
     24.76347
    ],
    "type": "Point"
   },
   "properties": {
    "bearing": 0.0,
    "city": "新竹縣",
    "description": "台3線62.1公里",
    "id": "d7593147f47e",
    "last_seen": "2026-08-11",
    "section_id": null,
    "section_role": null,
    "source": "gov.tw:7320",
    "speed_limit": 50,
    "type": "fixed"
   },
   "type": "Feature"
  },
  {
   "geometry": {
    "coordinates": [
     120.59161,
     23.357521
    ],
    "type": "Point"
   },
   "properties": {
    "bearing": null,
    "city": "嘉義縣",
    "description": "番路鄉台3線313.5K",
    "id": "d759901f50b5",
    "last_seen": "2026-08-11",
    "section_id": null,
    "section_role": null,
    "source": "gov.tw:7320",
    "speed_limit": 40,
    "type": "fixed"
   },
   "type": "Feature"
  },
  {
   "geometry": {
    "coordinates": [
     121.586334,
     25.059874
    ],
    "type": "Point"
   },
   "properties": {
    "bearing": 270.0,
    "city": "臺北市",
    "description": "環東大道南京東路6段368巷口上方",
    "id": "d7900f9848f8",
    "last_seen": "2026-08-11",
    "section_id": null,
    "section_role": null,
    "source": "gov.tw:7320",
    "speed_limit": 80,
    "type": "fixed"
   },
   "type": "Feature"
  },
  {
   "geometry": {
    "coordinates": [
     119.603806,
     23.57814
    ],
    "type": "Point"
   },
   "properties": {
    "bearing": 180.0,
    "city": "澎湖縣",
    "description": "縣道203線安宅段5.3K",
    "id": "d7913544814a",
    "last_seen": "2026-08-11",
    "section_id": null,
    "section_role": null,
    "source": "gov.tw:7320",
    "speed_limit": 50,
    "type": "fixed"
   },
   "type": "Feature"
  },
  {
   "geometry": {
    "coordinates": [
     120.5571,
     24.09833
    ],
    "type": "Point"
   },
   "properties": {
    "bearing": null,
    "city": "彰化縣",
    "description": "彰化市金馬路一段、泰和路二段415巷口",
    "id": "d7b34362c44b",
    "last_seen": "2026-08-11",
    "section_id": null,
    "section_role": null,
    "source": "gov.tw:7320",
    "speed_limit": 70,
    "type": "fixed"
   },
   "type": "Feature"
  },
  {
   "geometry": {
    "coordinates": [
     120.63971,
     24.14771
    ],
    "type": "Point"
   },
   "properties": {
    "bearing": 180.0,
    "city": "臺中市",
    "description": "南屯區惠中路三段與向上路二段路口",
    "id": "d7f83fc806bb",
    "last_seen": "2026-08-11",
    "section_id": null,
    "section_role": null,
    "source": "gov.tw:7320",
    "speed_limit": 50,
    "type": "fixed"
   },
   "type": "Feature"
  },
  {
   "geometry": {
    "coordinates": [
     120.145996,
     22.996902
    ],
    "type": "Point"
   },
   "properties": {
    "bearing": null,
    "city": "臺南市",
    "description": "近安北路與洲安一街路口",
    "id": "d7ff07e14f45",
    "last_seen": "2026-08-11",
    "section_id": null,
    "section_role": null,
    "source": "gov.tw:7320",
    "speed_limit": 50,
    "type": "fixed"
   },
   "type": "Feature"
  },
  {
   "geometry": {
    "coordinates": [
     120.94552,
     24.67302
    ],
    "type": "Point"
   },
   "properties": {
    "bearing": null,
    "city": "苗栗縣",
    "description": "縣道124丙線8.4公里處",
    "id": "d825eb138ad0",
    "last_seen": "2026-08-11",
    "section_id": null,
    "section_role": null,
    "source": "gov.tw:7320",
    "speed_limit": 60,
    "type": "fixed"
   },
   "type": "Feature"
  },
  {
   "geometry": {
    "coordinates": [
     121.060905,
     25.035498
    ],
    "type": "Point"
   },
   "properties": {
    "bearing": null,
    "city": "桃園市",
    "description": "台61線41.5K至46.9K(高架)",
    "id": "d8455f328ca9",
    "last_seen": "2026-08-11",
    "section_id": null,
    "section_role": null,
    "source": "gov.tw:7320",
    "speed_limit": 90,
    "type": "fixed"
   },
   "type": "Feature"
  },
  {
   "geometry": {
    "coordinates": [
     121.48569,
     25.047054
    ],
    "type": "Point"
   },
   "properties": {
    "bearing": 270.0,
    "city": "新北市",
    "description": "新北環河快速道路新北大橋旁（往中和）",
    "id": "d861e5a2d5d6",
    "last_seen": "2026-08-11",
    "section_id": null,
    "section_role": null,
    "source": "gov.tw:7320",
    "speed_limit": 70,
    "type": "fixed"
   },
   "type": "Feature"
  },
  {
   "geometry": {
    "coordinates": [
     120.241684,
     23.29279
    ],
    "type": "Point"
   },
   "properties": {
    "bearing": 0.0,
    "city": "臺南市",
    "description": "歡雅里臺19線105.6公里",
    "id": "d8657b44ffb5",
    "last_seen": "2026-08-11",
    "section_id": null,
    "section_role": null,
    "source": "gov.tw:7320",
    "speed_limit": 50,
    "type": "fixed"
   },
   "type": "Feature"
  },
  {
   "geometry": {
    "coordinates": [
     121.38151,
     25.14027
    ],
    "type": "Point"
   },
   "properties": {
    "bearing": 45.0,
    "city": "新北市",
    "description": "中山路3段與下罟子漁港路口（往八里）",
    "id": "d8a72e5d145d",
    "last_seen": "2026-08-11",
    "section_id": null,
    "section_role": null,
    "source": "gov.tw:7320",
    "speed_limit": 50,
    "type": "fixed"
   },
   "type": "Feature"
  },
  {
   "geometry": {
    "coordinates": [
     120.616264,
     22.399603
    ],
    "type": "Point"
   },
   "properties": {
    "bearing": null,
    "city": "屏東縣",
    "description": "185線65.25K",
    "id": "d8cf24cc9852",
    "last_seen": "2026-08-11",
    "section_id": null,
    "section_role": null,
    "source": "gov.tw:7320",
    "speed_limit": 50,
    "type": "fixed"
   },
   "type": "Feature"
  },
  {
   "geometry": {
    "coordinates": [
     119.555,
     23.658247
    ],
    "type": "Point"
   },
   "properties": {
    "bearing": 45.0,
    "city": "澎湖縣",
    "description": "縣道203線通梁段20.77K",
    "id": "d8f3ea2ea0f2",
    "last_seen": "2026-08-11",
    "section_id": null,
    "section_role": null,
    "source": "gov.tw:7320",
    "speed_limit": 50,
    "type": "fixed"
   },
   "type": "Feature"
  },
  {
   "geometry": {
    "coordinates": [
     121.34703,
     24.95701
    ],
    "type": "Point"
   },
   "properties": {
    "bearing": 270.0,
    "city": "新北市",
    "description": "中山路196號（雙向）",
    "id": "d8f5c856855b",
    "last_seen": "2026-08-11",
    "section_id": null,
    "section_role": null,
    "source": "gov.tw:7320",
    "speed_limit": 50,
    "type": "fixed"
   },
   "type": "Feature"
  },
  {
   "geometry": {
    "coordinates": [
     120.54141,
     23.966743
    ],
    "type": "Point"
   },
   "properties": {
    "bearing": 270.0,
    "city": "彰化縣",
    "description": "埔心鄉柳橋東路與瑤鳳路2段416巷口",
    "id": "d90d50d3da2d",
    "last_seen": "2026-08-11",
    "section_id": null,
    "section_role": null,
    "source": "gov.tw:7320",
    "speed_limit": 50,
    "type": "fixed"
   },
   "type": "Feature"
  },
  {
   "geometry": {
    "coordinates": [
     121.2975,
     24.940912
    ],
    "type": "Point"
   },
   "properties": {
    "bearing": null,
    "city": "桃園市",
    "description": "介壽路二段陸軍218營站前",
    "id": "d9185cb8bfef",
    "last_seen": "2026-08-11",
    "section_id": null,
    "section_role": null,
    "source": "gov.tw:7320",
    "speed_limit": 50,
    "type": "fixed"
   },
   "type": "Feature"
  },
  {
   "geometry": {
    "coordinates": [
     120.58827,
     22.395622
    ],
    "type": "Point"
   },
   "properties": {
    "bearing": null,
    "city": "屏東縣",
    "description": "台17線272.5K",
    "id": "d94b40572038",
    "last_seen": "2026-08-11",
    "section_id": null,
    "section_role": null,
    "source": "gov.tw:7320",
    "speed_limit": 70,
    "type": "fixed"
   },
   "type": "Feature"
  },
  {
   "geometry": {
    "coordinates": [
     120.5725,
     22.504642
    ],
    "type": "Point"
   },
   "properties": {
    "bearing": null,
    "city": "屏東縣",
    "description": "屏112線4.13K",
    "id": "d94ce41c396e",
    "last_seen": "2026-08-11",
    "section_id": null,
    "section_role": null,
    "source": "gov.tw:7320",
    "speed_limit": 50,
    "type": "fixed"
   },
   "type": "Feature"
  },
  {
   "geometry": {
    "coordinates": [
     121.73433,
     25.104801
    ],
    "type": "Point"
   },
   "properties": {
    "bearing": 90.0,
    "city": "基隆市",
    "description": "源遠路、水源路口",
    "id": "d959ac4c0074",
    "last_seen": "2026-08-11",
    "section_id": null,
    "section_role": null,
    "source": "gov.tw:7320",
    "speed_limit": 50,
    "type": "fixed"
   },
   "type": "Feature"
  },
  {
   "geometry": {
    "coordinates": [
     120.439255,
     22.70776
    ],
    "type": "Point"
   },
   "properties": {
    "bearing": null,
    "city": "高雄市",
    "description": "大坑路台29線86.5K處",
    "id": "d989bbd9eef2",
    "last_seen": "2026-08-11",
    "section_id": null,
    "section_role": null,
    "source": "gov.tw:7320",
    "speed_limit": 70,
    "type": "fixed"
   },
   "type": "Feature"
  },
  {
   "geometry": {
    "coordinates": [
     120.66426,
     24.089636
    ],
    "type": "Point"
   },
   "properties": {
    "bearing": 180.0,
    "city": "臺中市",
    "description": "大里區中投公路4.5K(南下)",
    "id": "d9aa11debe8e",
    "last_seen": "2026-08-11",
    "section_id": null,
    "section_role": null,
    "source": "gov.tw:7320",
    "speed_limit": 70,
    "type": "fixed"
   },
   "type": "Feature"
  },
  {
   "geometry": {
    "coordinates": [
     120.96173,
     24.762646
    ],
    "type": "Point"
   },
   "properties": {
    "bearing": 0.0,
    "city": "新竹市",
    "description": "柴橋路255巷口",
    "id": "d9b369797a07",
    "last_seen": "2026-08-11",
    "section_id": null,
    "section_role": null,
    "source": "gov.tw:7320",
    "speed_limit": 40,
    "type": "fixed"
   },
   "type": "Feature"
  },
  {
   "geometry": {
    "coordinates": [
     120.360016,
     22.598097
    ],
    "type": "Point"
   },
   "properties": {
    "bearing": 180.0,
    "city": "高雄市",
    "description": "鳳頂路(台糖加油站對面)",
    "id": "d9c18d7f2a23",
    "last_seen": "2026-08-11",
    "section_id": null,
    "section_role": null,
    "source": "gov.tw:7320",
    "speed_limit": 60,
    "type": "fixed"
   },
   "type": "Feature"
  },
  {
   "geometry": {
    "coordinates": [
     120.22557,
     23.051445
    ],
    "type": "Point"
   },
   "properties": {
    "bearing": 90.0,
    "city": "臺南市",
    "description": "臺江大道一段與開安路口",
    "id": "da0bd6d80319",
    "last_seen": "2026-08-11",
    "section_id": null,
    "section_role": null,
    "source": "gov.tw:7320",
    "speed_limit": 50,
    "type": "fixed"
   },
   "type": "Feature"
  },
  {
   "geometry": {
    "coordinates": [
     120.554985,
     23.869879
    ],
    "type": "Point"
   },
   "properties": {
    "bearing": 270.0,
    "city": "彰化縣",
    "description": "北斗鎮斗中路與拓農路口",
    "id": "da2f7aac568e",
    "last_seen": "2026-08-11",
    "section_id": null,
    "section_role": null,
    "source": "gov.tw:7320",
    "speed_limit": 60,
    "type": "fixed"
   },
   "type": "Feature"
  },
  {
   "geometry": {
    "coordinates": [
     120.34302,
     22.669724
    ],
    "type": "Point"
   },
   "properties": {
    "bearing": null,
    "city": "高雄市",
    "description": "松藝路段",
    "id": "da3ddb2644de",
    "last_seen": "2026-08-11",
    "section_id": null,
    "section_role": null,
    "source": "gov.tw:7320",
    "speed_limit": 50,
    "type": "fixed"
   },
   "type": "Feature"
  },
  {
   "geometry": {
    "coordinates": [
     120.23678,
     23.79157
    ],
    "type": "Point"
   },
   "properties": {
    "bearing": 90.0,
    "city": "雲林縣",
    "description": "麥寮鄉工業路與4k+500m處路口",
    "id": "db0a885af78a",
    "last_seen": "2026-08-11",
    "section_id": null,
    "section_role": null,
    "source": "gov.tw:7320",
    "speed_limit": 70,
    "type": "fixed"
   },
   "type": "Feature"
  },
  {
   "geometry": {
    "coordinates": [
     121.56071,
     23.898764
    ],
    "type": "Point"
   },
   "properties": {
    "bearing": null,
    "city": "花蓮縣",
    "description": "台11丙線4.4K",
    "id": "db2dcba0412e",
    "last_seen": "2026-08-11",
    "section_id": null,
    "section_role": null,
    "source": "gov.tw:7320",
    "speed_limit": 70,
    "type": "fixed"
   },
   "type": "Feature"
  },
  {
   "geometry": {
    "coordinates": [
     121.426765,
     24.999968
    ],
    "type": "Point"
   },
   "properties": {
    "bearing": 315.0,
    "city": "新北市",
    "description": "樹林陸橋樹林端（板橋往樹林方向）",
    "id": "db4bc534027f",
    "last_seen": "2026-08-11",
    "section_id": null,
    "section_role": null,
    "source": "gov.tw:7320",
    "speed_limit": 40,
    "type": "fixed"
   },
   "type": "Feature"
  },
  {
   "geometry": {
    "coordinates": [
     120.63916,
     24.232218
    ],
    "type": "Point"
   },
   "properties": {
    "bearing": 180.0,
    "city": "臺中市",
    "description": "中清路四段397號前",
    "id": "db52f4c52719",
    "last_seen": "2026-08-11",
    "section_id": null,
    "section_role": null,
    "source": "gov.tw:7320",
    "speed_limit": 70,
    "type": "fixed"
   },
   "type": "Feature"
  },
  {
   "geometry": {
    "coordinates": [
     121.54082,
     24.984812
    ],
    "type": "Point"
   },
   "properties": {
    "bearing": 180.0,
    "city": "新北市",
    "description": "北新路3段與順安街口（往新店）",
    "id": "db769d442eb2",
    "last_seen": "2026-08-11",
    "section_id": null,
    "section_role": null,
    "source": "gov.tw:7320",
    "speed_limit": 50,
    "type": "fixed"
   },
   "type": "Feature"
  },
  {
   "geometry": {
    "coordinates": [
     120.90152,
     24.692188
    ],
    "type": "Point"
   },
   "properties": {
    "bearing": null,
    "city": "苗栗縣",
    "description": "中央路(頭份國中前)",
    "id": "db9e6fe776e6",
    "last_seen": "2026-08-11",
    "section_id": null,
    "section_role": null,
    "source": "gov.tw:7320",
    "speed_limit": 50,
    "type": "fixed"
   },
   "type": "Feature"
  },
  {
   "geometry": {
    "coordinates": [
     120.98983,
     24.800165
    ],
    "type": "Point"
   },
   "properties": {
    "bearing": 270.0,
    "city": "新竹市",
    "description": "光復路二段、忠孝路口",
    "id": "dba68e57069d",
    "last_seen": "2026-08-11",
    "section_id": null,
    "section_role": null,
    "source": "gov.tw:7320",
    "speed_limit": 50,
    "type": "fixed"
   },
   "type": "Feature"
  },
  {
   "geometry": {
    "coordinates": [
     120.32573,
     23.308907
    ],
    "type": "Point"
   },
   "properties": {
    "bearing": 0.0,
    "city": "臺南市",
    "description": "臺1線290.3公里與東山路口",
    "id": "dba84ea8f101",
    "last_seen": "2026-08-11",
    "section_id": null,
    "section_role": null,
    "source": "gov.tw:7320",
    "speed_limit": 50,
    "type": "fixed"
   },
   "type": "Feature"
  },
  {
   "geometry": {
    "coordinates": [
     121.49154,
     25.05026
    ],
    "type": "Point"
   },
   "properties": {
    "bearing": 225.0,
    "city": "新北市",
    "description": "新北環河快速道路3.2公里處（往中和）",
    "id": "dbaf690fb058",
    "last_seen": "2026-08-11",
    "section_id": null,
    "section_role": null,
    "source": "gov.tw:7320",
    "speed_limit": 70,
    "type": "fixed"
   },
   "type": "Feature"
  },
  {
   "geometry": {
    "coordinates": [
     120.59574,
     23.857761
    ],
    "type": "Point"
   },
   "properties": {
    "bearing": 180.0,
    "city": "彰化縣",
    "description": "田中鎮縣141線13.3公里南下",
    "id": "dbc2d40f9de9",
    "last_seen": "2026-08-11",
    "section_id": null,
    "section_role": null,
    "source": "gov.tw:7320",
    "speed_limit": 60,
    "type": "fixed"
   },
   "type": "Feature"
  },
  {
   "geometry": {
    "coordinates": [
     120.36395,
     22.758595
    ],
    "type": "Point"
   },
   "properties": {
    "bearing": 180.0,
    "city": "高雄市",
    "description": "鳳澄路7之32號前",
    "id": "dc0752bb119d",
    "last_seen": "2026-08-11",
    "section_id": null,
    "section_role": null,
    "source": "gov.tw:7320",
    "speed_limit": 60,
    "type": "fixed"
   },
   "type": "Feature"
  },
  {
   "geometry": {
    "coordinates": [
     120.622215,
     24.043566
    ],
    "type": "Point"
   },
   "properties": {
    "bearing": null,
    "city": "彰化縣",
    "description": "芬園鄉彰南路5段與環中路9段路口(省道)",
    "id": "dc1ed05d0844",
    "last_seen": "2026-08-11",
    "section_id": null,
    "section_role": null,
    "source": "gov.tw:7320",
    "speed_limit": 70,
    "type": "fixed"
   },
   "type": "Feature"
  },
  {
   "geometry": {
    "coordinates": [
     120.506744,
     22.816883
    ],
    "type": "Point"
   },
   "properties": {
    "bearing": null,
    "city": "屏東縣",
    "description": "台3線414.08K土庫段",
    "id": "dc66e00c2473",
    "last_seen": "2026-08-11",
    "section_id": null,
    "section_role": null,
    "source": "gov.tw:7320",
    "speed_limit": 50,
    "type": "fixed"
   },
   "type": "Feature"
  },
  {
   "geometry": {
    "coordinates": [
     121.244095,
     25.107386
    ],
    "type": "Point"
   },
   "properties": {
    "bearing": 0.0,
    "city": "桃園市",
    "description": "國際路二段與中央路路口",
    "id": "dc6d5bdd5967",
    "last_seen": "2026-08-11",
    "section_id": null,
    "section_role": null,
    "source": "gov.tw:7320",
    "speed_limit": 70,
    "type": "fixed"
   },
   "type": "Feature"
  },
  {
   "geometry": {
    "coordinates": [
     119.6143,
     23.55051
    ],
    "type": "Point"
   },
   "properties": {
    "bearing": 315.0,
    "city": "澎湖縣",
    "description": "縣道204線興仁段4K",
    "id": "dc9016f87437",
    "last_seen": "2026-08-11",
    "section_id": null,
    "section_role": null,
    "source": "gov.tw:7320",
    "speed_limit": 50,
    "type": "fixed"
   },
   "type": "Feature"
  },
  {
   "geometry": {
    "coordinates": [
     121.499054,
     25.041513
    ],
    "type": "Point"
   },
   "properties": {
    "bearing": 0.0,
    "city": "臺北市",
    "description": "貴陽疏散門外堤外便道",
    "id": "dc9cf12be4bd",
    "last_seen": "2026-08-11",
    "section_id": null,
    "section_role": null,
    "source": "gov.tw:7320",
    "speed_limit": 40,
    "type": "fixed"
   },
   "type": "Feature"
  },
  {
   "geometry": {
    "coordinates": [
     120.50848,
     22.943382
    ],
    "type": "Point"
   },
   "properties": {
    "bearing": 0.0,
    "city": "高雄市",
    "description": "旗山區台29線(旗甲路三段)58K+274",
    "id": "dd038bb026ef",
    "last_seen": "2026-08-11",
    "section_id": null,
    "section_role": null,
    "source": "gov.tw:7320",
    "speed_limit": 60,
    "type": "fixed"
   },
   "type": "Feature"
  },
  {
   "geometry": {
    "coordinates": [
     121.3694,
     24.920135
    ],
    "type": "Point"
   },
   "properties": {
    "bearing": 270.0,
    "city": "新北市",
    "description": "中正路1段524號旁（往大溪）",
    "id": "dd09eb6b0e19",
    "last_seen": "2026-08-11",
    "section_id": null,
    "section_role": null,
    "source": "gov.tw:7320",
    "speed_limit": 50,
    "type": "fixed"
   },
   "type": "Feature"
  },
  {
   "geometry": {
    "coordinates": [
     121.07627,
     22.7717
    ],
    "type": "Point"
   },
   "properties": {
    "bearing": null,
    "city": "臺東縣",
    "description": "臺9線365.23K(體育中學前)",
    "id": "dd0a65b1ae02",
    "last_seen": "2026-08-11",
    "section_id": null,
    "section_role": null,
    "source": "gov.tw:7320",
    "speed_limit": 60,
    "type": "fixed"
   },
   "type": "Feature"
  },
  {
   "geometry": {
    "coordinates": [
     120.55999,
     23.995346
    ],
    "type": "Point"
   },
   "properties": {
    "bearing": null,
    "city": "彰化縣",
    "description": "大村鄉台1線201.4公里",
    "id": "dd21217afb16",
    "last_seen": "2026-08-11",
    "section_id": null,
    "section_role": null,
    "source": "gov.tw:7320",
    "speed_limit": 70,
    "type": "fixed"
   },
   "type": "Feature"
  },
  {
   "geometry": {
    "coordinates": [
     121.37187,
     24.92668
    ],
    "type": "Point"
   },
   "properties": {
    "bearing": 0.0,
    "city": "新北市",
    "description": "中正路1段與大同路口（往復興路）",
    "id": "dd6863fbd5b0",
    "last_seen": "2026-08-11",
    "section_id": null,
    "section_role": null,
    "source": "gov.tw:7320",
    "speed_limit": 50,
    "type": "fixed"
   },
   "type": "Feature"
  },
  {
   "geometry": {
    "coordinates": [
     120.87654,
     23.662935
    ],
    "type": "Point"
   },
   "properties": {
    "bearing": 0.0,
    "city": "南投縣",
    "description": "臺21線93.1公里處(臺21線與敦福路口)",
    "id": "dd6ccfc404ad",
    "last_seen": "2026-08-11",
    "section_id": null,
    "section_role": null,
    "source": "gov.tw:7320",
    "speed_limit": 50,
    "type": "fixed"
   },
   "type": "Feature"
  },
  {
   "geometry": {
    "coordinates": [
     120.28104,
     23.098495
    ],
    "type": "Point"
   },
   "properties": {
    "bearing": null,
    "city": "臺南市",
    "description": "南科南路與南科三路",
    "id": "dddabc18581b",
    "last_seen": "2026-08-11",
    "section_id": null,
    "section_role": null,
    "source": "gov.tw:7320",
    "speed_limit": 60,
    "type": "fixed"
   },
   "type": "Feature"
  },
  {
   "geometry": {
    "coordinates": [
     120.81373,
     24.557383
    ],
    "type": "Point"
   },
   "properties": {
    "bearing": null,
    "city": "苗栗縣",
    "description": "台13線30.3公里處(苗商後方)",
    "id": "de013884358b",
    "last_seen": "2026-08-11",
    "section_id": null,
    "section_role": null,
    "source": "gov.tw:7320",
    "speed_limit": 50,
    "type": "fixed"
   },
   "type": "Feature"
  },
  {
   "geometry": {
    "coordinates": [
     120.489494,
     22.736715
    ],
    "type": "Point"
   },
   "properties": {
    "bearing": null,
    "city": "屏東縣",
    "description": "台3線423.66K九如林森路口",
    "id": "de3154f95ebc",
    "last_seen": "2026-08-11",
    "section_id": null,
    "section_role": null,
    "source": "gov.tw:7320",
    "speed_limit": 50,
    "type": "fixed"
   },
   "type": "Feature"
  },
  {
   "geometry": {
    "coordinates": [
     121.52018,
     25.020859
    ],
    "type": "Point"
   },
   "properties": {
    "bearing": 0.0,
    "city": "臺北市",
    "description": "水源快速道路同安街口",
    "id": "de39e801ce1c",
    "last_seen": "2026-08-11",
    "section_id": null,
    "section_role": null,
    "source": "gov.tw:7320",
    "speed_limit": 60,
    "type": "fixed"
   },
   "type": "Feature"
  },
  {
   "geometry": {
    "coordinates": [
     121.213036,
     24.926458
    ],
    "type": "Point"
   },
   "properties": {
    "bearing": 0.0,
    "city": "桃園市",
    "description": "中豐路一段255號前",
    "id": "de4617af905c",
    "last_seen": "2026-08-11",
    "section_id": null,
    "section_role": null,
    "source": "gov.tw:7320",
    "speed_limit": 50,
    "type": "fixed"
   },
   "type": "Feature"
  },
  {
   "geometry": {
    "coordinates": [
     120.25361,
     23.189913
    ],
    "type": "Point"
   },
   "properties": {
    "bearing": null,
    "city": "臺南市",
    "description": "臺19甲線與中正、文昌路口",
    "id": "de582660550a",
    "last_seen": "2026-08-11",
    "section_id": null,
    "section_role": null,
    "source": "gov.tw:7320",
    "speed_limit": 60,
    "type": "fixed"
   },
   "type": "Feature"
  },
  {
   "geometry": {
    "coordinates": [
     120.58167,
     22.761547
    ],
    "type": "Point"
   },
   "properties": {
    "bearing": 180.0,
    "city": "屏東縣",
    "description": "台27線41.78K南華大橋鹽埔端",
    "id": "de5c2d4081a5",
    "last_seen": "2026-08-11",
    "section_id": null,
    "section_role": null,
    "source": "gov.tw:7320",
    "speed_limit": 50,
    "type": "fixed"
   },
   "type": "Feature"
  },
  {
   "geometry": {
    "coordinates": [
     120.87718,
     24.692722
    ],
    "type": "Point"
   },
   "properties": {
    "bearing": 270.0,
    "city": "苗栗縣",
    "description": "環市路與公教路口處（清寧橋前）",
    "id": "de826ab4ceba",
    "last_seen": "2026-08-11",
    "section_id": null,
    "section_role": null,
    "source": "gov.tw:7320",
    "speed_limit": 60,
    "type": "fixed"
   },
   "type": "Feature"
  },
  {
   "geometry": {
    "coordinates": [
     119.57666,
     23.66557
    ],
    "type": "Point"
   },
   "properties": {
    "bearing": 225.0,
    "city": "澎湖縣",
    "description": "縣道203線後寮段17.8K",
    "id": "deab82a133ca",
    "last_seen": "2026-08-11",
    "section_id": null,
    "section_role": null,
    "source": "gov.tw:7320",
    "speed_limit": 70,
    "type": "fixed"
   },
   "type": "Feature"
  },
  {
   "geometry": {
    "coordinates": [
     120.44746,
     23.850615
    ],
    "type": "Point"
   },
   "properties": {
    "bearing": null,
    "city": "彰化縣",
    "description": "埤頭鄉縣152線16.5公里",
    "id": "dead40beda71",
    "last_seen": "2026-08-11",
    "section_id": null,
    "section_role": null,
    "source": "gov.tw:7320",
    "speed_limit": 60,
    "type": "fixed"
   },
   "type": "Feature"
  },
  {
   "geometry": {
    "coordinates": [
     120.22941,
     23.276768
    ],
    "type": "Point"
   },
   "properties": {
    "bearing": null,
    "city": "臺南市",
    "description": "三和里田寮往臺19線路口",
    "id": "deca8441baa5",
    "last_seen": "2026-08-11",
    "section_id": null,
    "section_role": null,
    "source": "gov.tw:7320",
    "speed_limit": 50,
    "type": "fixed"
   },
   "type": "Feature"
  },
  {
   "geometry": {
    "coordinates": [
     121.70954,
     24.932625
    ],
    "type": "Point"
   },
   "properties": {
    "bearing": 225.0,
    "city": "新北市",
    "description": "台9線38.4公里（往坪林）",
    "id": "df0de6e4e217",
    "last_seen": "2026-08-11",
    "section_id": null,
    "section_role": null,
    "source": "gov.tw:7320",
    "speed_limit": 40,
    "type": "fixed"
   },
   "type": "Feature"
  },
  {
   "geometry": {
    "coordinates": [
     120.67632,
     24.494154
    ],
    "type": "Point"
   },
   "properties": {
    "bearing": null,
    "city": "苗栗縣",
    "description": "台61線北向122.6公里至115.6公里及台61線122.2公里至130.2公里",
    "id": "df2c033bdd3f",
    "last_seen": "2026-08-11",
    "section_id": null,
    "section_role": null,
    "source": "gov.tw:7320",
    "speed_limit": 90,
    "type": "fixed"
   },
   "type": "Feature"
  },
  {
   "geometry": {
    "coordinates": [
     120.284904,
     23.103241
    ],
    "type": "Point"
   },
   "properties": {
    "bearing": null,
    "city": "臺南市",
    "description": "西拉雅大道與環東路二段路口",
    "id": "dfd74e1d1077",
    "last_seen": "2026-08-11",
    "section_id": null,
    "section_role": null,
    "source": "gov.tw:7320",
    "speed_limit": 60,
    "type": "fixed"
   },
   "type": "Feature"
  },
  {
   "geometry": {
    "coordinates": [
     120.52082,
     24.252245
    ],
    "type": "Point"
   },
   "properties": {
    "bearing": 0.0,
    "city": "臺中市",
    "description": "中二路3k+587處(建新物流專區旁)",
    "id": "dfefb83a1109",
    "last_seen": "2026-08-11",
    "section_id": null,
    "section_role": null,
    "source": "gov.tw:7320",
    "speed_limit": 60,
    "type": "fixed"
   },
   "type": "Feature"
  },
  {
   "geometry": {
    "coordinates": [
     120.42545,
     23.142551
    ],
    "type": "Point"
   },
   "properties": {
    "bearing": null,
    "city": "臺南市",
    "description": "臺84線37.2公里處走馬瀨隧道口",
    "id": "e00643edb5dc",
    "last_seen": "2026-08-11",
    "section_id": null,
    "section_role": null,
    "source": "gov.tw:7320",
    "speed_limit": 90,
    "type": "fixed"
   },
   "type": "Feature"
  },
  {
   "geometry": {
    "coordinates": [
     121.222,
     24.991396
    ],
    "type": "Point"
   },
   "properties": {
    "bearing": null,
    "city": "桃園市",
    "description": "新生路三段192號前",
    "id": "e01859fa9f32",
    "last_seen": "2026-08-11",
    "section_id": null,
    "section_role": null,
    "source": "gov.tw:7320",
    "speed_limit": 50,
    "type": "fixed"
   },
   "type": "Feature"
  },
  {
   "geometry": {
    "coordinates": [
     118.39213,
     24.440292
    ],
    "type": "Point"
   },
   "properties": {
    "bearing": null,
    "city": "金門縣",
    "description": "金湖鎮環島南路四段(夏興路段)",
    "id": "e0233fb53f2f",
    "last_seen": "2026-08-11",
    "section_id": null,
    "section_role": null,
    "source": "gov.tw:7320",
    "speed_limit": 50,
    "type": "fixed"
   },
   "type": "Feature"
  },
  {
   "geometry": {
    "coordinates": [
     121.29094,
     25.049377
    ],
    "type": "Point"
   },
   "properties": {
    "bearing": null,
    "city": "桃園市",
    "description": "中正路369號前",
    "id": "e03d6e5fb2cd",
    "last_seen": "2026-08-11",
    "section_id": null,
    "section_role": null,
    "source": "gov.tw:7320",
    "speed_limit": 50,
    "type": "fixed"
   },
   "type": "Feature"
  },
  {
   "geometry": {
    "coordinates": [
     120.30761,
     22.68351
    ],
    "type": "Point"
   },
   "properties": {
    "bearing": 270.0,
    "city": "高雄市",
    "description": "大中高架道路文川匝道口",
    "id": "e060d5d6fd46",
    "last_seen": "2026-08-11",
    "section_id": null,
    "section_role": null,
    "source": "gov.tw:7320",
    "speed_limit": 60,
    "type": "fixed"
   },
   "type": "Feature"
  },
  {
   "geometry": {
    "coordinates": [
     121.63341,
     25.241701
    ],
    "type": "Point"
   },
   "properties": {
    "bearing": 180.0,
    "city": "新北市",
    "description": "台2線38.9公里處（海興路93號旁）往金山方向",
    "id": "e06388eec065",
    "last_seen": "2026-08-11",
    "section_id": null,
    "section_role": null,
    "source": "gov.tw:7320",
    "speed_limit": 60,
    "type": "fixed"
   },
   "type": "Feature"
  },
  {
   "geometry": {
    "coordinates": [
     120.72574,
     24.264332
    ],
    "type": "Point"
   },
   "properties": {
    "bearing": 270.0,
    "city": "臺中市",
    "description": "豐原區豐原大道六段516號前",
    "id": "e0908169d3cd",
    "last_seen": "2026-08-11",
    "section_id": null,
    "section_role": null,
    "source": "gov.tw:7320",
    "speed_limit": 60,
    "type": "fixed"
   },
   "type": "Feature"
  },
  {
   "geometry": {
    "coordinates": [
     120.69537,
     22.207375
    ],
    "type": "Point"
   },
   "properties": {
    "bearing": null,
    "city": "屏東縣",
    "description": "台9線452.5K",
    "id": "e0cf626490cb",
    "last_seen": "2026-08-11",
    "section_id": null,
    "section_role": null,
    "source": "gov.tw:7320",
    "speed_limit": 60,
    "type": "fixed"
   },
   "type": "Feature"
  },
  {
   "geometry": {
    "coordinates": [
     121.73496,
     25.104843
    ],
    "type": "Point"
   },
   "properties": {
    "bearing": null,
    "city": "基隆市",
    "description": "東勢街47之3號旁",
    "id": "e10274c44064",
    "last_seen": "2026-08-11",
    "section_id": null,
    "section_role": null,
    "source": "gov.tw:7320",
    "speed_limit": 50,
    "type": "fixed"
   },
   "type": "Feature"
  },
  {
   "geometry": {
    "coordinates": [
     120.45571,
     23.806501
    ],
    "type": "Point"
   },
   "properties": {
    "bearing": null,
    "city": "雲林縣",
    "description": "西螺鎮雲24鄉道(西螺森活武樹園區前)",
    "id": "e111d73e7d20",
    "last_seen": "2026-08-11",
    "section_id": null,
    "section_role": null,
    "source": "gov.tw:7320",
    "speed_limit": 50,
    "type": "fixed"
   },
   "type": "Feature"
  },
  {
   "geometry": {
    "coordinates": [
     121.28862,
     24.885729
    ],
    "type": "Point"
   },
   "properties": {
    "bearing": null,
    "city": "桃園市",
    "description": "月眉路1號前約120公尺處",
    "id": "e12b8fde9cca",
    "last_seen": "2026-08-11",
    "section_id": null,
    "section_role": null,
    "source": "gov.tw:7320",
    "speed_limit": 50,
    "type": "fixed"
   },
   "type": "Feature"
  },
  {
   "geometry": {
    "coordinates": [
     121.78618,
     24.401888
    ],
    "type": "Point"
   },
   "properties": {
    "bearing": null,
    "city": "宜蘭縣",
    "description": "台9線133k+174m觀音隧道北上",
    "id": "e12ce2340aad",
    "last_seen": "2026-08-11",
    "section_id": null,
    "section_role": null,
    "source": "gov.tw:7320",
    "speed_limit": 70,
    "type": "fixed"
   },
   "type": "Feature"
  },
  {
   "geometry": {
    "coordinates": [
     121.38603,
     25.076376
    ],
    "type": "Point"
   },
   "properties": {
    "bearing": 45.0,
    "city": "新北市",
    "description": "仁愛路1段691號前與竹林路口（往林口）",
    "id": "e136ea716fe4",
    "last_seen": "2026-08-11",
    "section_id": null,
    "section_role": null,
    "source": "gov.tw:7320",
    "speed_limit": 50,
    "type": "fixed"
   },
   "type": "Feature"
  },
  {
   "geometry": {
    "coordinates": [
     120.644775,
     24.194983
    ],
    "type": "Point"
   },
   "properties": {
    "bearing": 270.0,
    "city": "臺中市",
    "description": "西屯區中彰快速道路12.7K(往烏日方向)",
    "id": "e13bcdb05f31",
    "last_seen": "2026-08-11",
    "section_id": null,
    "section_role": null,
    "source": "gov.tw:7320",
    "speed_limit": 80,
    "type": "fixed"
   },
   "type": "Feature"
  },
  {
   "geometry": {
    "coordinates": [
     120.1741,
     22.947441
    ],
    "type": "Point"
   },
   "properties": {
    "bearing": 0.0,
    "city": "臺南市",
    "description": "安平港聯外道路台電高分鯤鯓54右38號電桿",
    "id": "e146e3c5ecbb",
    "last_seen": "2026-08-11",
    "section_id": null,
    "section_role": null,
    "source": "gov.tw:7320",
    "speed_limit": 60,
    "type": "fixed"
   },
   "type": "Feature"
  },
  {
   "geometry": {
    "coordinates": [
     120.29224,
     22.65287
    ],
    "type": "Point"
   },
   "properties": {
    "bearing": 0.0,
    "city": "高雄市",
    "description": "中華一路與大順一路口",
    "id": "e17ef786e164",
    "last_seen": "2026-08-11",
    "section_id": null,
    "section_role": null,
    "source": "gov.tw:7320",
    "speed_limit": 60,
    "type": "fixed"
   },
   "type": "Feature"
  },
  {
   "geometry": {
    "coordinates": [
     120.95179,
     24.621752
    ],
    "type": "Point"
   },
   "properties": {
    "bearing": 0.0,
    "city": "苗栗縣",
    "description": "台3線101.2公里處",
    "id": "e18638382602",
    "last_seen": "2026-08-11",
    "section_id": null,
    "section_role": null,
    "source": "gov.tw:7320",
    "speed_limit": 60,
    "type": "fixed"
   },
   "type": "Feature"
  },
  {
   "geometry": {
    "coordinates": [
     121.54438,
     25.066849
    ],
    "type": "Point"
   },
   "properties": {
    "bearing": 180.0,
    "city": "臺北市",
    "description": "復興北路車行地下道南出口處",
    "id": "e192bc7d85bb",
    "last_seen": "2026-08-11",
    "section_id": null,
    "section_role": null,
    "source": "gov.tw:7320",
    "speed_limit": 40,
    "type": "fixed"
   },
   "type": "Feature"
  },
  {
   "geometry": {
    "coordinates": [
     121.44234,
     25.050781
    ],
    "type": "Point"
   },
   "properties": {
    "bearing": 180.0,
    "city": "新北市",
    "description": "台65線快速公路1.8公里（往五股）",
    "id": "e1e9390ca6cd",
    "last_seen": "2026-08-11",
    "section_id": null,
    "section_role": null,
    "source": "gov.tw:7320",
    "speed_limit": 80,
    "type": "fixed"
   },
   "type": "Feature"
  },
  {
   "geometry": {
    "coordinates": [
     121.67544,
     25.065905
    ],
    "type": "Point"
   },
   "properties": {
    "bearing": 225.0,
    "city": "新北市",
    "description": "新台五路與茄苳路口（往汐止方向）",
    "id": "e20c5946de94",
    "last_seen": "2026-08-11",
    "section_id": null,
    "section_role": null,
    "source": "gov.tw:7320",
    "speed_limit": 50,
    "type": "fixed"
   },
   "type": "Feature"
  },
  {
   "geometry": {
    "coordinates": [
     120.682755,
     23.759756
    ],
    "type": "Point"
   },
   "properties": {
    "bearing": null,
    "city": "南投縣",
    "description": "大明路與枋坪巷口(克明宮前)",
    "id": "e2198c5524ab",
    "last_seen": "2026-08-11",
    "section_id": null,
    "section_role": null,
    "source": "gov.tw:7320",
    "speed_limit": 60,
    "type": "fixed"
   },
   "type": "Feature"
  },
  {
   "geometry": {
    "coordinates": [
     121.08527,
     22.72067
    ],
    "type": "Point"
   },
   "properties": {
    "bearing": null,
    "city": "臺東縣",
    "description": "臺11線172K(大學路口)",
    "id": "e223384a1bf2",
    "last_seen": "2026-08-11",
    "section_id": null,
    "section_role": null,
    "source": "gov.tw:7320",
    "speed_limit": 60,
    "type": "fixed"
   },
   "type": "Feature"
  },
  {
   "geometry": {
    "coordinates": [
     120.41613,
     24.02899
    ],
    "type": "Point"
   },
   "properties": {
    "bearing": 0.0,
    "city": "臺中市",
    "description": "霧峰區中正路569-9號前",
    "id": "e267cca99542",
    "last_seen": "2026-08-11",
    "section_id": null,
    "section_role": null,
    "source": "gov.tw:7320",
    "speed_limit": 70,
    "type": "fixed"
   },
   "type": "Feature"
  },
  {
   "geometry": {
    "coordinates": [
     119.67729,
     23.575893
    ],
    "type": "Point"
   },
   "properties": {
    "bearing": 0.0,
    "city": "澎湖縣",
    "description": "縣道202號菓葉段9.9K",
    "id": "e287600482a0",
    "last_seen": "2026-08-11",
    "section_id": null,
    "section_role": null,
    "source": "gov.tw:7320",
    "speed_limit": 50,
    "type": "fixed"
   },
   "type": "Feature"
  },
  {
   "geometry": {
    "coordinates": [
     121.6646,
     25.066809
    ],
    "type": "Point"
   },
   "properties": {
    "bearing": 270.0,
    "city": "新北市",
    "description": "台5線15.86公里處（往汐止）",
    "id": "e2ac52e2d239",
    "last_seen": "2026-08-11",
    "section_id": null,
    "section_role": null,
    "source": "gov.tw:7320",
    "speed_limit": 50,
    "type": "fixed"
   },
   "type": "Feature"
  },
  {
   "geometry": {
    "coordinates": [
     120.64267,
     24.19317
    ],
    "type": "Point"
   },
   "properties": {
    "bearing": 0.0,
    "city": "臺中市",
    "description": "西屯區環中路二段766號",
    "id": "e2e485282ef4",
    "last_seen": "2026-08-11",
    "section_id": null,
    "section_role": null,
    "source": "gov.tw:7320",
    "speed_limit": 60,
    "type": "fixed"
   },
   "type": "Feature"
  },
  {
   "geometry": {
    "coordinates": [
     120.56408,
     23.73015
    ],
    "type": "Point"
   },
   "properties": {
    "bearing": 90.0,
    "city": "雲林縣",
    "description": "斗六市雲科路一段與科班路路口(158縣道43.7K)",
    "id": "e2faf60ce04b",
    "last_seen": "2026-08-11",
    "section_id": null,
    "section_role": null,
    "source": "gov.tw:7320",
    "speed_limit": 50,
    "type": "fixed"
   },
   "type": "Feature"
  },
  {
   "geometry": {
    "coordinates": [
     120.42602,
     22.672127
    ],
    "type": "Point"
   },
   "properties": {
    "bearing": null,
    "city": "高雄市",
    "description": "大樹區竹寮路60-1號前(台29線91.1K)",
    "id": "e2ffb07830b9",
    "last_seen": "2026-08-11",
    "section_id": null,
    "section_role": null,
    "source": "gov.tw:7320",
    "speed_limit": 70,
    "type": "fixed"
   },
   "type": "Feature"
  },
  {
   "geometry": {
    "coordinates": [
     121.407135,
     25.018389
    ],
    "type": "Point"
   },
   "properties": {
    "bearing": null,
    "city": "桃園市",
    "description": "萬壽路一段161號(中正路與萬壽路一段口)",
    "id": "e305afaec213",
    "last_seen": "2026-08-11",
    "section_id": null,
    "section_role": null,
    "source": "gov.tw:7320",
    "speed_limit": 50,
    "type": "fixed"
   },
   "type": "Feature"
  },
  {
   "geometry": {
    "coordinates": [
     120.832245,
     24.607538
    ],
    "type": "Point"
   },
   "properties": {
    "bearing": 180.0,
    "city": "苗栗縣",
    "description": "台13甲線12.4公里處",
    "id": "e36338d1763b",
    "last_seen": "2026-08-11",
    "section_id": null,
    "section_role": null,
    "source": "gov.tw:7320",
    "speed_limit": 60,
    "type": "fixed"
   },
   "type": "Feature"
  },
  {
   "geometry": {
    "coordinates": [
     120.2212,
     22.939863
    ],
    "type": "Point"
   },
   "properties": {
    "bearing": null,
    "city": "臺南市",
    "description": "二仁路台1線341.85K",
    "id": "e36a68174357",
    "last_seen": "2026-08-11",
    "section_id": null,
    "section_role": null,
    "source": "gov.tw:7320",
    "speed_limit": 70,
    "type": "fixed"
   },
   "type": "Feature"
  },
  {
   "geometry": {
    "coordinates": [
     120.43798,
     22.795727
    ],
    "type": "Point"
   },
   "properties": {
    "bearing": 90.0,
    "city": "國道十號",
    "description": "國道十號東向21.4公里",
    "id": "e3ba85a1ffcf",
    "last_seen": "2026-08-11",
    "section_id": null,
    "section_role": null,
    "source": "gov.tw:7320",
    "speed_limit": 100,
    "type": "fixed"
   },
   "type": "Feature"
  },
  {
   "geometry": {
    "coordinates": [
     120.68192,
     24.037436
    ],
    "type": "Point"
   },
   "properties": {
    "bearing": 180.0,
    "city": "臺中市",
    "description": "霧峰區中投公路11.4K(南下)",
    "id": "e408181d0166",
    "last_seen": "2026-08-11",
    "section_id": null,
    "section_role": null,
    "source": "gov.tw:7320",
    "speed_limit": 70,
    "type": "fixed"
   },
   "type": "Feature"
  },
  {
   "geometry": {
    "coordinates": [
     120.68831,
     24.16392
    ],
    "type": "Point"
   },
   "properties": {
    "bearing": 180.0,
    "city": "臺中市",
    "description": "北區崇德路一段與進化北路口",
    "id": "e42115f68d80",
    "last_seen": "2026-08-11",
    "section_id": null,
    "section_role": null,
    "source": "gov.tw:7320",
    "speed_limit": 50,
    "type": "fixed"
   },
   "type": "Feature"
  },
  {
   "geometry": {
    "coordinates": [
     120.62668,
     22.897558
    ],
    "type": "Point"
   },
   "properties": {
    "bearing": 90.0,
    "city": "高雄市",
    "description": "旗六公路新威國小前",
    "id": "e42d0918b97e",
    "last_seen": "2026-08-11",
    "section_id": null,
    "section_role": null,
    "source": "gov.tw:7320",
    "speed_limit": 60,
    "type": "fixed"
   },
   "type": "Feature"
  },
  {
   "geometry": {
    "coordinates": [
     121.00192,
     24.85527
    ],
    "type": "Point"
   },
   "properties": {
    "bearing": 180.0,
    "city": "新竹縣",
    "description": "中華路與鳳岡路口南下",
    "id": "e43919a45b58",
    "last_seen": "2026-08-11",
    "section_id": null,
    "section_role": null,
    "source": "gov.tw:7320",
    "speed_limit": 60,
    "type": "fixed"
   },
   "type": "Feature"
  },
  {
   "geometry": {
    "coordinates": [
     120.91577,
     24.767654
    ],
    "type": "Point"
   },
   "properties": {
    "bearing": 0.0,
    "city": "新竹市",
    "description": "中華路五段644巷口",
    "id": "e4488fb0aadc",
    "last_seen": "2026-08-11",
    "section_id": null,
    "section_role": null,
    "source": "gov.tw:7320",
    "speed_limit": 60,
    "type": "fixed"
   },
   "type": "Feature"
  },
  {
   "geometry": {
    "coordinates": [
     120.98927,
     24.812634
    ],
    "type": "Point"
   },
   "properties": {
    "bearing": 90.0,
    "city": "新竹市",
    "description": "中華路一段284巷口",
    "id": "e46a6e4001de",
    "last_seen": "2026-08-11",
    "section_id": null,
    "section_role": null,
    "source": "gov.tw:7320",
    "speed_limit": 50,
    "type": "fixed"
   },
   "type": "Feature"
  },
  {
   "geometry": {
    "coordinates": [
     120.9341,
     24.845257
    ],
    "type": "Point"
   },
   "properties": {
    "bearing": 270.0,
    "city": "新竹市",
    "description": "台68線榮濱路匝道口",
    "id": "e4b6413def79",
    "last_seen": "2026-08-11",
    "section_id": null,
    "section_role": null,
    "source": "gov.tw:7320",
    "speed_limit": 50,
    "type": "fixed"
   },
   "type": "Feature"
  },
  {
   "geometry": {
    "coordinates": [
     118.33837,
     24.44981
    ],
    "type": "Point"
   },
   "properties": {
    "bearing": null,
    "city": "金門縣",
    "description": "金寧鄉環島北路二段(頂堡路口)",
    "id": "e4e2de2631f4",
    "last_seen": "2026-08-11",
    "section_id": null,
    "section_role": null,
    "source": "gov.tw:7320",
    "speed_limit": 60,
    "type": "fixed"
   },
   "type": "Feature"
  },
  {
   "geometry": {
    "coordinates": [
     121.480316,
     25.122408
    ],
    "type": "Point"
   },
   "properties": {
    "bearing": 0.0,
    "city": "臺北市",
    "description": "大度路往淡水方向",
    "id": "e51675bffa5e",
    "last_seen": "2026-08-11",
    "section_id": null,
    "section_role": null,
    "source": "gov.tw:7320",
    "speed_limit": 60,
    "type": "fixed"
   },
   "type": "Feature"
  },
  {
   "geometry": {
    "coordinates": [
     120.192085,
     22.98797
    ],
    "type": "Point"
   },
   "properties": {
    "bearing": 0.0,
    "city": "臺南市",
    "description": "金華路-永華路口",
    "id": "e54c789c3e1b",
    "last_seen": "2026-08-11",
    "section_id": null,
    "section_role": null,
    "source": "gov.tw:7320",
    "speed_limit": 50,
    "type": "fixed"
   },
   "type": "Feature"
  },
  {
   "geometry": {
    "coordinates": [
     120.17664,
     22.930405
    ],
    "type": "Point"
   },
   "properties": {
    "bearing": null,
    "city": "臺南市",
    "description": "臺17線濱南路海口宮前",
    "id": "e572179b34e8",
    "last_seen": "2026-08-11",
    "section_id": null,
    "section_role": null,
    "source": "gov.tw:7320",
    "speed_limit": 70,
    "type": "fixed"
   },
   "type": "Feature"
  },
  {
   "geometry": {
    "coordinates": [
     120.50472,
     22.845268
    ],
    "type": "Point"
   },
   "properties": {
    "bearing": null,
    "city": "高雄市",
    "description": "旗山區台3線(旗屏二路)與高92線口",
    "id": "e582f8dd63df",
    "last_seen": "2026-08-11",
    "section_id": null,
    "section_role": null,
    "source": "gov.tw:7320",
    "speed_limit": 70,
    "type": "fixed"
   },
   "type": "Feature"
  },
  {
   "geometry": {
    "coordinates": [
     120.309364,
     23.618847
    ],
    "type": "Point"
   },
   "properties": {
    "bearing": null,
    "city": "雲林縣",
    "description": "元長鄉臺 19 線與雲 168 線路口(63k+500m處)",
    "id": "e583ab66502f",
    "last_seen": "2026-08-11",
    "section_id": null,
    "section_role": null,
    "source": "gov.tw:7320",
    "speed_limit": 50,
    "type": "fixed"
   },
   "type": "Feature"
  },
  {
   "geometry": {
    "coordinates": [
     120.92787,
     24.725458
    ],
    "type": "Point"
   },
   "properties": {
    "bearing": 0.0,
    "city": "新竹市",
    "description": "南隘路南隘國小前",
    "id": "e59a2f14a804",
    "last_seen": "2026-08-11",
    "section_id": null,
    "section_role": null,
    "source": "gov.tw:7320",
    "speed_limit": 50,
    "type": "fixed"
   },
   "type": "Feature"
  },
  {
   "geometry": {
    "coordinates": [
     121.50114,
     25.044512
    ],
    "type": "Point"
   },
   "properties": {
    "bearing": 180.0,
    "city": "臺北市",
    "description": "環河南路1段77號對面",
    "id": "e5acb0f11f28",
    "last_seen": "2026-08-11",
    "section_id": null,
    "section_role": null,
    "source": "gov.tw:7320",
    "speed_limit": 40,
    "type": "fixed"
   },
   "type": "Feature"
  },
  {
   "geometry": {
    "coordinates": [
     121.52277,
     25.054731
    ],
    "type": "Point"
   },
   "properties": {
    "bearing": 0.0,
    "city": "臺北市",
    "description": "中山北路2段長春路口",
    "id": "e5bf69f0c086",
    "last_seen": "2026-08-11",
    "section_id": null,
    "section_role": null,
    "source": "gov.tw:7320",
    "speed_limit": 50,
    "type": "fixed"
   },
   "type": "Feature"
  },
  {
   "geometry": {
    "coordinates": [
     121.25918,
     24.926731
    ],
    "type": "Point"
   },
   "properties": {
    "bearing": null,
    "city": "桃園市",
    "description": "新生路段近龍宮街36巷9弄口",
    "id": "e5f19b22dc98",
    "last_seen": "2026-08-11",
    "section_id": null,
    "section_role": null,
    "source": "gov.tw:7320",
    "speed_limit": 50,
    "type": "fixed"
   },
   "type": "Feature"
  },
  {
   "geometry": {
    "coordinates": [
     121.49733,
     25.085075
    ],
    "type": "Point"
   },
   "properties": {
    "bearing": 135.0,
    "city": "新北市",
    "description": "環河北路3段重陽橋下（往三重）",
    "id": "e61256884efa",
    "last_seen": "2026-08-11",
    "section_id": null,
    "section_role": null,
    "source": "gov.tw:7320",
    "speed_limit": 50,
    "type": "fixed"
   },
   "type": "Feature"
  },
  {
   "geometry": {
    "coordinates": [
     120.31324,
     22.97128
    ],
    "type": "Point"
   },
   "properties": {
    "bearing": null,
    "city": "臺南市",
    "description": "臺86線17.85公里",
    "id": "e623dd7bf7ce",
    "last_seen": "2026-08-11",
    "section_id": null,
    "section_role": null,
    "source": "gov.tw:7320",
    "speed_limit": 70,
    "type": "fixed"
   },
   "type": "Feature"
  },
  {
   "geometry": {
    "coordinates": [
     120.4908,
     23.604876
    ],
    "type": "Point"
   },
   "properties": {
    "bearing": null,
    "city": "嘉義縣",
    "description": "大林鎮162線10.953K",
    "id": "e62777e95f19",
    "last_seen": "2026-08-11",
    "section_id": null,
    "section_role": null,
    "source": "gov.tw:7320",
    "speed_limit": 60,
    "type": "fixed"
   },
   "type": "Feature"
  },
  {
   "geometry": {
    "coordinates": [
     121.10155,
     24.72303
    ],
    "type": "Point"
   },
   "properties": {
    "bearing": null,
    "city": "新竹縣",
    "description": "中豐路與台68線路口",
    "id": "e6665a7dbdf2",
    "last_seen": "2026-08-11",
    "section_id": null,
    "section_role": null,
    "source": "gov.tw:7320",
    "speed_limit": 50,
    "type": "fixed"
   },
   "type": "Feature"
  },
  {
   "geometry": {
    "coordinates": [
     120.57346,
     24.18763
    ],
    "type": "Point"
   },
   "properties": {
    "bearing": null,
    "city": "臺中市",
    "description": "龍井區向上路6段與中興路口至沙鹿區向上路6段與自立路口",
    "id": "e763b746fd24",
    "last_seen": "2026-08-11",
    "section_id": null,
    "section_role": null,
    "source": "gov.tw:7320",
    "speed_limit": 50,
    "type": "fixed"
   },
   "type": "Feature"
  },
  {
   "geometry": {
    "coordinates": [
     121.569275,
     23.95881
    ],
    "type": "Point"
   },
   "properties": {
    "bearing": null,
    "city": "花蓮縣",
    "description": "花蓮縣吉安鄉吉豐路與吉興路口",
    "id": "e7640c5f10bd",
    "last_seen": "2026-08-11",
    "section_id": null,
    "section_role": null,
    "source": "gov.tw:7320",
    "speed_limit": 60,
    "type": "fixed"
   },
   "type": "Feature"
  },
  {
   "geometry": {
    "coordinates": [
     120.619026,
     24.242786
    ],
    "type": "Point"
   },
   "properties": {
    "bearing": 270.0,
    "city": "臺中市",
    "description": "中清路五段435巷口",
    "id": "e7809ca2a848",
    "last_seen": "2026-08-11",
    "section_id": null,
    "section_role": null,
    "source": "gov.tw:7320",
    "speed_limit": 70,
    "type": "fixed"
   },
   "type": "Feature"
  },
  {
   "geometry": {
    "coordinates": [
     120.56849,
     23.451096
    ],
    "type": "Point"
   },
   "properties": {
    "bearing": null,
    "city": "嘉義縣",
    "description": "番路鄉台18線30.02K日安社區路口",
    "id": "e79a677ea1b7",
    "last_seen": "2026-08-11",
    "section_id": null,
    "section_role": null,
    "source": "gov.tw:7320",
    "speed_limit": 60,
    "type": "fixed"
   },
   "type": "Feature"
  },
  {
   "geometry": {
    "coordinates": [
     121.23118,
     24.91479
    ],
    "type": "Point"
   },
   "properties": {
    "bearing": null,
    "city": "桃園市",
    "description": "金陵路四段409號前約80公尺處",
    "id": "e7b74a0b4dc7",
    "last_seen": "2026-08-11",
    "section_id": null,
    "section_role": null,
    "source": "gov.tw:7320",
    "speed_limit": 50,
    "type": "fixed"
   },
   "type": "Feature"
  },
  {
   "geometry": {
    "coordinates": [
     120.46766,
     23.795057
    ],
    "type": "Point"
   },
   "properties": {
    "bearing": null,
    "city": "雲林縣",
    "description": "西螺鎮大同路與興農東(西)路口",
    "id": "e7d7db31df01",
    "last_seen": "2026-08-11",
    "section_id": null,
    "section_role": null,
    "source": "gov.tw:7320",
    "speed_limit": 50,
    "type": "fixed"
   },
   "type": "Feature"
  },
  {
   "geometry": {
    "coordinates": [
     120.73434,
     24.12292
    ],
    "type": "Point"
   },
   "properties": {
    "bearing": null,
    "city": "臺中市",
    "description": "太平區太堤東路與光興路1343巷口 （南往北方向）",
    "id": "e7d96f741d3f",
    "last_seen": "2026-08-11",
    "section_id": null,
    "section_role": null,
    "source": "gov.tw:7320",
    "speed_limit": 40,
    "type": "fixed"
   },
   "type": "Feature"
  },
  {
   "geometry": {
    "coordinates": [
     121.006836,
     24.784254
    ],
    "type": "Point"
   },
   "properties": {
    "bearing": 270.0,
    "city": "新竹市",
    "description": "新竹科學園區園區一路近竹村一路口",
    "id": "e80c22eeffbc",
    "last_seen": "2026-08-11",
    "section_id": null,
    "section_role": null,
    "source": "gov.tw:7320",
    "speed_limit": 50,
    "type": "fixed"
   },
   "type": "Feature"
  },
  {
   "geometry": {
    "coordinates": [
     120.65483,
     24.33259
    ],
    "type": "Point"
   },
   "properties": {
    "bearing": 270.0,
    "city": "臺中市",
    "description": "外埔區甲后路三段與水頭一路口",
    "id": "e88bb5654b75",
    "last_seen": "2026-08-11",
    "section_id": null,
    "section_role": null,
    "source": "gov.tw:7320",
    "speed_limit": 60,
    "type": "fixed"
   },
   "type": "Feature"
  },
  {
   "geometry": {
    "coordinates": [
     120.24066,
     23.655548
    ],
    "type": "Point"
   },
   "properties": {
    "bearing": 270.0,
    "city": "雲林縣",
    "description": "東勢鄉雲113公路湖東橋前路段",
    "id": "e88c84aae0be",
    "last_seen": "2026-08-11",
    "section_id": null,
    "section_role": null,
    "source": "gov.tw:7320",
    "speed_limit": 60,
    "type": "fixed"
   },
   "type": "Feature"
  },
  {
   "geometry": {
    "coordinates": [
     120.33939,
     22.710386
    ],
    "type": "Point"
   },
   "properties": {
    "bearing": 180.0,
    "city": "高雄市",
    "description": "鳳仁路183線2.45公里中央分隔島",
    "id": "e8b216a3af90",
    "last_seen": "2026-08-11",
    "section_id": null,
    "section_role": null,
    "source": "gov.tw:7320",
    "speed_limit": 60,
    "type": "fixed"
   },
   "type": "Feature"
  },
  {
   "geometry": {
    "coordinates": [
     121.00296,
     24.85749
    ],
    "type": "Point"
   },
   "properties": {
    "bearing": 0.0,
    "city": "新竹縣",
    "description": "中華路與鳳岡路口北上",
    "id": "e8c64a27df50",
    "last_seen": "2026-08-11",
    "section_id": null,
    "section_role": null,
    "source": "gov.tw:7320",
    "speed_limit": 50,
    "type": "fixed"
   },
   "type": "Feature"
  },
  {
   "geometry": {
    "coordinates": [
     120.78327,
     24.637379
    ],
    "type": "Point"
   },
   "properties": {
    "bearing": 0.0,
    "city": "苗栗縣",
    "description": "台61線與苗11線口處",
    "id": "e8e6353e5245",
    "last_seen": "2026-08-11",
    "section_id": null,
    "section_role": null,
    "source": "gov.tw:7320",
    "speed_limit": 80,
    "type": "fixed"
   },
   "type": "Feature"
  },
  {
   "geometry": {
    "coordinates": [
     120.67519,
     24.103065
    ],
    "type": "Point"
   },
   "properties": {
    "bearing": 90.0,
    "city": "臺中市",
    "description": "德芳路與樹王路",
    "id": "e96b3c99bab5",
    "last_seen": "2026-08-11",
    "section_id": null,
    "section_role": null,
    "source": "gov.tw:7320",
    "speed_limit": 60,
    "type": "fixed"
   },
   "type": "Feature"
  },
  {
   "geometry": {
    "coordinates": [
     120.66175,
     24.11858
    ],
    "type": "Point"
   },
   "properties": {
    "bearing": 0.0,
    "city": "臺中市",
    "description": "南區五權南路與忠明南路口",
    "id": "e96bff4e68c0",
    "last_seen": "2026-08-11",
    "section_id": null,
    "section_role": null,
    "source": "gov.tw:7320",
    "speed_limit": 50,
    "type": "fixed"
   },
   "type": "Feature"
  },
  {
   "geometry": {
    "coordinates": [
     121.11664,
     24.72037
    ],
    "type": "Point"
   },
   "properties": {
    "bearing": null,
    "city": "新竹縣",
    "description": "中豐路一段與站前街口",
    "id": "e97a6070521b",
    "last_seen": "2026-08-11",
    "section_id": null,
    "section_role": null,
    "source": "gov.tw:7320",
    "speed_limit": 60,
    "type": "fixed"
   },
   "type": "Feature"
  },
  {
   "geometry": {
    "coordinates": [
     120.46232,
     24.074348
    ],
    "type": "Point"
   },
   "properties": {
    "bearing": null,
    "city": "彰化縣",
    "description": "鹿港鎮鹿和路2段507號前",
    "id": "e983986d941e",
    "last_seen": "2026-08-11",
    "section_id": null,
    "section_role": null,
    "source": "gov.tw:7320",
    "speed_limit": 60,
    "type": "fixed"
   },
   "type": "Feature"
  },
  {
   "geometry": {
    "coordinates": [
     120.52277,
     22.570349
    ],
    "type": "Point"
   },
   "properties": {
    "bearing": null,
    "city": "屏東縣",
    "description": "台88線20.6K快速道路",
    "id": "e99b360ab68c",
    "last_seen": "2026-08-11",
    "section_id": null,
    "section_role": null,
    "source": "gov.tw:7320",
    "speed_limit": 90,
    "type": "fixed"
   },
   "type": "Feature"
  },
  {
   "geometry": {
    "coordinates": [
     121.70447,
     24.935577
    ],
    "type": "Point"
   },
   "properties": {
    "bearing": 135.0,
    "city": "新北市",
    "description": "台9線37.4公里（往宜蘭）",
    "id": "ea273982de7e",
    "last_seen": "2026-08-11",
    "section_id": null,
    "section_role": null,
    "source": "gov.tw:7320",
    "speed_limit": 40,
    "type": "fixed"
   },
   "type": "Feature"
  },
  {
   "geometry": {
    "coordinates": [
     120.47022,
     23.013083
    ],
    "type": "Point"
   },
   "properties": {
    "bearing": null,
    "city": "臺南市",
    "description": "臺3線388K處",
    "id": "ea2e7c34c75f",
    "last_seen": "2026-08-11",
    "section_id": null,
    "section_role": null,
    "source": "gov.tw:7320",
    "speed_limit": 60,
    "type": "fixed"
   },
   "type": "Feature"
  },
  {
   "geometry": {
    "coordinates": [
     121.80645,
     24.46758
    ],
    "type": "Point"
   },
   "properties": {
    "bearing": null,
    "city": "宜蘭縣",
    "description": "台9線123ｋ+570ｍ南澳段北上",
    "id": "ea76aaac0b5d",
    "last_seen": "2026-08-11",
    "section_id": null,
    "section_role": null,
    "source": "gov.tw:7320",
    "speed_limit": 50,
    "type": "fixed"
   },
   "type": "Feature"
  },
  {
   "geometry": {
    "coordinates": [
     120.438644,
     23.480522
    ],
    "type": "Point"
   },
   "properties": {
    "bearing": null,
    "city": "嘉義市",
    "description": "博愛路二段與中興路口",
    "id": "ea77f08d7964",
    "last_seen": "2026-08-11",
    "section_id": null,
    "section_role": null,
    "source": "gov.tw:7320",
    "speed_limit": 50,
    "type": "fixed"
   },
   "type": "Feature"
  },
  {
   "geometry": {
    "coordinates": [
     121.44678,
     25.192116
    ],
    "type": "Point"
   },
   "properties": {
    "bearing": 0.0,
    "city": "新北市",
    "description": "台2線8公里與新市二路4段（往三芝）",
    "id": "ea8c6b8be913",
    "last_seen": "2026-08-11",
    "section_id": null,
    "section_role": null,
    "source": "gov.tw:7320",
    "speed_limit": 70,
    "type": "fixed"
   },
   "type": "Feature"
  },
  {
   "geometry": {
    "coordinates": [
     120.3359,
     23.309875
    ],
    "type": "Point"
   },
   "properties": {
    "bearing": null,
    "city": "臺南市",
    "description": "南314線1公里",
    "id": "eb43b4f31f0f",
    "last_seen": "2026-08-11",
    "section_id": null,
    "section_role": null,
    "source": "gov.tw:7320",
    "speed_limit": 50,
    "type": "fixed"
   },
   "type": "Feature"
  },
  {
   "geometry": {
    "coordinates": [
     120.74505,
     22.204168
    ],
    "type": "Point"
   },
   "properties": {
    "bearing": null,
    "city": "屏東縣",
    "description": "台9線446.4K丹路外環道",
    "id": "eb446b1e38a2",
    "last_seen": "2026-08-11",
    "section_id": null,
    "section_role": null,
    "source": "gov.tw:7320",
    "speed_limit": 40,
    "type": "fixed"
   },
   "type": "Feature"
  },
  {
   "geometry": {
    "coordinates": [
     120.69571,
     24.134548
    ],
    "type": "Point"
   },
   "properties": {
    "bearing": null,
    "city": "臺中市",
    "description": "東區建成路521號前",
    "id": "eb50452fe7bb",
    "last_seen": "2026-08-11",
    "section_id": null,
    "section_role": null,
    "source": "gov.tw:7320",
    "speed_limit": 50,
    "type": "fixed"
   },
   "type": "Feature"
  },
  {
   "geometry": {
    "coordinates": [
     120.60866,
     22.702955
    ],
    "type": "Point"
   },
   "properties": {
    "bearing": null,
    "city": "屏東縣",
    "description": "屏37線2.09K",
    "id": "eb5b4bd079cb",
    "last_seen": "2026-08-11",
    "section_id": null,
    "section_role": null,
    "source": "gov.tw:7320",
    "speed_limit": 40,
    "type": "fixed"
   },
   "type": "Feature"
  },
  {
   "geometry": {
    "coordinates": [
     120.885445,
     24.69521
    ],
    "type": "Point"
   },
   "properties": {
    "bearing": 180.0,
    "city": "苗栗縣",
    "description": "永貞路與勝利街口處",
    "id": "eb81d97dceb8",
    "last_seen": "2026-08-11",
    "section_id": null,
    "section_role": null,
    "source": "gov.tw:7320",
    "speed_limit": 60,
    "type": "fixed"
   },
   "type": "Feature"
  },
  {
   "geometry": {
    "coordinates": [
     120.7324,
     24.2915
    ],
    "type": "Point"
   },
   "properties": {
    "bearing": null,
    "city": "臺中市",
    "description": "臺中市后里區后科路一段(友達公司3號保全崗旁)",
    "id": "eb90e4f7f0cb",
    "last_seen": "2026-08-11",
    "section_id": null,
    "section_role": null,
    "source": "gov.tw:7320",
    "speed_limit": 50,
    "type": "fixed"
   },
   "type": "Feature"
  },
  {
   "geometry": {
    "coordinates": [
     121.31011,
     24.989588
    ],
    "type": "Point"
   },
   "properties": {
    "bearing": null,
    "city": "桃園市",
    "description": "復興路與民族路口",
    "id": "ebbc34b0c9bc",
    "last_seen": "2026-08-11",
    "section_id": null,
    "section_role": null,
    "source": "gov.tw:7320",
    "speed_limit": 50,
    "type": "fixed"
   },
   "type": "Feature"
  },
  {
   "geometry": {
    "coordinates": [
     120.26064,
     23.027317
    ],
    "type": "Point"
   },
   "properties": {
    "bearing": 0.0,
    "city": "臺南市",
    "description": "永大路與中山北路路口",
    "id": "ebe5c4c2e9d8",
    "last_seen": "2026-08-11",
    "section_id": null,
    "section_role": null,
    "source": "gov.tw:7320",
    "speed_limit": 50,
    "type": "fixed"
   },
   "type": "Feature"
  },
  {
   "geometry": {
    "coordinates": [
     120.689186,
     24.376858
    ],
    "type": "Point"
   },
   "properties": {
    "bearing": 270.0,
    "city": "苗栗縣",
    "description": "縣道140線8.6公里處",
    "id": "ebfa44dfa3c6",
    "last_seen": "2026-08-11",
    "section_id": null,
    "section_role": null,
    "source": "gov.tw:7320",
    "speed_limit": 60,
    "type": "fixed"
   },
   "type": "Feature"
  },
  {
   "geometry": {
    "coordinates": [
     119.58235,
     23.569939
    ],
    "type": "Point"
   },
   "properties": {
    "bearing": 270.0,
    "city": "澎湖縣",
    "description": "馬公市中華路與六合路岔路口(兼闖紅燈)",
    "id": "ec165aa0a1bc",
    "last_seen": "2026-08-11",
    "section_id": null,
    "section_role": null,
    "source": "gov.tw:7320",
    "speed_limit": 50,
    "type": "fixed"
   },
   "type": "Feature"
  },
  {
   "geometry": {
    "coordinates": [
     121.70352,
     24.936045
    ],
    "type": "Point"
   },
   "properties": {
    "bearing": null,
    "city": "新北市",
    "description": "台9線33.3K至37.2K（雙向）",
    "id": "ec9578b1a260",
    "last_seen": "2026-08-11",
    "section_id": null,
    "section_role": null,
    "source": "gov.tw:7320",
    "speed_limit": 40,
    "type": "fixed"
   },
   "type": "Feature"
  },
  {
   "geometry": {
    "coordinates": [
     120.2927,
     22.290691
    ],
    "type": "Point"
   },
   "properties": {
    "bearing": null,
    "city": "屏東縣",
    "description": "187乙線17.33K",
    "id": "ec9d736061bd",
    "last_seen": "2026-08-11",
    "section_id": null,
    "section_role": null,
    "source": "gov.tw:7320",
    "speed_limit": 40,
    "type": "fixed"
   },
   "type": "Feature"
  },
  {
   "geometry": {
    "coordinates": [
     120.43045,
     22.775007
    ],
    "type": "Point"
   },
   "properties": {
    "bearing": null,
    "city": "高雄市",
    "description": "大樹區台22線14K處",
    "id": "ecb575c9cb91",
    "last_seen": "2026-08-11",
    "section_id": null,
    "section_role": null,
    "source": "gov.tw:7320",
    "speed_limit": 50,
    "type": "fixed"
   },
   "type": "Feature"
  },
  {
   "geometry": {
    "coordinates": [
     121.22454,
     24.959152
    ],
    "type": "Point"
   },
   "properties": {
    "bearing": null,
    "city": "桃園市",
    "description": "延平路368號對面",
    "id": "ecb637e4bb47",
    "last_seen": "2026-08-11",
    "section_id": null,
    "section_role": null,
    "source": "gov.tw:7320",
    "speed_limit": 50,
    "type": "fixed"
   },
   "type": "Feature"
  },
  {
   "geometry": {
    "coordinates": [
     120.66809,
     24.23644
    ],
    "type": "Point"
   },
   "properties": {
    "bearing": 180.0,
    "city": "臺中市",
    "description": "民生路四段55號",
    "id": "ecd85bb1fbe9",
    "last_seen": "2026-08-11",
    "section_id": null,
    "section_role": null,
    "source": "gov.tw:7320",
    "speed_limit": 60,
    "type": "fixed"
   },
   "type": "Feature"
  },
  {
   "geometry": {
    "coordinates": [
     120.71065,
     24.176659
    ],
    "type": "Point"
   },
   "properties": {
    "bearing": 180.0,
    "city": "臺中市",
    "description": "北屯區旱溪東路三段51號前",
    "id": "ecdc16efbe85",
    "last_seen": "2026-08-11",
    "section_id": null,
    "section_role": null,
    "source": "gov.tw:7320",
    "speed_limit": 50,
    "type": "fixed"
   },
   "type": "Feature"
  },
  {
   "geometry": {
    "coordinates": [
     121.49126,
     24.994034
    ],
    "type": "Point"
   },
   "properties": {
    "bearing": null,
    "city": "新北市",
    "description": "台64線快速公路25.2k至28.2k（雙向）",
    "id": "ece040042ee9",
    "last_seen": "2026-08-11",
    "section_id": null,
    "section_role": null,
    "source": "gov.tw:7320",
    "speed_limit": 70,
    "type": "fixed"
   },
   "type": "Feature"
  },
  {
   "geometry": {
    "coordinates": [
     120.43808,
     23.866404
    ],
    "type": "Point"
   },
   "properties": {
    "bearing": null,
    "city": "彰化縣",
    "description": "竹塘鄉中央路2段大湖路口",
    "id": "ecf420d166d3",
    "last_seen": "2026-08-11",
    "section_id": null,
    "section_role": null,
    "source": "gov.tw:7320",
    "speed_limit": 70,
    "type": "fixed"
   },
   "type": "Feature"
  },
  {
   "geometry": {
    "coordinates": [
     121.71639,
     24.732752
    ],
    "type": "Point"
   },
   "properties": {
    "bearing": null,
    "city": "宜蘭縣",
    "description": "台7線115k+865m八甲段西向",
    "id": "ed09f8fff033",
    "last_seen": "2026-08-11",
    "section_id": null,
    "section_role": null,
    "source": "gov.tw:7320",
    "speed_limit": 60,
    "type": "fixed"
   },
   "type": "Feature"
  },
  {
   "geometry": {
    "coordinates": [
     120.5376,
     22.780933
    ],
    "type": "Point"
   },
   "properties": {
    "bearing": 270.0,
    "city": "屏東縣",
    "description": "高樹大橋里港端下橋處",
    "id": "ed4381654bd9",
    "last_seen": "2026-08-11",
    "section_id": null,
    "section_role": null,
    "source": "gov.tw:7320",
    "speed_limit": 50,
    "type": "fixed"
   },
   "type": "Feature"
  },
  {
   "geometry": {
    "coordinates": [
     121.375786,
     25.073011
    ],
    "type": "Point"
   },
   "properties": {
    "bearing": 225.0,
    "city": "新北市",
    "description": "文化一路1段與麗園一街口（往龜山）",
    "id": "ed6bc0d48c76",
    "last_seen": "2026-08-11",
    "section_id": null,
    "section_role": null,
    "source": "gov.tw:7320",
    "speed_limit": 60,
    "type": "fixed"
   },
   "type": "Feature"
  },
  {
   "geometry": {
    "coordinates": [
     120.56591,
     24.320395
    ],
    "type": "Point"
   },
   "properties": {
    "bearing": 180.0,
    "city": "臺中市",
    "description": "港埠路三段與中社路口(港埠路上、P171)",
    "id": "ed76a7bfd78d",
    "last_seen": "2026-08-11",
    "section_id": null,
    "section_role": null,
    "source": "gov.tw:7320",
    "speed_limit": 60,
    "type": "fixed"
   },
   "type": "Feature"
  },
  {
   "geometry": {
    "coordinates": [
     121.48877,
     25.059223
    ],
    "type": "Point"
   },
   "properties": {
    "bearing": 315.0,
    "city": "新北市",
    "description": "中山高架橋上（往新莊）",
    "id": "eda8c6c0fb25",
    "last_seen": "2026-08-11",
    "section_id": null,
    "section_role": null,
    "source": "gov.tw:7320",
    "speed_limit": 50,
    "type": "fixed"
   },
   "type": "Feature"
  },
  {
   "geometry": {
    "coordinates": [
     120.320786,
     23.684612
    ],
    "type": "Point"
   },
   "properties": {
    "bearing": null,
    "city": "雲林縣",
    "description": "元長鄉台19線56k+190m(信吉加油站旁)",
    "id": "edae1b9102bd",
    "last_seen": "2026-08-11",
    "section_id": null,
    "section_role": null,
    "source": "gov.tw:7320",
    "speed_limit": 70,
    "type": "fixed"
   },
   "type": "Feature"
  },
  {
   "geometry": {
    "coordinates": [
     121.49324,
     23.845201
    ],
    "type": "Point"
   },
   "properties": {
    "bearing": null,
    "city": "花蓮縣",
    "description": "臺9線211.57K",
    "id": "edbae2ea2dce",
    "last_seen": "2026-08-11",
    "section_id": null,
    "section_role": null,
    "source": "gov.tw:7320",
    "speed_limit": 50,
    "type": "fixed"
   },
   "type": "Feature"
  },
  {
   "geometry": {
    "coordinates": [
     120.40996,
     23.755796
    ],
    "type": "Point"
   },
   "properties": {
    "bearing": null,
    "city": "雲林縣",
    "description": "二崙鄉156甲縣道0k+700m處",
    "id": "edc5712aa9f9",
    "last_seen": "2026-08-11",
    "section_id": null,
    "section_role": null,
    "source": "gov.tw:7320",
    "speed_limit": 50,
    "type": "fixed"
   },
   "type": "Feature"
  },
  {
   "geometry": {
    "coordinates": [
     120.30732,
     23.214054
    ],
    "type": "Point"
   },
   "properties": {
    "bearing": 0.0,
    "city": "臺南市",
    "description": "臺1線302公里",
    "id": "ede6451ebeaa",
    "last_seen": "2026-08-11",
    "section_id": null,
    "section_role": null,
    "source": "gov.tw:7320",
    "speed_limit": 50,
    "type": "fixed"
   },
   "type": "Feature"
  },
  {
   "geometry": {
    "coordinates": [
     121.7247,
     24.266958
    ],
    "type": "Point"
   },
   "properties": {
    "bearing": null,
    "city": "花蓮縣",
    "description": "蘇花改中仁隧道",
    "id": "ede840f1835d",
    "last_seen": "2026-08-11",
    "section_id": null,
    "section_role": null,
    "source": "gov.tw:7320",
    "speed_limit": 70,
    "type": "fixed"
   },
   "type": "Feature"
  },
  {
   "geometry": {
    "coordinates": [
     121.21008,
     25.059599
    ],
    "type": "Point"
   },
   "properties": {
    "bearing": null,
    "city": "桃園市",
    "description": "中正東路與橫湳路口",
    "id": "edfae75b609e",
    "last_seen": "2026-08-11",
    "section_id": null,
    "section_role": null,
    "source": "gov.tw:7320",
    "speed_limit": 50,
    "type": "fixed"
   },
   "type": "Feature"
  },
  {
   "geometry": {
    "coordinates": [
     118.31844,
     24.417084
    ],
    "type": "Point"
   },
   "properties": {
    "bearing": null,
    "city": "金門縣",
    "description": "金城鎮環島西路一段(賢庵國小路段)",
    "id": "ee33ee396476",
    "last_seen": "2026-08-11",
    "section_id": null,
    "section_role": null,
    "source": "gov.tw:7320",
    "speed_limit": 50,
    "type": "fixed"
   },
   "type": "Feature"
  },
  {
   "geometry": {
    "coordinates": [
     121.373344,
     24.90294
    ],
    "type": "Point"
   },
   "properties": {
    "bearing": 135.0,
    "city": "新北市",
    "description": "添福路107之15號旁（往插角）",
    "id": "ee57023cc42d",
    "last_seen": "2026-08-11",
    "section_id": null,
    "section_role": null,
    "source": "gov.tw:7320",
    "speed_limit": 40,
    "type": "fixed"
   },
   "type": "Feature"
  },
  {
   "geometry": {
    "coordinates": [
     120.69316,
     24.10492
    ],
    "type": "Point"
   },
   "properties": {
    "bearing": 180.0,
    "city": "臺中市",
    "description": "大里區大峰路與中山路口",
    "id": "eebe175f51cd",
    "last_seen": "2026-08-11",
    "section_id": null,
    "section_role": null,
    "source": "gov.tw:7320",
    "speed_limit": 60,
    "type": "fixed"
   },
   "type": "Feature"
  },
  {
   "geometry": {
    "coordinates": [
     120.97796,
     24.823582
    ],
    "type": "Point"
   },
   "properties": {
    "bearing": 180.0,
    "city": "新竹市",
    "description": "湳雅街367號",
    "id": "eee0d72fa156",
    "last_seen": "2026-08-11",
    "section_id": null,
    "section_role": null,
    "source": "gov.tw:7320",
    "speed_limit": 30,
    "type": "fixed"
   },
   "type": "Feature"
  },
  {
   "geometry": {
    "coordinates": [
     120.57916,
     24.176645
    ],
    "type": "Point"
   },
   "properties": {
    "bearing": 270.0,
    "city": "臺中市",
    "description": "龍井區向上路六段(中136線10.2K)",
    "id": "eee540cd1b19",
    "last_seen": "2026-08-11",
    "section_id": null,
    "section_role": null,
    "source": "gov.tw:7320",
    "speed_limit": 60,
    "type": "fixed"
   },
   "type": "Feature"
  },
  {
   "geometry": {
    "coordinates": [
     120.34452,
     22.569653
    ],
    "type": "Point"
   },
   "properties": {
    "bearing": 270.0,
    "city": "高雄市",
    "description": "中山四路/大業北路以南60公尺處（高雄公園前））",
    "id": "eefa38848ec0",
    "last_seen": "2026-08-11",
    "section_id": null,
    "section_role": null,
    "source": "gov.tw:7320",
    "speed_limit": 60,
    "type": "fixed"
   },
   "type": "Feature"
  },
  {
   "geometry": {
    "coordinates": [
     121.54944,
     24.922884
    ],
    "type": "Point"
   },
   "properties": {
    "bearing": 180.0,
    "city": "新北市",
    "description": "台9甲線新烏路2段與屈尺路（往烏來）",
    "id": "ef13259cb547",
    "last_seen": "2026-08-11",
    "section_id": null,
    "section_role": null,
    "source": "gov.tw:7320",
    "speed_limit": 50,
    "type": "fixed"
   },
   "type": "Feature"
  },
  {
   "geometry": {
    "coordinates": [
     120.212296,
     22.980795
    ],
    "type": "Point"
   },
   "properties": {
    "bearing": 270.0,
    "city": "臺南市",
    "description": "林森路-大同路口",
    "id": "ef210a482abd",
    "last_seen": "2026-08-11",
    "section_id": null,
    "section_role": null,
    "source": "gov.tw:7320",
    "speed_limit": 50,
    "type": "fixed"
   },
   "type": "Feature"
  },
  {
   "geometry": {
    "coordinates": [
     120.98553,
     24.814775
    ],
    "type": "Point"
   },
   "properties": {
    "bearing": 270.0,
    "city": "新竹市",
    "description": "公道五路三段、經國路一段口",
    "id": "ef29b7db428e",
    "last_seen": "2026-08-11",
    "section_id": null,
    "section_role": null,
    "source": "gov.tw:7320",
    "speed_limit": 50,
    "type": "fixed"
   },
   "type": "Feature"
  },
  {
   "geometry": {
    "coordinates": [
     120.36052,
     22.703672
    ],
    "type": "Point"
   },
   "properties": {
    "bearing": 270.0,
    "city": "高雄市",
    "description": "水管路與澄觀路口",
    "id": "ef318d1bc52e",
    "last_seen": "2026-08-11",
    "section_id": null,
    "section_role": null,
    "source": "gov.tw:7320",
    "speed_limit": 60,
    "type": "fixed"
   },
   "type": "Feature"
  },
  {
   "geometry": {
    "coordinates": [
     120.95915,
     24.74368
    ],
    "type": "Point"
   },
   "properties": {
    "bearing": 180.0,
    "city": "新竹縣",
    "description": "竹47-1線4.1公里",
    "id": "ef4ef93f688d",
    "last_seen": "2026-08-11",
    "section_id": null,
    "section_role": null,
    "source": "gov.tw:7320",
    "speed_limit": 50,
    "type": "fixed"
   },
   "type": "Feature"
  },
  {
   "geometry": {
    "coordinates": [
     121.52277,
     25.054731
    ],
    "type": "Point"
   },
   "properties": {
    "bearing": 180.0,
    "city": "臺北市",
    "description": "建國北路農安街口",
    "id": "ef6d6d6113e1",
    "last_seen": "2026-08-11",
    "section_id": null,
    "section_role": null,
    "source": "gov.tw:7320",
    "speed_limit": 50,
    "type": "fixed"
   },
   "type": "Feature"
  },
  {
   "geometry": {
    "coordinates": [
     120.220314,
     23.727283
    ],
    "type": "Point"
   },
   "properties": {
    "bearing": 0.0,
    "city": "雲林縣",
    "description": "臺西鄉台61線快速道路226K+850m",
    "id": "efd51eb0812f",
    "last_seen": "2026-08-11",
    "section_id": null,
    "section_role": null,
    "source": "gov.tw:7320",
    "speed_limit": 90,
    "type": "fixed"
   },
   "type": "Feature"
  },
  {
   "geometry": {
    "coordinates": [
     120.47077,
     23.789797
    ],
    "type": "Point"
   },
   "properties": {
    "bearing": 0.0,
    "city": "雲林縣",
    "description": "西螺鎮台1線公路與振興路口",
    "id": "f007a9f8b1a7",
    "last_seen": "2026-08-11",
    "section_id": null,
    "section_role": null,
    "source": "gov.tw:7320",
    "speed_limit": 50,
    "type": "fixed"
   },
   "type": "Feature"
  },
  {
   "geometry": {
    "coordinates": [
     120.31559,
     22.56438
    ],
    "type": "Point"
   },
   "properties": {
    "bearing": 0.0,
    "city": "高雄市",
    "description": "過港隧道北孔（前鎮往旗津方向）汽車道850M處",
    "id": "f027c7522c42",
    "last_seen": "2026-08-11",
    "section_id": null,
    "section_role": null,
    "source": "gov.tw:7320",
    "speed_limit": 60,
    "type": "fixed"
   },
   "type": "Feature"
  },
  {
   "geometry": {
    "coordinates": [
     121.21768,
     25.105474
    ],
    "type": "Point"
   },
   "properties": {
    "bearing": null,
    "city": "桃園市",
    "description": "西濱路與中央北路",
    "id": "f059e93b730a",
    "last_seen": "2026-08-11",
    "section_id": null,
    "section_role": null,
    "source": "gov.tw:7320",
    "speed_limit": 50,
    "type": "fixed"
   },
   "type": "Feature"
  },
  {
   "geometry": {
    "coordinates": [
     120.92972,
     24.788622
    ],
    "type": "Point"
   },
   "properties": {
    "bearing": 0.0,
    "city": "新竹市",
    "description": "中華路四段、牛埔南路口",
    "id": "f05acc8c26a5",
    "last_seen": "2026-08-11",
    "section_id": null,
    "section_role": null,
    "source": "gov.tw:7320",
    "speed_limit": 60,
    "type": "fixed"
   },
   "type": "Feature"
  },
  {
   "geometry": {
    "coordinates": [
     120.99061,
     24.817444
    ],
    "type": "Point"
   },
   "properties": {
    "bearing": 180.0,
    "city": "新竹市",
    "description": "溪埔路、經國路一段156巷50弄口",
    "id": "f08e4e299932",
    "last_seen": "2026-08-11",
    "section_id": null,
    "section_role": null,
    "source": "gov.tw:7320",
    "speed_limit": 50,
    "type": "fixed"
   },
   "type": "Feature"
  },
  {
   "geometry": {
    "coordinates": [
     121.22769,
     25.013674
    ],
    "type": "Point"
   },
   "properties": {
    "bearing": 0.0,
    "city": "桃園市",
    "description": "中正東路三段與青昇路",
    "id": "f09cf6659511",
    "last_seen": "2026-08-11",
    "section_id": null,
    "section_role": null,
    "source": "gov.tw:7320",
    "speed_limit": 50,
    "type": "fixed"
   },
   "type": "Feature"
  },
  {
   "geometry": {
    "coordinates": [
     121.737564,
     25.1053
    ],
    "type": "Point"
   },
   "properties": {
    "bearing": 270.0,
    "city": "基隆市",
    "description": "過港路、寧靜街口",
    "id": "f0acb6ebe4a0",
    "last_seen": "2026-08-11",
    "section_id": null,
    "section_role": null,
    "source": "gov.tw:7320",
    "speed_limit": 50,
    "type": "fixed"
   },
   "type": "Feature"
  },
  {
   "geometry": {
    "coordinates": [
     121.28121,
     24.925838
    ],
    "type": "Point"
   },
   "properties": {
    "bearing": null,
    "city": "桃園市",
    "description": "建德路92號前(建德路與豐德路口)",
    "id": "f0c717d081af",
    "last_seen": "2026-08-11",
    "section_id": null,
    "section_role": null,
    "source": "gov.tw:7320",
    "speed_limit": 50,
    "type": "fixed"
   },
   "type": "Feature"
  },
  {
   "geometry": {
    "coordinates": [
     120.476776,
     23.504309
    ],
    "type": "Point"
   },
   "properties": {
    "bearing": 270.0,
    "city": "嘉義市",
    "description": "東義路653號前",
    "id": "f11f35f051be",
    "last_seen": "2026-08-11",
    "section_id": null,
    "section_role": null,
    "source": "gov.tw:7320",
    "speed_limit": 50,
    "type": "fixed"
   },
   "type": "Feature"
  },
  {
   "geometry": {
    "coordinates": [
     121.9491,
     25.017994
    ],
    "type": "Point"
   },
   "properties": {
    "bearing": 270.0,
    "city": "新北市",
    "description": "東興街42號前（往瑞芳）",
    "id": "f155791f9e67",
    "last_seen": "2026-08-11",
    "section_id": null,
    "section_role": null,
    "source": "gov.tw:7320",
    "speed_limit": 50,
    "type": "fixed"
   },
   "type": "Feature"
  },
  {
   "geometry": {
    "coordinates": [
     120.39946,
     22.77223
    ],
    "type": "Point"
   },
   "properties": {
    "bearing": 90.0,
    "city": "高雄市",
    "description": "燕巢區深中路（台22線）國立高雄科學大學燕巢校區前",
    "id": "f18a80ab93b8",
    "last_seen": "2026-08-11",
    "section_id": null,
    "section_role": null,
    "source": "gov.tw:7320",
    "speed_limit": 50,
    "type": "fixed"
   },
   "type": "Feature"
  },
  {
   "geometry": {
    "coordinates": [
     120.552185,
     22.626007
    ],
    "type": "Point"
   },
   "properties": {
    "bearing": null,
    "city": "屏東縣",
    "description": "台1線405.4K內埔豐田段",
    "id": "f18b1e3dc5a5",
    "last_seen": "2026-08-11",
    "section_id": null,
    "section_role": null,
    "source": "gov.tw:7320",
    "speed_limit": 70,
    "type": "fixed"
   },
   "type": "Feature"
  },
  {
   "geometry": {
    "coordinates": [
     121.014,
     24.775927
    ],
    "type": "Point"
   },
   "properties": {
    "bearing": 90.0,
    "city": "新竹市",
    "description": "新竹科學園區.園區一路近園區三路口",
    "id": "f19cbe04a678",
    "last_seen": "2026-08-11",
    "section_id": null,
    "section_role": null,
    "source": "gov.tw:7320",
    "speed_limit": 50,
    "type": "fixed"
   },
   "type": "Feature"
  },
  {
   "geometry": {
    "coordinates": [
     120.77345,
     24.324047
    ],
    "type": "Point"
   },
   "properties": {
    "bearing": null,
    "city": "苗栗縣",
    "description": "縣道140線19.9公里處",
    "id": "f1cb71b7b1ff",
    "last_seen": "2026-08-11",
    "section_id": null,
    "section_role": null,
    "source": "gov.tw:7320",
    "speed_limit": 60,
    "type": "fixed"
   },
   "type": "Feature"
  },
  {
   "geometry": {
    "coordinates": [
     121.42318,
     25.15862
    ],
    "type": "Point"
   },
   "properties": {
    "bearing": 45.0,
    "city": "新北市",
    "description": "中華路1段與中山路口（往臺北）",
    "id": "f1f3bc3152cb",
    "last_seen": "2026-08-11",
    "section_id": null,
    "section_role": null,
    "source": "gov.tw:7320",
    "speed_limit": 50,
    "type": "fixed"
   },
   "type": "Feature"
  },
  {
   "geometry": {
    "coordinates": [
     121.211655,
     24.907726
    ],
    "type": "Point"
   },
   "properties": {
    "bearing": null,
    "city": "桃園市",
    "description": "中豐路南勢二段與三興路口",
    "id": "f223e5877bb4",
    "last_seen": "2026-08-11",
    "section_id": null,
    "section_role": null,
    "source": "gov.tw:7320",
    "speed_limit": 50,
    "type": "fixed"
   },
   "type": "Feature"
  },
  {
   "geometry": {
    "coordinates": [
     120.50823,
     23.691448
    ],
    "type": "Point"
   },
   "properties": {
    "bearing": 90.0,
    "city": "雲林縣",
    "description": "台1丁線公路與久安路口",
    "id": "f28b0b2311f4",
    "last_seen": "2026-08-11",
    "section_id": null,
    "section_role": null,
    "source": "gov.tw:7320",
    "speed_limit": 70,
    "type": "fixed"
   },
   "type": "Feature"
  },
  {
   "geometry": {
    "coordinates": [
     121.43468,
     25.158133
    ],
    "type": "Point"
   },
   "properties": {
    "bearing": 270.0,
    "city": "新北市",
    "description": "龍米路2段與渡船頭街口（往中山路）",
    "id": "f2af9181fab9",
    "last_seen": "2026-08-11",
    "section_id": null,
    "section_role": null,
    "source": "gov.tw:7320",
    "speed_limit": 50,
    "type": "fixed"
   },
   "type": "Feature"
  },
  {
   "geometry": {
    "coordinates": [
     119.52853,
     23.63683
    ],
    "type": "Point"
   },
   "properties": {
    "bearing": 90.0,
    "city": "澎湖縣",
    "description": "縣道203線合界段24.8K",
    "id": "f2b22f1eabe6",
    "last_seen": "2026-08-11",
    "section_id": null,
    "section_role": null,
    "source": "gov.tw:7320",
    "speed_limit": 70,
    "type": "fixed"
   },
   "type": "Feature"
  },
  {
   "geometry": {
    "coordinates": [
     120.315475,
     22.832905
    ],
    "type": "Point"
   },
   "properties": {
    "bearing": 180.0,
    "city": "高雄市",
    "description": "嘉峰路高鐵橋下",
    "id": "f2c881399d1e",
    "last_seen": "2026-08-11",
    "section_id": null,
    "section_role": null,
    "source": "gov.tw:7320",
    "speed_limit": 50,
    "type": "fixed"
   },
   "type": "Feature"
  },
  {
   "geometry": {
    "coordinates": [
     121.31319,
     24.957096
    ],
    "type": "Point"
   },
   "properties": {
    "bearing": null,
    "city": "桃園市",
    "description": "和平路552號旁",
    "id": "f302978c5f92",
    "last_seen": "2026-08-11",
    "section_id": null,
    "section_role": null,
    "source": "gov.tw:7320",
    "speed_limit": 40,
    "type": "fixed"
   },
   "type": "Feature"
  },
  {
   "geometry": {
    "coordinates": [
     121.77511,
     25.050533
    ],
    "type": "Point"
   },
   "properties": {
    "bearing": 135.0,
    "city": "新北市",
    "description": "台2丙線8.2公里處（往平溪）",
    "id": "f3230e86b7a0",
    "last_seen": "2026-08-11",
    "section_id": null,
    "section_role": null,
    "source": "gov.tw:7320",
    "speed_limit": 50,
    "type": "fixed"
   },
   "type": "Feature"
  },
  {
   "geometry": {
    "coordinates": [
     120.46519,
     24.04683
    ],
    "type": "Point"
   },
   "properties": {
    "bearing": null,
    "city": "彰化縣",
    "description": "福興鄉彰鹿路6段與彰鹿路6段314巷口",
    "id": "f337a905b25b",
    "last_seen": "2026-08-11",
    "section_id": null,
    "section_role": null,
    "source": "gov.tw:7320",
    "speed_limit": 60,
    "type": "fixed"
   },
   "type": "Feature"
  },
  {
   "geometry": {
    "coordinates": [
     121.50749,
     25.040014
    ],
    "type": "Point"
   },
   "properties": {
    "bearing": 180.0,
    "city": "臺北市",
    "description": "中華路1段406號廣場前",
    "id": "f35a26635dd6",
    "last_seen": "2026-08-11",
    "section_id": null,
    "section_role": null,
    "source": "gov.tw:7320",
    "speed_limit": 50,
    "type": "fixed"
   },
   "type": "Feature"
  },
  {
   "geometry": {
    "coordinates": [
     120.27692,
     22.723606
    ],
    "type": "Point"
   },
   "properties": {
    "bearing": 180.0,
    "city": "高雄市",
    "description": "德中路與大學二十九路口(向南)",
    "id": "f3ab02ad17fc",
    "last_seen": "2026-08-11",
    "section_id": null,
    "section_role": null,
    "source": "gov.tw:7320",
    "speed_limit": 60,
    "type": "fixed"
   },
   "type": "Feature"
  },
  {
   "geometry": {
    "coordinates": [
     120.654915,
     23.80027
    ],
    "type": "Point"
   },
   "properties": {
    "bearing": 90.0,
    "city": "彰化縣",
    "description": "二水鄉員集路1段與水森路口",
    "id": "f3c738b2310a",
    "last_seen": "2026-08-11",
    "section_id": null,
    "section_role": null,
    "source": "gov.tw:7320",
    "speed_limit": 50,
    "type": "fixed"
   },
   "type": "Feature"
  },
  {
   "geometry": {
    "coordinates": [
     120.69441,
     24.156155
    ],
    "type": "Point"
   },
   "properties": {
    "bearing": 180.0,
    "city": "臺中市",
    "description": "北區進化路與興進路口",
    "id": "f3d42c020d4e",
    "last_seen": "2026-08-11",
    "section_id": null,
    "section_role": null,
    "source": "gov.tw:7320",
    "speed_limit": 50,
    "type": "fixed"
   },
   "type": "Feature"
  },
  {
   "geometry": {
    "coordinates": [
     120.64392,
     24.191656
    ],
    "type": "Point"
   },
   "properties": {
    "bearing": 270.0,
    "city": "臺中市",
    "description": "西屯區黎明路三段與僑大五路口",
    "id": "f3eff47afd24",
    "last_seen": "2026-08-11",
    "section_id": null,
    "section_role": null,
    "source": "gov.tw:7320",
    "speed_limit": 50,
    "type": "fixed"
   },
   "type": "Feature"
  },
  {
   "geometry": {
    "coordinates": [
     121.24745,
     24.825394
    ],
    "type": "Point"
   },
   "properties": {
    "bearing": null,
    "city": "桃園市",
    "description": "上坪1-2號前",
    "id": "f41515c4ef00",
    "last_seen": "2026-08-11",
    "section_id": null,
    "section_role": null,
    "source": "gov.tw:7320",
    "speed_limit": 60,
    "type": "fixed"
   },
   "type": "Feature"
  },
  {
   "geometry": {
    "coordinates": [
     120.310776,
     23.09386
    ],
    "type": "Point"
   },
   "properties": {
    "bearing": null,
    "city": "臺南市",
    "description": "臺1線317.7公里",
    "id": "f41cad809370",
    "last_seen": "2026-08-11",
    "section_id": null,
    "section_role": null,
    "source": "gov.tw:7320",
    "speed_limit": 70,
    "type": "fixed"
   },
   "type": "Feature"
  },
  {
   "geometry": {
    "coordinates": [
     121.44222,
     25.050745
    ],
    "type": "Point"
   },
   "properties": {
    "bearing": 0.0,
    "city": "新北市",
    "description": "台65線快速公路1.8公里（往板橋）",
    "id": "f486d18114b0",
    "last_seen": "2026-08-11",
    "section_id": null,
    "section_role": null,
    "source": "gov.tw:7320",
    "speed_limit": 80,
    "type": "fixed"
   },
   "type": "Feature"
  },
  {
   "geometry": {
    "coordinates": [
     120.45609,
     23.606342
    ],
    "type": "Point"
   },
   "properties": {
    "bearing": null,
    "city": "嘉義縣",
    "description": "大林鎮台1線與中山路口",
    "id": "f49aabbcf13d",
    "last_seen": "2026-08-11",
    "section_id": null,
    "section_role": null,
    "source": "gov.tw:7320",
    "speed_limit": 50,
    "type": "fixed"
   },
   "type": "Feature"
  },
  {
   "geometry": {
    "coordinates": [
     121.64774,
     24.950348
    ],
    "type": "Point"
   },
   "properties": {
    "bearing": 135.0,
    "city": "新北市",
    "description": "台9線26.2公里（往坪林或新店）",
    "id": "f508f7487ca9",
    "last_seen": "2026-08-11",
    "section_id": null,
    "section_role": null,
    "source": "gov.tw:7320",
    "speed_limit": 40,
    "type": "fixed"
   },
   "type": "Feature"
  },
  {
   "geometry": {
    "coordinates": [
     120.549644,
     22.88204
    ],
    "type": "Point"
   },
   "properties": {
    "bearing": 270.0,
    "city": "高雄市",
    "description": "美濃區台28線(中興路一段)37K+412",
    "id": "f51755f08ff8",
    "last_seen": "2026-08-11",
    "section_id": null,
    "section_role": null,
    "source": "gov.tw:7320",
    "speed_limit": 50,
    "type": "fixed"
   },
   "type": "Feature"
  },
  {
   "geometry": {
    "coordinates": [
     118.23465,
     24.420683
    ],
    "type": "Point"
   },
   "properties": {
    "bearing": null,
    "city": "金門縣",
    "description": "烈嶼鄉八青路(楊厝段路燈編50385)",
    "id": "f51f7e279ea0",
    "last_seen": "2026-08-11",
    "section_id": null,
    "section_role": null,
    "source": "gov.tw:7320",
    "speed_limit": 60,
    "type": "fixed"
   },
   "type": "Feature"
  },
  {
   "geometry": {
    "coordinates": [
     121.72644,
     25.116156
    ],
    "type": "Point"
   },
   "properties": {
    "bearing": 270.0,
    "city": "基隆市",
    "description": "麥金路12號前",
    "id": "f5416f6c764e",
    "last_seen": "2026-08-11",
    "section_id": null,
    "section_role": null,
    "source": "gov.tw:7320",
    "speed_limit": 50,
    "type": "fixed"
   },
   "type": "Feature"
  },
  {
   "geometry": {
    "coordinates": [
     120.324425,
     23.708206
    ],
    "type": "Point"
   },
   "properties": {
    "bearing": null,
    "city": "雲林縣",
    "description": "褒忠鄉台19線公路53k+500m處",
    "id": "f584d80f503f",
    "last_seen": "2026-08-11",
    "section_id": null,
    "section_role": null,
    "source": "gov.tw:7320",
    "speed_limit": 70,
    "type": "fixed"
   },
   "type": "Feature"
  },
  {
   "geometry": {
    "coordinates": [
     121.84053,
     24.59536
    ],
    "type": "Point"
   },
   "properties": {
    "bearing": null,
    "city": "宜蘭縣",
    "description": "台9線103k+562m南下",
    "id": "f5a7ffb7f29c",
    "last_seen": "2026-08-11",
    "section_id": null,
    "section_role": null,
    "source": "gov.tw:7320",
    "speed_limit": 50,
    "type": "fixed"
   },
   "type": "Feature"
  },
  {
   "geometry": {
    "coordinates": [
     121.92609,
     24.970085
    ],
    "type": "Point"
   },
   "properties": {
    "bearing": null,
    "city": "宜蘭縣",
    "description": "台2線118k+49m大里段南下",
    "id": "f6240e2c73e5",
    "last_seen": "2026-08-11",
    "section_id": null,
    "section_role": null,
    "source": "gov.tw:7320",
    "speed_limit": 50,
    "type": "fixed"
   },
   "type": "Feature"
  },
  {
   "geometry": {
    "coordinates": [
     120.2994,
     23.583763
    ],
    "type": "Point"
   },
   "properties": {
    "bearing": 180.0,
    "city": "雲林縣",
    "description": "北港鎮台19線公路與145線道路口(北辰派出所前)",
    "id": "f6249eb300fc",
    "last_seen": "2026-08-11",
    "section_id": null,
    "section_role": null,
    "source": "gov.tw:7320",
    "speed_limit": 50,
    "type": "fixed"
   },
   "type": "Feature"
  },
  {
   "geometry": {
    "coordinates": [
     121.12517,
     24.972265
    ],
    "type": "Point"
   },
   "properties": {
    "bearing": null,
    "city": "桃園市",
    "description": "中山東路一段458號前",
    "id": "f63eaf055613",
    "last_seen": "2026-08-11",
    "section_id": null,
    "section_role": null,
    "source": "gov.tw:7320",
    "speed_limit": 50,
    "type": "fixed"
   },
   "type": "Feature"
  },
  {
   "geometry": {
    "coordinates": [
     121.46587,
     25.130178
    ],
    "type": "Point"
   },
   "properties": {
    "bearing": null,
    "city": "臺北市",
    "description": "學園路臺北藝術大學門口",
    "id": "f64993769ad5",
    "last_seen": "2026-08-11",
    "section_id": null,
    "section_role": null,
    "source": "gov.tw:7320",
    "speed_limit": 40,
    "type": "fixed"
   },
   "type": "Feature"
  },
  {
   "geometry": {
    "coordinates": [
     120.44821,
     22.674007
    ],
    "type": "Point"
   },
   "properties": {
    "bearing": null,
    "city": "屏東縣",
    "description": "堤防路段",
    "id": "f6804885711e",
    "last_seen": "2026-08-11",
    "section_id": null,
    "section_role": null,
    "source": "gov.tw:7320",
    "speed_limit": 60,
    "type": "fixed"
   },
   "type": "Feature"
  },
  {
   "geometry": {
    "coordinates": [
     121.07848,
     24.72385
    ],
    "type": "Point"
   },
   "properties": {
    "bearing": 0.0,
    "city": "新竹縣",
    "description": "中豐路三段老爺山莊路口",
    "id": "f69a0727044a",
    "last_seen": "2026-08-11",
    "section_id": null,
    "section_role": null,
    "source": "gov.tw:7320",
    "speed_limit": 50,
    "type": "fixed"
   },
   "type": "Feature"
  },
  {
   "geometry": {
    "coordinates": [
     120.89102,
     24.674002
    ],
    "type": "Point"
   },
   "properties": {
    "bearing": 0.0,
    "city": "苗栗縣",
    "description": "中華路440號處",
    "id": "f6e43454881c",
    "last_seen": "2026-08-11",
    "section_id": null,
    "section_role": null,
    "source": "gov.tw:7320",
    "speed_limit": 60,
    "type": "fixed"
   },
   "type": "Feature"
  },
  {
   "geometry": {
    "coordinates": [
     120.21203,
     23.013504
    ],
    "type": "Point"
   },
   "properties": {
    "bearing": 180.0,
    "city": "臺南市",
    "description": "公園路-長榮路口",
    "id": "f707c65e580c",
    "last_seen": "2026-08-11",
    "section_id": null,
    "section_role": null,
    "source": "gov.tw:7320",
    "speed_limit": 40,
    "type": "fixed"
   },
   "type": "Feature"
  },
  {
   "geometry": {
    "coordinates": [
     120.35929,
     22.573195
    ],
    "type": "Point"
   },
   "properties": {
    "bearing": 90.0,
    "city": "高雄市",
    "description": "小港區飛機路153號濟南里活動中心旁",
    "id": "f728e7f0129b",
    "last_seen": "2026-08-11",
    "section_id": null,
    "section_role": null,
    "source": "gov.tw:7320",
    "speed_limit": 40,
    "type": "fixed"
   },
   "type": "Feature"
  },
  {
   "geometry": {
    "coordinates": [
     120.673485,
     24.16649
    ],
    "type": "Point"
   },
   "properties": {
    "bearing": 0.0,
    "city": "臺中市",
    "description": "北區中清路一段447號前與漢口路3、4段",
    "id": "f74f51042559",
    "last_seen": "2026-08-11",
    "section_id": null,
    "section_role": null,
    "source": "gov.tw:7320",
    "speed_limit": 50,
    "type": "fixed"
   },
   "type": "Feature"
  },
  {
   "geometry": {
    "coordinates": [
     120.60922,
     24.138643
    ],
    "type": "Point"
   },
   "properties": {
    "bearing": 90.0,
    "city": "臺中市",
    "description": "南屯區永春南路148號前",
    "id": "f77fe7a40e1a",
    "last_seen": "2026-08-11",
    "section_id": null,
    "section_role": null,
    "source": "gov.tw:7320",
    "speed_limit": 50,
    "type": "fixed"
   },
   "type": "Feature"
  },
  {
   "geometry": {
    "coordinates": [
     121.87091,
     24.906073
    ],
    "type": "Point"
   },
   "properties": {
    "bearing": null,
    "city": "宜蘭縣",
    "description": "台2線128k+65m梗枋地磅站北上",
    "id": "f79e43afdf01",
    "last_seen": "2026-08-11",
    "section_id": null,
    "section_role": null,
    "source": "gov.tw:7320",
    "speed_limit": 60,
    "type": "fixed"
   },
   "type": "Feature"
  },
  {
   "geometry": {
    "coordinates": [
     121.53017,
     25.038351
    ],
    "type": "Point"
   },
   "properties": {
    "bearing": 270.0,
    "city": "臺北市",
    "description": "仁愛路2段61號前右車道臨沂街口",
    "id": "f80515f7489b",
    "last_seen": "2026-08-11",
    "section_id": null,
    "section_role": null,
    "source": "gov.tw:7320",
    "speed_limit": 50,
    "type": "fixed"
   },
   "type": "Feature"
  },
  {
   "geometry": {
    "coordinates": [
     121.2712,
     25.014542
    ],
    "type": "Point"
   },
   "properties": {
    "bearing": null,
    "city": "桃園市",
    "description": "大竹路109號",
    "id": "f8549f63209b",
    "last_seen": "2026-08-11",
    "section_id": null,
    "section_role": null,
    "source": "gov.tw:7320",
    "speed_limit": 50,
    "type": "fixed"
   },
   "type": "Feature"
  },
  {
   "geometry": {
    "coordinates": [
     121.494255,
     25.088356
    ],
    "type": "Point"
   },
   "properties": {
    "bearing": 315.0,
    "city": "新北市",
    "description": "環河北路3段166號前（往三重或蘆洲）",
    "id": "f8db832887fe",
    "last_seen": "2026-08-11",
    "section_id": null,
    "section_role": null,
    "source": "gov.tw:7320",
    "speed_limit": 50,
    "type": "fixed"
   },
   "type": "Feature"
  },
  {
   "geometry": {
    "coordinates": [
     120.3169,
     22.743444
    ],
    "type": "Point"
   },
   "properties": {
    "bearing": 180.0,
    "city": "高雄市",
    "description": "橋頭區成功南路與經武路口",
    "id": "f90fe8dd60b8",
    "last_seen": "2026-08-11",
    "section_id": null,
    "section_role": null,
    "source": "gov.tw:7320",
    "speed_limit": 60,
    "type": "fixed"
   },
   "type": "Feature"
  },
  {
   "geometry": {
    "coordinates": [
     121.234436,
     24.955116
    ],
    "type": "Point"
   },
   "properties": {
    "bearing": null,
    "city": "桃園市",
    "description": "中北路二段468號前(中山東路與中北路口)",
    "id": "f93757e904b8",
    "last_seen": "2026-08-11",
    "section_id": null,
    "section_role": null,
    "source": "gov.tw:7320",
    "speed_limit": 50,
    "type": "fixed"
   },
   "type": "Feature"
  },
  {
   "geometry": {
    "coordinates": [
     120.603455,
     23.718771
    ],
    "type": "Point"
   },
   "properties": {
    "bearing": 180.0,
    "city": "國道三號",
    "description": "國道三號南向262.1公里",
    "id": "f953875c0e0c",
    "last_seen": "2026-08-11",
    "section_id": null,
    "section_role": null,
    "source": "gov.tw:7320",
    "speed_limit": 110,
    "type": "fixed"
   },
   "type": "Feature"
  },
  {
   "geometry": {
    "coordinates": [
     121.25152,
     25.047396
    ],
    "type": "Point"
   },
   "properties": {
    "bearing": 180.0,
    "city": "桃園市",
    "description": "南青路607號(台31線3K+150)",
    "id": "f9590dcc7725",
    "last_seen": "2026-08-11",
    "section_id": null,
    "section_role": null,
    "source": "gov.tw:7320",
    "speed_limit": 60,
    "type": "fixed"
   },
   "type": "Feature"
  },
  {
   "geometry": {
    "coordinates": [
     120.57488,
     24.253681
    ],
    "type": "Point"
   },
   "properties": {
    "bearing": 90.0,
    "city": "臺中市",
    "description": "沙鹿區中清路七段(台10線5.5K)",
    "id": "f975b86c0194",
    "last_seen": "2026-08-11",
    "section_id": null,
    "section_role": null,
    "source": "gov.tw:7320",
    "speed_limit": 60,
    "type": "fixed"
   },
   "type": "Feature"
  },
  {
   "geometry": {
    "coordinates": [
     120.400185,
     23.310371
    ],
    "type": "Point"
   },
   "properties": {
    "bearing": null,
    "city": "臺南市",
    "description": "165線18.82公里",
    "id": "f9b9906057a2",
    "last_seen": "2026-08-11",
    "section_id": null,
    "section_role": null,
    "source": "gov.tw:7320",
    "speed_limit": 50,
    "type": "fixed"
   },
   "type": "Feature"
  },
  {
   "geometry": {
    "coordinates": [
     120.30621,
     22.684856
    ],
    "type": "Point"
   },
   "properties": {
    "bearing": 90.0,
    "city": "高雄市",
    "description": "大中高架道路華夏匝道口",
    "id": "fa151eb49bba",
    "last_seen": "2026-08-11",
    "section_id": null,
    "section_role": null,
    "source": "gov.tw:7320",
    "speed_limit": 60,
    "type": "fixed"
   },
   "type": "Feature"
  },
  {
   "geometry": {
    "coordinates": [
     120.32138,
     23.038275
    ],
    "type": "Point"
   },
   "properties": {
    "bearing": null,
    "city": "臺南市",
    "description": "臺19甲線與信義路路口",
    "id": "fa7f8a9d483d",
    "last_seen": "2026-08-11",
    "section_id": null,
    "section_role": null,
    "source": "gov.tw:7320",
    "speed_limit": 50,
    "type": "fixed"
   },
   "type": "Feature"
  },
  {
   "geometry": {
    "coordinates": [
     120.31293,
     22.721043
    ],
    "type": "Point"
   },
   "properties": {
    "bearing": 270.0,
    "city": "高雄市",
    "description": "楠梓區加昌路/瑞屏路",
    "id": "faaac3a540e3",
    "last_seen": "2026-08-11",
    "section_id": null,
    "section_role": null,
    "source": "gov.tw:7320",
    "speed_limit": 50,
    "type": "fixed"
   },
   "type": "Feature"
  },
  {
   "geometry": {
    "coordinates": [
     120.18961,
     23.052488
    ],
    "type": "Point"
   },
   "properties": {
    "bearing": null,
    "city": "臺南市",
    "description": "安吉路一段近本原街口",
    "id": "fab73e424cd8",
    "last_seen": "2026-08-11",
    "section_id": null,
    "section_role": null,
    "source": "gov.tw:7320",
    "speed_limit": 60,
    "type": "fixed"
   },
   "type": "Feature"
  },
  {
   "geometry": {
    "coordinates": [
     121.23196,
     24.996529
    ],
    "type": "Point"
   },
   "properties": {
    "bearing": null,
    "city": "桃園市",
    "description": "中園路二段346號前",
    "id": "fad3203823fb",
    "last_seen": "2026-08-11",
    "section_id": null,
    "section_role": null,
    "source": "gov.tw:7320",
    "speed_limit": 50,
    "type": "fixed"
   },
   "type": "Feature"
  },
  {
   "geometry": {
    "coordinates": [
     120.28986,
     23.104445
    ],
    "type": "Point"
   },
   "properties": {
    "bearing": 270.0,
    "city": "臺南市",
    "description": "西拉雅大道與大順六路口",
    "id": "faef2dd68b52",
    "last_seen": "2026-08-11",
    "section_id": null,
    "section_role": null,
    "source": "gov.tw:7320",
    "speed_limit": 60,
    "type": "fixed"
   },
   "type": "Feature"
  },
  {
   "geometry": {
    "coordinates": [
     121.36954,
     25.025007
    ],
    "type": "Point"
   },
   "properties": {
    "bearing": null,
    "city": "桃園市",
    "description": "振興路1051之1號前(振興路與西勢湖路口)",
    "id": "faff949863ad",
    "last_seen": "2026-08-11",
    "section_id": null,
    "section_role": null,
    "source": "gov.tw:7320",
    "speed_limit": 50,
    "type": "fixed"
   },
   "type": "Feature"
  },
  {
   "geometry": {
    "coordinates": [
     121.69441,
     25.116095
    ],
    "type": "Point"
   },
   "properties": {
    "bearing": 90.0,
    "city": "基隆市",
    "description": "萬瑞快速道路(台62線)3K+290(東行)",
    "id": "fb368c297aff",
    "last_seen": "2026-08-11",
    "section_id": null,
    "section_role": null,
    "source": "gov.tw:7320",
    "speed_limit": 80,
    "type": "fixed"
   },
   "type": "Feature"
  },
  {
   "geometry": {
    "coordinates": [
     121.41541,
     24.96446
    ],
    "type": "Point"
   },
   "properties": {
    "bearing": 45.0,
    "city": "新北市",
    "description": "擺接堡路與民權街（往板橋）",
    "id": "fb4e6d76980d",
    "last_seen": "2026-08-11",
    "section_id": null,
    "section_role": null,
    "source": "gov.tw:7320",
    "speed_limit": 50,
    "type": "fixed"
   },
   "type": "Feature"
  },
  {
   "geometry": {
    "coordinates": [
     121.26845,
     25.039837
    ],
    "type": "Point"
   },
   "properties": {
    "bearing": null,
    "city": "桃園市",
    "description": "富國路二段360號前",
    "id": "fb6344d09192",
    "last_seen": "2026-08-11",
    "section_id": null,
    "section_role": null,
    "source": "gov.tw:7320",
    "speed_limit": 50,
    "type": "fixed"
   },
   "type": "Feature"
  },
  {
   "geometry": {
    "coordinates": [
     121.04712,
     24.70351
    ],
    "type": "Point"
   },
   "properties": {
    "bearing": null,
    "city": "新竹縣",
    "description": "台3線82.2公里至84.3公里",
    "id": "fb85d938c5a9",
    "last_seen": "2026-08-11",
    "section_id": null,
    "section_role": null,
    "source": "gov.tw:7320",
    "speed_limit": 60,
    "type": "fixed"
   },
   "type": "Feature"
  },
  {
   "geometry": {
    "coordinates": [
     120.25452,
     23.737625
    ],
    "type": "Point"
   },
   "properties": {
    "bearing": 180.0,
    "city": "雲林縣",
    "description": "麥寮鄉台61線西濱快速公路223k處(麥寮段)",
    "id": "fba1cac3e66e",
    "last_seen": "2026-08-11",
    "section_id": null,
    "section_role": null,
    "source": "gov.tw:7320",
    "speed_limit": 90,
    "type": "fixed"
   },
   "type": "Feature"
  },
  {
   "geometry": {
    "coordinates": [
     121.8595,
     24.590792
    ],
    "type": "Point"
   },
   "properties": {
    "bearing": null,
    "city": "宜蘭縣",
    "description": "台2戊線12k+215m移山路北上",
    "id": "fbb4cea23bad",
    "last_seen": "2026-08-11",
    "section_id": null,
    "section_role": null,
    "source": "gov.tw:7320",
    "speed_limit": 60,
    "type": "fixed"
   },
   "type": "Feature"
  },
  {
   "geometry": {
    "coordinates": [
     121.03979,
     24.88783
    ],
    "type": "Point"
   },
   "properties": {
    "bearing": null,
    "city": "新竹縣",
    "description": "中山路一段與忠義路口",
    "id": "fbc3763f61ae",
    "last_seen": "2026-08-11",
    "section_id": null,
    "section_role": null,
    "source": "gov.tw:7320",
    "speed_limit": 50,
    "type": "fixed"
   },
   "type": "Feature"
  },
  {
   "geometry": {
    "coordinates": [
     120.468925,
     24.055868
    ],
    "type": "Point"
   },
   "properties": {
    "bearing": 90.0,
    "city": "彰化縣",
    "description": "鹿港鎮鹿東路2段與石碑巷口",
    "id": "fbc6c1b80807",
    "last_seen": "2026-08-11",
    "section_id": null,
    "section_role": null,
    "source": "gov.tw:7320",
    "speed_limit": 50,
    "type": "fixed"
   },
   "type": "Feature"
  },
  {
   "geometry": {
    "coordinates": [
     121.08199,
     24.88637
    ],
    "type": "Point"
   },
   "properties": {
    "bearing": null,
    "city": "新竹縣",
    "description": "八德路二段579號前",
    "id": "fc1fb229cc45",
    "last_seen": "2026-08-11",
    "section_id": null,
    "section_role": null,
    "source": "gov.tw:7320",
    "speed_limit": 60,
    "type": "fixed"
   },
   "type": "Feature"
  },
  {
   "geometry": {
    "coordinates": [
     120.92734,
     24.827642
    ],
    "type": "Point"
   },
   "properties": {
    "bearing": 180.0,
    "city": "新竹市",
    "description": "西濱路、延平路三段口",
    "id": "fc534c8714c6",
    "last_seen": "2026-08-11",
    "section_id": null,
    "section_role": null,
    "source": "gov.tw:7320",
    "speed_limit": 60,
    "type": "fixed"
   },
   "type": "Feature"
  },
  {
   "geometry": {
    "coordinates": [
     120.72477,
     24.25743
    ],
    "type": "Point"
   },
   "properties": {
    "bearing": 270.0,
    "city": "臺中市",
    "description": "豐原區圓環北路一段與豐洲路口",
    "id": "fc54814974fb",
    "last_seen": "2026-08-11",
    "section_id": null,
    "section_role": null,
    "source": "gov.tw:7320",
    "speed_limit": 50,
    "type": "fixed"
   },
   "type": "Feature"
  },
  {
   "geometry": {
    "coordinates": [
     121.18603,
     24.78851
    ],
    "type": "Point"
   },
   "properties": {
    "bearing": null,
    "city": "新竹縣",
    "description": "中豐公路與中山東路口",
    "id": "fcbee5bea50e",
    "last_seen": "2026-08-11",
    "section_id": null,
    "section_role": null,
    "source": "gov.tw:7320",
    "speed_limit": 60,
    "type": "fixed"
   },
   "type": "Feature"
  },
  {
   "geometry": {
    "coordinates": [
     118.35565,
     24.436016
    ],
    "type": "Point"
   },
   "properties": {
    "bearing": null,
    "city": "金門縣",
    "description": "金寧鄉桃園路(雙乳山路段)",
    "id": "fd1904b5f382",
    "last_seen": "2026-08-11",
    "section_id": null,
    "section_role": null,
    "source": "gov.tw:7320",
    "speed_limit": 60,
    "type": "fixed"
   },
   "type": "Feature"
  },
  {
   "geometry": {
    "coordinates": [
     120.47051,
     24.019592
    ],
    "type": "Point"
   },
   "properties": {
    "bearing": null,
    "city": "彰化縣",
    "description": "福興鄉番花路1段885號前(縣道)",
    "id": "fd24c63a4651",
    "last_seen": "2026-08-11",
    "section_id": null,
    "section_role": null,
    "source": "gov.tw:7320",
    "speed_limit": 60,
    "type": "fixed"
   },
   "type": "Feature"
  },
  {
   "geometry": {
    "coordinates": [
     120.362404,
     22.51092
    ],
    "type": "Point"
   },
   "properties": {
    "bearing": 180.0,
    "city": "高雄市",
    "description": "沿海三路與鳳鳴路",
    "id": "fd7acb215a2e",
    "last_seen": "2026-08-11",
    "section_id": null,
    "section_role": null,
    "source": "gov.tw:7320",
    "speed_limit": 50,
    "type": "fixed"
   },
   "type": "Feature"
  },
  {
   "geometry": {
    "coordinates": [
     119.62023,
     23.54887
    ],
    "type": "Point"
   },
   "properties": {
    "bearing": 45.0,
    "city": "澎湖縣",
    "description": "縣道204線烏崁段4.6K",
    "id": "fd8ec0afaf32",
    "last_seen": "2026-08-11",
    "section_id": null,
    "section_role": null,
    "source": "gov.tw:7320",
    "speed_limit": 50,
    "type": "fixed"
   },
   "type": "Feature"
  },
  {
   "geometry": {
    "coordinates": [
     120.37534,
     23.388468
    ],
    "type": "Point"
   },
   "properties": {
    "bearing": 0.0,
    "city": "臺南市",
    "description": "臺1線279.9公里與南91線路口",
    "id": "fd91e26d9f12",
    "last_seen": "2026-08-11",
    "section_id": null,
    "section_role": null,
    "source": "gov.tw:7320",
    "speed_limit": 70,
    "type": "fixed"
   },
   "type": "Feature"
  },
  {
   "geometry": {
    "coordinates": [
     121.71967,
     25.12792
    ],
    "type": "Point"
   },
   "properties": {
    "bearing": 270.0,
    "city": "基隆市",
    "description": "麥金路、樂利三街口",
    "id": "fd9244633820",
    "last_seen": "2026-08-11",
    "section_id": null,
    "section_role": null,
    "source": "gov.tw:7320",
    "speed_limit": 50,
    "type": "fixed"
   },
   "type": "Feature"
  },
  {
   "geometry": {
    "coordinates": [
     121.49928,
     25.056679
    ],
    "type": "Point"
   },
   "properties": {
    "bearing": 225.0,
    "city": "新北市",
    "description": "環河南路與正義南路口（南向）",
    "id": "fdbcec1650bb",
    "last_seen": "2026-08-11",
    "section_id": null,
    "section_role": null,
    "source": "gov.tw:7320",
    "speed_limit": 50,
    "type": "fixed"
   },
   "type": "Feature"
  },
  {
   "geometry": {
    "coordinates": [
     121.614105,
     25.057318
    ],
    "type": "Point"
   },
   "properties": {
    "bearing": 180.0,
    "city": "臺北市",
    "description": "三重路19-5號前",
    "id": "fddaa2976795",
    "last_seen": "2026-08-11",
    "section_id": null,
    "section_role": null,
    "source": "gov.tw:7320",
    "speed_limit": 50,
    "type": "fixed"
   },
   "type": "Feature"
  },
  {
   "geometry": {
    "coordinates": [
     121.804016,
     25.117487
    ],
    "type": "Point"
   },
   "properties": {
    "bearing": 45.0,
    "city": "新北市",
    "description": "台62線快速公路16.95公里處（往瑞芳方向）",
    "id": "fde77b12152e",
    "last_seen": "2026-08-11",
    "section_id": null,
    "section_role": null,
    "source": "gov.tw:7320",
    "speed_limit": 80,
    "type": "fixed"
   },
   "type": "Feature"
  },
  {
   "geometry": {
    "coordinates": [
     121.733025,
     25.12841
    ],
    "type": "Point"
   },
   "properties": {
    "bearing": 0.0,
    "city": "基隆市",
    "description": "安樂路一段、崇德街口",
    "id": "fe1baf3abaee",
    "last_seen": "2026-08-11",
    "section_id": null,
    "section_role": null,
    "source": "gov.tw:7320",
    "speed_limit": 50,
    "type": "fixed"
   },
   "type": "Feature"
  },
  {
   "geometry": {
    "coordinates": [
     120.545456,
     22.476171
    ],
    "type": "Point"
   },
   "properties": {
    "bearing": null,
    "city": "屏東縣",
    "description": "台1線425.1K（台1線與中興路口）",
    "id": "fe40788c52e2",
    "last_seen": "2026-08-11",
    "section_id": null,
    "section_role": null,
    "source": "gov.tw:7320",
    "speed_limit": 70,
    "type": "fixed"
   },
   "type": "Feature"
  },
  {
   "geometry": {
    "coordinates": [
     121.306335,
     24.997004
    ],
    "type": "Point"
   },
   "properties": {
    "bearing": null,
    "city": "桃園市",
    "description": "三民路三段與永安路口",
    "id": "fe45ccdc895b",
    "last_seen": "2026-08-11",
    "section_id": null,
    "section_role": null,
    "source": "gov.tw:7320",
    "speed_limit": 50,
    "type": "fixed"
   },
   "type": "Feature"
  },
  {
   "geometry": {
    "coordinates": [
     121.36128,
     24.95702
    ],
    "type": "Point"
   },
   "properties": {
    "bearing": 90.0,
    "city": "新北市",
    "description": "中正一路426號前（往樹林）",
    "id": "fe79f1c24e28",
    "last_seen": "2026-08-11",
    "section_id": null,
    "section_role": null,
    "source": "gov.tw:7320",
    "speed_limit": 50,
    "type": "fixed"
   },
   "type": "Feature"
  },
  {
   "geometry": {
    "coordinates": [
     121.698616,
     25.01726
    ],
    "type": "Point"
   },
   "properties": {
    "bearing": 180.0,
    "city": "新北市",
    "description": "106線靜安路1段356號前（往深坑或平溪）",
    "id": "fe87f8eadac6",
    "last_seen": "2026-08-11",
    "section_id": null,
    "section_role": null,
    "source": "gov.tw:7320",
    "speed_limit": 40,
    "type": "fixed"
   },
   "type": "Feature"
  },
  {
   "geometry": {
    "coordinates": [
     120.49234,
     23.68357
    ],
    "type": "Point"
   },
   "properties": {
    "bearing": 90.0,
    "city": "雲林縣",
    "description": "斗南鎮台1丁線12k+800m(新光陸橋-斗南往斗六)",
    "id": "ff322f1e5888",
    "last_seen": "2026-08-11",
    "section_id": null,
    "section_role": null,
    "source": "gov.tw:7320",
    "speed_limit": 60,
    "type": "fixed"
   },
   "type": "Feature"
  },
  {
   "geometry": {
    "coordinates": [
     120.66449,
     24.128283
    ],
    "type": "Point"
   },
   "properties": {
    "bearing": null,
    "city": "臺中市",
    "description": "西區建國北路二段101號前",
    "id": "ff87f4bf7c73",
    "last_seen": "2026-08-11",
    "section_id": null,
    "section_role": null,
    "source": "gov.tw:7320",
    "speed_limit": 50,
    "type": "fixed"
   },
   "type": "Feature"
  },
  {
   "geometry": {
    "coordinates": [
     120.59272,
     24.063442
    ],
    "type": "Point"
   },
   "properties": {
    "bearing": 180.0,
    "city": "彰化縣",
    "description": "彰化市台74甲線3.4公里(慢車道速限40公里/小時)",
    "id": "ffddca46e0ec",
    "last_seen": "2026-08-11",
    "section_id": null,
    "section_role": null,
    "source": "gov.tw:7320",
    "speed_limit": 70,
    "type": "fixed"
   },
   "type": "Feature"
  },
  {
   "geometry": {
    "coordinates": [
     120.572921,
     24.190662
    ],
    "type": "Point"
   },
   "properties": {
    "bearing": 339.0,
    "city": "臺中市",
    "description": "向上路六段 龍井中興路口→沙鹿自立路口",
    "id": "sec-xiangshang6-nb-entry",
    "last_seen": "2026-08-11",
    "section_id": "xiangshang6-nb",
    "section_role": "start",
    "source": "curated:sections.yaml",
    "speed_limit": 50,
    "type": "section"
   },
   "type": "Feature"
  },
  {
   "geometry": {
    "coordinates": [
     120.567321,
     24.203732
    ],
    "type": "Point"
   },
   "properties": {
    "bearing": 339.0,
    "city": "臺中市",
    "description": "向上路六段 龍井中興路口→沙鹿自立路口",
    "id": "sec-xiangshang6-nb-exit",
    "last_seen": "2026-08-11",
    "section_id": "xiangshang6-nb",
    "section_role": "end",
    "source": "curated:sections.yaml",
    "speed_limit": 50,
    "type": "section"
   },
   "type": "Feature"
  }
 ],
 "type": "FeatureCollection"
}
